audit_index,code,mode,source_id,audit_recommended_url,resolved_url,render_strategy,object_fit,object_position,crop_spec,approval_status
1,125UMD01010,PACKAGE_RIGHT,dvd:right,/card-thumbnails/125UMD01010-auto-right.jpg,/card-thumbnails/125UMD01010-auto-right.jpg,AUDIT_OUTPUT,cover,right,null,UNREVIEWED
2,125UMD01011,PACKAGE_RIGHT,dvd:right,/card-thumbnails/125UMD01011-auto-right.jpg,/card-thumbnails/125UMD01011-auto-right.jpg,AUDIT_OUTPUT,cover,right,null,UNREVIEWED
3,125UMD01012,PACKAGE_RIGHT,dvd:right,/card-thumbnails/125UMD01012-auto-right.jpg,/card-thumbnails/125UMD01012-auto-right.jpg,AUDIT_OUTPUT,cover,right,null,UNREVIEWED
4,125UMD01013,PACKAGE_CENTER,dvd:center,/card-thumbnails/125UMD01013-auto-center.jpg,https://pics.dmm.co.jp/digital/video/125umd01013/125umd01013pl.jpg,CSS_PACKAGE_POSITION,cover,center,null,UNREVIEWED
5,13DSVR01975,PACKAGE_RIGHT,dvd:right,/card-thumbnails/13DSVR01975-auto-right.jpg,https://pics.dmm.co.jp/digital/video/13dsvr01975/13dsvr01975pl.jpg,CSS_PACKAGE_POSITION,cover,right,null,UNREVIEWED
6,13DSVR01992,SAMPLE,sample:1,https://pics.dmm.co.jp/digital/video/13dsvr01992/13dsvr01992jp-1.jpg,https://pics.dmm.co.jp/digital/video/13dsvr01992/13dsvr01992jp-1.jpg,AUDIT_OUTPUT,cover,center,null,UNREVIEWED
7,13DSVR01998,SAMPLE,sample:1,https://pics.dmm.co.jp/digital/video/13dsvr01998/13dsvr01998jp-1.jpg,https://pics.dmm.co.jp/digital/video/13dsvr01998/13dsvr01998jp-1.jpg,AUDIT_OUTPUT,cover,center,null,UNREVIEWED
8,13DSVR01999,SAMPLE,sample:1,https://pics.dmm.co.jp/digital/video/13dsvr01999/13dsvr01999jp-1.jpg,https://pics.dmm.co.jp/digital/video/13dsvr01999/13dsvr01999jp-1.jpg,AUDIT_OUTPUT,cover,center,null,UNREVIEWED
9,13DSVR02003,SAMPLE,sample:1,https://pics.dmm.co.jp/digital/video/13dsvr02003/13dsvr02003jp-1.jpg,https://pics.dmm.co.jp/digital/video/13dsvr02003/13dsvr02003jp-1.jpg,AUDIT_OUTPUT,cover,center,null,UNREVIEWED
10,15SEND00024AI,PACKAGE_RIGHT,dvd:right,/card-thumbnails/15SEND00024AI-auto-right.jpg,/card-thumbnails/15SEND00024AI-auto-right.jpg,AUDIT_OUTPUT,cover,right,null,UNREVIEWED
11,172EC00037AI,PACKAGE_RIGHT,dvd:right,/card-thumbnails/172EC00037AI-auto-right.jpg,/card-thumbnails/172EC00037AI-auto-right.jpg,AUDIT_OUTPUT,cover,right,null,UNREVIEWED
12,172RECA00036AI,PACKAGE_RIGHT,dvd:right,/card-thumbnails/172RECA00036AI-auto-right.jpg,/card-thumbnails/172RECA00036AI-auto-right.jpg,AUDIT_OUTPUT,cover,right,null,UNREVIEWED
13,172RECA00042AI,PACKAGE_FULL,dvd:full,https://pics.dmm.co.jp/digital/video/172reca00042ai/172reca00042aipl.jpg,https://pics.dmm.co.jp/digital/video/172reca00042ai/172reca00042aipl.jpg,AUDIT_OUTPUT,contain,center,null,UNREVIEWED
14,180ARTV00079,PACKAGE_RIGHT,dvd:right,/card-thumbnails/180ARTV00079-auto-right.jpg,/card-thumbnails/180ARTV00079-auto-right.jpg,AUDIT_OUTPUT,cover,right,null,UNREVIEWED
15,1ANG00016,PACKAGE_RIGHT,dvd:right,/card-thumbnails/1ANG00016-auto-right.jpg,/card-thumbnails/1ANG00016-auto-right.jpg,AUDIT_OUTPUT,cover,right,null,UNREVIEWED
16,1CPZ69H00013,PACKAGE_RIGHT,dvd:right,/card-thumbnails/1CPZ69H00013-auto-right.jpg,/card-thumbnails/1CPZ69H00013-auto-right.jpg,AUDIT_OUTPUT,cover,right,null,UNREVIEWED
17,1DLDSS00503,PACKAGE_RIGHT,dvd:right,/card-thumbnails/1DLDSS00503-auto-right.jpg,/card-thumbnails/1DLDSS00503-auto-right.jpg,AUDIT_OUTPUT,cover,right,null,UNREVIEWED
18,1DLDSS00504,PACKAGE_FULL,dvd:full,https://pics.dmm.co.jp/digital/video/1dldss00504/1dldss00504pl.jpg,https://pics.dmm.co.jp/digital/video/1dldss00504/1dldss00504pl.jpg,AUDIT_OUTPUT,contain,center,null,UNREVIEWED
19,1DLDSS00505,PACKAGE_CENTER,dvd:center,/card-thumbnails/1DLDSS00505-auto-center.jpg,https://pics.dmm.co.jp/digital/video/1dldss00505/1dldss00505pl.jpg,CSS_PACKAGE_POSITION,cover,center,null,UNREVIEWED
20,1DLDSS00506,PACKAGE_RIGHT,dvd:right,/card-thumbnails/1DLDSS00506-auto-right.jpg,/card-thumbnails/1DLDSS00506-auto-right.jpg,AUDIT_OUTPUT,cover,right,null,UNREVIEWED
21,1DLDSS00517,PACKAGE_RIGHT,dvd:right,/card-thumbnails/1DLDSS00517-auto-right.jpg,/card-thumbnails/1DLDSS00517-auto-right.jpg,AUDIT_OUTPUT,cover,right,null,UNREVIEWED
22,1DLDSS00518,PACKAGE_RIGHT,dvd:right,/card-thumbnails/1DLDSS00518-auto-right.jpg,/card-thumbnails/1DLDSS00518-auto-right.jpg,AUDIT_OUTPUT,cover,right,null,UNREVIEWED
23,1DLDSS00519,PACKAGE_FULL,dvd:full,https://pics.dmm.co.jp/digital/video/1dldss00519/1dldss00519pl.jpg,https://pics.dmm.co.jp/digital/video/1dldss00519/1dldss00519pl.jpg,AUDIT_OUTPUT,contain,center,null,UNREVIEWED
24,1DLDSS00520,PACKAGE_RIGHT,dvd:right,/card-thumbnails/1DLDSS00520-auto-right.jpg,/card-thumbnails/1DLDSS00520-auto-right.jpg,AUDIT_OUTPUT,cover,right,null,UNREVIEWED
25,1DLDSS00522,PACKAGE_FULL,dvd:full,https://pics.dmm.co.jp/digital/video/1dldss00522/1dldss00522pl.jpg,https://pics.dmm.co.jp/digital/video/1dldss00522/1dldss00522pl.jpg,AUDIT_OUTPUT,contain,center,null,UNREVIEWED
26,1DRPT00114,SAMPLE,sample:1,https://pics.dmm.co.jp/digital/video/1drpt00114/1drpt00114jp-1.jpg,https://pics.dmm.co.jp/digital/video/1drpt00114/1drpt00114jp-1.jpg,AUDIT_OUTPUT,cover,center,null,UNREVIEWED
27,1DRPT00118,SAMPLE,sample:1,https://pics.dmm.co.jp/digital/video/1drpt00118/1drpt00118jp-1.jpg,https://pics.dmm.co.jp/digital/video/1drpt00118/1drpt00118jp-1.jpg,AUDIT_OUTPUT,cover,center,null,UNREVIEWED
28,1FAVR00001,PACKAGE_RIGHT,dvd:right,/card-thumbnails/1FAVR00001-auto-right.jpg,/card-thumbnails/1FAVR00001-auto-right.jpg,AUDIT_OUTPUT,cover,right,null,UNREVIEWED
29,1FAVR00002,PACKAGE_CENTER,dvd:center,/card-thumbnails/1FAVR00002-auto-center.jpg,https://pics.dmm.co.jp/digital/video/1favr00002/1favr00002pl.jpg,CSS_PACKAGE_POSITION,cover,center,null,UNREVIEWED
30,1FAVR00003,PACKAGE_RIGHT,dvd:right,/card-thumbnails/1FAVR00003-auto-right.jpg,/card-thumbnails/1FAVR00003-auto-right.jpg,AUDIT_OUTPUT,cover,right,null,UNREVIEWED
32,1FNS00215,PACKAGE_CENTER,dvd:center,/card-thumbnails/1FNS00215-auto-center.jpg,https://pics.dmm.co.jp/digital/video/1fns00215/1fns00215pl.jpg,CSS_PACKAGE_POSITION,cover,center,null,UNREVIEWED
33,1FNS00216,PACKAGE_CENTER,dvd:center,/card-thumbnails/1FNS00216-auto-center.jpg,https://pics.dmm.co.jp/digital/video/1fns00216/1fns00216pl.jpg,CSS_PACKAGE_POSITION,cover,center,null,UNREVIEWED
35,1FNS00220,PACKAGE_RIGHT,dvd:right,/card-thumbnails/1FNS00220-auto-right.jpg,/card-thumbnails/1FNS00220-auto-right.jpg,AUDIT_OUTPUT,cover,right,null,UNREVIEWED
36,1FNS00221,PACKAGE_RIGHT,dvd:right,/card-thumbnails/1FNS00221-auto-right.jpg,/card-thumbnails/1FNS00221-auto-right.jpg,AUDIT_OUTPUT,cover,right,null,UNREVIEWED
37,1FNS00222,PACKAGE_RIGHT,dvd:right,/card-thumbnails/1FNS00222-auto-right.jpg,/card-thumbnails/1FNS00222-auto-right.jpg,AUDIT_OUTPUT,cover,right,null,UNREVIEWED
38,1FNS00223,PACKAGE_RIGHT,dvd:right,/card-thumbnails/1FNS00223-auto-right.jpg,/card-thumbnails/1FNS00223-auto-right.jpg,AUDIT_OUTPUT,cover,right,null,UNREVIEWED
39,1FNS00224,PACKAGE_RIGHT,dvd:right,/card-thumbnails/1FNS00224-auto-right.jpg,/card-thumbnails/1FNS00224-auto-right.jpg,AUDIT_OUTPUT,cover,right,null,UNREVIEWED
40,1FNS00225,PACKAGE_CENTER,dvd:center,/card-thumbnails/1FNS00225-auto-center.jpg,https://pics.dmm.co.jp/digital/video/1fns00225/1fns00225pl.jpg,CSS_PACKAGE_POSITION,cover,center,null,UNREVIEWED
41,1FNS00229,PACKAGE_RIGHT,dvd:right,/card-thumbnails/1FNS00229-auto-right.jpg,/card-thumbnails/1FNS00229-auto-right.jpg,AUDIT_OUTPUT,cover,right,null,UNREVIEWED
42,1FTHTD00188,PACKAGE_RIGHT,dvd:right,/card-thumbnails/1FTHTD00188-auto-right.jpg,/card-thumbnails/1FTHTD00188-auto-right.jpg,AUDIT_OUTPUT,cover,right,null,UNREVIEWED
43,1FTHTD00200,SAMPLE,sample:1,https://pics.dmm.co.jp/digital/video/1fthtd00200/1fthtd00200jp-1.jpg,https://pics.dmm.co.jp/digital/video/1fthtd00200/1fthtd00200jp-1.jpg,AUDIT_OUTPUT,cover,center,null,UNREVIEWED
44,1FTHTD00212,PACKAGE_RIGHT,dvd:right,/card-thumbnails/1FTHTD00212-auto-right.jpg,/card-thumbnails/1FTHTD00212-auto-right.jpg,AUDIT_OUTPUT,cover,right,null,UNREVIEWED
45,1FTHTD00218,PACKAGE_RIGHT,dvd:right,/card-thumbnails/1FTHTD00218-auto-right.jpg,/card-thumbnails/1FTHTD00218-auto-right.jpg,AUDIT_OUTPUT,cover,right,null,UNREVIEWED
46,1FTKD00036,PACKAGE_RIGHT,dvd:right,/card-thumbnails/1FTKD00036-auto-right.jpg,/card-thumbnails/1FTKD00036-auto-right.jpg,AUDIT_OUTPUT,cover,right,null,UNREVIEWED
47,1HBAD00736,PACKAGE_CENTER,dvd:center,/card-thumbnails/1HBAD00736-auto-center.jpg,https://pics.dmm.co.jp/digital/video/1hbad00736/1hbad00736pl.jpg,CSS_PACKAGE_POSITION,cover,center,null,UNREVIEWED
48,1HBAD00737,PACKAGE_RIGHT,dvd:right,/card-thumbnails/1HBAD00737-auto-right.jpg,/card-thumbnails/1HBAD00737-auto-right.jpg,AUDIT_OUTPUT,cover,right,null,UNREVIEWED
49,1HNAMH00025,SAMPLE,sample:1,https://pics.dmm.co.jp/digital/video/1hnamh00025/1hnamh00025jp-1.jpg,https://pics.dmm.co.jp/digital/video/1hnamh00025/1hnamh00025jp-1.jpg,AUDIT_OUTPUT,cover,center,null,UNREVIEWED
50,1IENF00451,PACKAGE_RIGHT,dvd:right,/card-thumbnails/1IENF00451-auto-right.jpg,/card-thumbnails/1IENF00451-auto-right.jpg,AUDIT_OUTPUT,cover,right,null,UNREVIEWED
51,1IENF00452,PACKAGE_RIGHT,dvd:right,/card-thumbnails/1IENF00452-auto-right.jpg,/card-thumbnails/1IENF00452-auto-right.jpg,AUDIT_OUTPUT,cover,right,null,UNREVIEWED
52,1IESP00761,PACKAGE_FULL,dvd:full,https://pics.dmm.co.jp/digital/video/1iesp00761/1iesp00761pl.jpg,https://pics.dmm.co.jp/digital/video/1iesp00761/1iesp00761pl.jpg,AUDIT_OUTPUT,contain,center,null,UNREVIEWED
53,1JERA00036,PACKAGE_RIGHT,dvd:right,/card-thumbnails/1JERA00036-auto-right.jpg,/card-thumbnails/1JERA00036-auto-right.jpg,AUDIT_OUTPUT,cover,right,null,UNREVIEWED
54,1JERA00040,PACKAGE_RIGHT,dvd:right,/card-thumbnails/1JERA00040-auto-right.jpg,/card-thumbnails/1JERA00040-auto-right.jpg,AUDIT_OUTPUT,cover,right,null,UNREVIEWED
55,1JERA00042,PACKAGE_RIGHT,dvd:right,/card-thumbnails/1JERA00042-auto-right.jpg,/card-thumbnails/1JERA00042-auto-right.jpg,AUDIT_OUTPUT,cover,right,null,UNREVIEWED
58,1MGOLD00049,PACKAGE_RIGHT,dvd:right,/card-thumbnails/1MGOLD00049-auto-right.jpg,/card-thumbnails/1MGOLD00049-auto-right.jpg,AUDIT_OUTPUT,cover,right,null,UNREVIEWED
59,1MGOLD00062,PACKAGE_CENTER,dvd:center,/card-thumbnails/1MGOLD00062-auto-center.jpg,https://pics.dmm.co.jp/digital/video/1mgold00062/1mgold00062pl.jpg,CSS_PACKAGE_POSITION,cover,center,null,UNREVIEWED
61,1MIST00523,PACKAGE_RIGHT,dvd:right,/card-thumbnails/1MIST00523-auto-right.jpg,/card-thumbnails/1MIST00523-auto-right.jpg,AUDIT_OUTPUT,cover,right,null,UNREVIEWED
62,1MIST00525,PACKAGE_FULL,dvd:full,https://pics.dmm.co.jp/digital/video/1mist00525/1mist00525pl.jpg,https://pics.dmm.co.jp/digital/video/1mist00525/1mist00525pl.jpg,AUDIT_OUTPUT,contain,center,null,UNREVIEWED
63,1NAMH00069,SAMPLE,sample:1,https://pics.dmm.co.jp/digital/video/1namh00069/1namh00069jp-1.jpg,https://pics.dmm.co.jp/digital/video/1namh00069/1namh00069jp-1.jpg,AUDIT_OUTPUT,cover,center,null,UNREVIEWED
64,1NHVR00226,SAMPLE,sample:1,https://pics.dmm.co.jp/digital/video/1nhvr00226/1nhvr00226jp-1.jpg,https://pics.dmm.co.jp/digital/video/1nhvr00226/1nhvr00226jp-1.jpg,AUDIT_OUTPUT,cover,center,null,UNREVIEWED
65,1OKB00192,PACKAGE_CENTER,dvd:center,/card-thumbnails/1OKB00192-auto-center.jpg,https://pics.dmm.co.jp/digital/video/1okb00192/1okb00192pl.jpg,CSS_PACKAGE_POSITION,cover,center,null,UNREVIEWED
66,1OKK00118,PACKAGE_CENTER,dvd:center,/card-thumbnails/1OKK00118-auto-center.jpg,https://pics.dmm.co.jp/digital/video/1okk00118/1okk00118pl.jpg,CSS_PACKAGE_POSITION,cover,center,null,UNREVIEWED
67,1OKK00119,PACKAGE_RIGHT,dvd:right,/card-thumbnails/1OKK00119-auto-right.jpg,/card-thumbnails/1OKK00119-auto-right.jpg,AUDIT_OUTPUT,cover,right,null,UNREVIEWED
68,1OKK00120,PACKAGE_RIGHT,dvd:right,/card-thumbnails/1OKK00120-auto-right.jpg,/card-thumbnails/1OKK00120-auto-right.jpg,AUDIT_OUTPUT,cover,right,null,UNREVIEWED
69,1OKL00013,PACKAGE_RIGHT,dvd:right,/card-thumbnails/1OKL00013-auto-right.jpg,/card-thumbnails/1OKL00013-auto-right.jpg,AUDIT_OUTPUT,cover,right,null,UNREVIEWED
70,1OKL00014,PACKAGE_RIGHT,dvd:right,/card-thumbnails/1OKL00014-auto-right.jpg,/card-thumbnails/1OKL00014-auto-right.jpg,AUDIT_OUTPUT,cover,right,null,UNREVIEWED
71,1OKS00195,PACKAGE_CENTER,dvd:center,/card-thumbnails/1OKS00195-auto-center.jpg,https://pics.dmm.co.jp/digital/video/1oks00195/1oks00195pl.jpg,CSS_PACKAGE_POSITION,cover,center,null,UNREVIEWED
72,1OKS00196,PACKAGE_RIGHT,dvd:right,/card-thumbnails/1OKS00196-auto-right.jpg,/card-thumbnails/1OKS00196-auto-right.jpg,AUDIT_OUTPUT,cover,right,null,UNREVIEWED
73,1OKS00197,PACKAGE_RIGHT,dvd:right,/card-thumbnails/1OKS00197-auto-right.jpg,/card-thumbnails/1OKS00197-auto-right.jpg,AUDIT_OUTPUT,cover,right,null,UNREVIEWED
74,1OZK00001,PACKAGE_RIGHT,dvd:right,/card-thumbnails/1OZK00001-auto-right.jpg,/card-thumbnails/1OZK00001-auto-right.jpg,AUDIT_OUTPUT,cover,right,null,UNREVIEWED
75,1OZK00002,PACKAGE_RIGHT,dvd:right,/card-thumbnails/1OZK00002-auto-right.jpg,/card-thumbnails/1OZK00002-auto-right.jpg,AUDIT_OUTPUT,cover,right,null,UNREVIEWED
76,1OZZ00001,PACKAGE_RIGHT,dvd:right,/card-thumbnails/1OZZ00001-auto-right.jpg,/card-thumbnails/1OZZ00001-auto-right.jpg,AUDIT_OUTPUT,cover,right,null,UNREVIEWED
77,1OZZ00002,PACKAGE_RIGHT,dvd:right,/card-thumbnails/1OZZ00002-auto-right.jpg,/card-thumbnails/1OZZ00002-auto-right.jpg,AUDIT_OUTPUT,cover,right,null,UNREVIEWED
78,1OZZ00003,PACKAGE_RIGHT,dvd:right,/card-thumbnails/1OZZ00003-auto-right.jpg,/card-thumbnails/1OZZ00003-auto-right.jpg,AUDIT_OUTPUT,cover,right,null,UNREVIEWED
79,1RCTD00746,PACKAGE_RIGHT,dvd:right,/card-thumbnails/1RCTD00746-auto-right.jpg,/card-thumbnails/1RCTD00746-auto-right.jpg,AUDIT_OUTPUT,cover,right,null,UNREVIEWED
80,1RCTD00747,PACKAGE_RIGHT,dvd:right,/card-thumbnails/1RCTD00747-auto-right.jpg,/card-thumbnails/1RCTD00747-auto-right.jpg,AUDIT_OUTPUT,cover,right,null,UNREVIEWED
81,1RCTD00748,PACKAGE_RIGHT,dvd:right,/card-thumbnails/1RCTD00748-auto-right.jpg,/card-thumbnails/1RCTD00748-auto-right.jpg,AUDIT_OUTPUT,cover,right,null,UNREVIEWED
82,1RCTD00749,PACKAGE_RIGHT,dvd:right,/card-thumbnails/1RCTD00749-auto-right.jpg,/card-thumbnails/1RCTD00749-auto-right.jpg,AUDIT_OUTPUT,cover,right,null,UNREVIEWED
83,1RCTD00750,PACKAGE_RIGHT,dvd:right,/card-thumbnails/1RCTD00750-auto-right.jpg,/card-thumbnails/1RCTD00750-auto-right.jpg,AUDIT_OUTPUT,cover,right,null,UNREVIEWED
84,1RCTD00751,PACKAGE_RIGHT,dvd:right,/card-thumbnails/1RCTD00751-auto-right.jpg,/card-thumbnails/1RCTD00751-auto-right.jpg,AUDIT_OUTPUT,cover,right,null,UNREVIEWED
85,1SBGVR00011,PACKAGE_CENTER,dvd:center,/card-thumbnails/1SBGVR00011-auto-center.jpg,https://pics.dmm.co.jp/digital/video/1sbgvr00011/1sbgvr00011pl.jpg,CSS_PACKAGE_POSITION,cover,center,null,UNREVIEWED
91,1SDAB00352,SAMPLE,sample:7,https://pics.dmm.co.jp/digital/video/1sdab00352/1sdab00352jp-7.jpg,https://pics.dmm.co.jp/digital/video/1sdab00352/1sdab00352jp-7.jpg,AUDIT_OUTPUT,cover,center,null,UNREVIEWED
92,1SDJS00378,SAMPLE,sample:1,https://pics.dmm.co.jp/digital/video/1sdjs00378/1sdjs00378jp-1.jpg,https://pics.dmm.co.jp/digital/video/1sdjs00378/1sdjs00378jp-1.jpg,AUDIT_OUTPUT,cover,center,null,UNREVIEWED
93,1SDJS00378V,SAMPLE,sample:1,https://pics.dmm.co.jp/digital/video/1sdjs00378v/1sdjs00378vjp-1.jpg,https://pics.dmm.co.jp/digital/video/1sdjs00378v/1sdjs00378vjp-1.jpg,AUDIT_OUTPUT,cover,center,null,UNREVIEWED
95,1SEVEN00036,SAMPLE,sample:1,https://pics.dmm.co.jp/digital/video/1seven00036/1seven00036jp-1.jpg,https://pics.dmm.co.jp/digital/video/1seven00036/1seven00036jp-1.jpg,AUDIT_OUTPUT,cover,center,null,UNREVIEWED
96,1SGKI00093B,SAMPLE,sample:1,https://pics.dmm.co.jp/digital/video/1sgki00093b/1sgki00093bjp-1.jpg,https://pics.dmm.co.jp/digital/video/1sgki00093b/1sgki00093bjp-1.jpg,AUDIT_OUTPUT,cover,center,null,UNREVIEWED
97,1SILK00199,PACKAGE_CENTER,dvd:center,/card-thumbnails/1SILK00199-auto-center.jpg,https://pics.dmm.co.jp/digital/video/1silk00199/1silk00199pl.jpg,CSS_PACKAGE_POSITION,cover,center,null,UNREVIEWED
98,1SILK02031,PACKAGE_FULL,dvd:full,https://pics.dmm.co.jp/digital/video/1silk02031/1silk02031pl.jpg,https://pics.dmm.co.jp/digital/video/1silk02031/1silk02031pl.jpg,AUDIT_OUTPUT,contain,center,null,UNREVIEWED
99,1SNSDE00060,PACKAGE_CENTER,dvd:center,/card-thumbnails/1SNSDE00060-auto-center.jpg,https://pics.dmm.co.jp/digital/video/1snsde00060/1snsde00060pl.jpg,CSS_PACKAGE_POSITION,cover,center,null,UNREVIEWED
100,1START00567,PACKAGE_RIGHT,dvd:right,/card-thumbnails/1START00567-auto-right.jpg,/card-thumbnails/1START00567-auto-right.jpg,AUDIT_OUTPUT,cover,right,null,UNREVIEWED
101,1START00570,SAMPLE,sample:1,https://pics.dmm.co.jp/digital/video/1start00570/1start00570jp-1.jpg,https://pics.dmm.co.jp/digital/video/1start00570/1start00570jp-1.jpg,AUDIT_OUTPUT,cover,center,null,UNREVIEWED
102,1START00591,SAMPLE,sample:1,https://pics.dmm.co.jp/digital/video/1start00591/1start00591jp-1.jpg,https://pics.dmm.co.jp/digital/video/1start00591/1start00591jp-1.jpg,AUDIT_OUTPUT,cover,center,null,UNREVIEWED
103,1START00594,PACKAGE_RIGHT,dvd:right,/card-thumbnails/1START00594-auto-right.jpg,/card-thumbnails/1START00594-auto-right.jpg,AUDIT_OUTPUT,cover,right,null,UNREVIEWED
104,1START00599,PACKAGE_RIGHT,dvd:right,/card-thumbnails/1START00599-auto-right.jpg,/card-thumbnails/1START00599-auto-right.jpg,AUDIT_OUTPUT,cover,right,null,UNREVIEWED
105,1START00605,SAMPLE,sample:1,https://pics.dmm.co.jp/digital/video/1start00605/1start00605jp-1.jpg,https://pics.dmm.co.jp/digital/video/1start00605/1start00605jp-1.jpg,AUDIT_OUTPUT,cover,center,null,UNREVIEWED
106,1START00606,PACKAGE_RIGHT,dvd:right,/card-thumbnails/1START00606-auto-right.jpg,/card-thumbnails/1START00606-auto-right.jpg,AUDIT_OUTPUT,cover,right,null,UNREVIEWED
107,1START00608,SAMPLE,sample:1,https://pics.dmm.co.jp/digital/video/1start00608/1start00608jp-1.jpg,https://pics.dmm.co.jp/digital/video/1start00608/1start00608jp-1.jpg,AUDIT_OUTPUT,cover,center,null,UNREVIEWED
109,1SUN00060A,PACKAGE_RIGHT,dvd:right,/card-thumbnails/1SUN00060A-auto-right.jpg,/card-thumbnails/1SUN00060A-auto-right.jpg,AUDIT_OUTPUT,cover,right,null,UNREVIEWED
110,1SUN00061A,PACKAGE_RIGHT,dvd:right,/card-thumbnails/1SUN00061A-auto-right.jpg,/card-thumbnails/1SUN00061A-auto-right.jpg,AUDIT_OUTPUT,cover,right,null,UNREVIEWED
111,1SUN00063A,PACKAGE_RIGHT,dvd:right,/card-thumbnails/1SUN00063A-auto-right.jpg,/card-thumbnails/1SUN00063A-auto-right.jpg,AUDIT_OUTPUT,cover,right,null,UNREVIEWED
112,1SUN00064A,PACKAGE_RIGHT,dvd:right,/card-thumbnails/1SUN00064A-auto-right.jpg,/card-thumbnails/1SUN00064A-auto-right.jpg,AUDIT_OUTPUT,cover,right,null,UNREVIEWED
113,1SVACE00005,PACKAGE_RIGHT,dvd:right,/card-thumbnails/1SVACE00005-auto-right.jpg,/card-thumbnails/1SVACE00005-auto-right.jpg,AUDIT_OUTPUT,cover,right,null,UNREVIEWED
114,1TLDC00056,SAMPLE,sample:1,https://pics.dmm.co.jp/digital/video/1tldc00056/1tldc00056jp-1.jpg,https://pics.dmm.co.jp/digital/video/1tldc00056/1tldc00056jp-1.jpg,AUDIT_OUTPUT,cover,center,null,UNREVIEWED
115,1VSPDS00197AI,PACKAGE_RIGHT,dvd:right,/card-thumbnails/1VSPDS00197AI-auto-right.jpg,/card-thumbnails/1VSPDS00197AI-auto-right.jpg,AUDIT_OUTPUT,cover,right,null,UNREVIEWED
116,1VSPDS00199AI,PACKAGE_RIGHT,dvd:right,/card-thumbnails/1VSPDS00199AI-auto-right.jpg,/card-thumbnails/1VSPDS00199AI-auto-right.jpg,AUDIT_OUTPUT,cover,right,null,UNREVIEWED
117,1VSPDS00208AI,PACKAGE_RIGHT,dvd:right,/card-thumbnails/1VSPDS00208AI-auto-right.jpg,/card-thumbnails/1VSPDS00208AI-auto-right.jpg,AUDIT_OUTPUT,cover,right,null,UNREVIEWED
118,1VSPDS00209AI,PACKAGE_CENTER,dvd:center,/card-thumbnails/1VSPDS00209AI-auto-center.jpg,https://pics.dmm.co.jp/digital/video/1vspds00209ai/1vspds00209aipl.jpg,CSS_PACKAGE_POSITION,cover,center,null,UNREVIEWED
119,1VSPDS00215AI,PACKAGE_RIGHT,dvd:right,/card-thumbnails/1VSPDS00215AI-auto-right.jpg,/card-thumbnails/1VSPDS00215AI-auto-right.jpg,AUDIT_OUTPUT,cover,right,null,UNREVIEWED
120,1VSPDS00216AI,PACKAGE_RIGHT,dvd:right,/card-thumbnails/1VSPDS00216AI-auto-right.jpg,/card-thumbnails/1VSPDS00216AI-auto-right.jpg,AUDIT_OUTPUT,cover,right,null,UNREVIEWED
123,36DMOW00228,PACKAGE_RIGHT,dvd:right,/card-thumbnails/36DMOW00228-auto-right.jpg,/card-thumbnails/36DMOW00228-auto-right.jpg,AUDIT_OUTPUT,cover,right,null,UNREVIEWED
124,36DOKS00682,PACKAGE_FULL,dvd:full,https://pics.dmm.co.jp/digital/video/36doks00682/36doks00682pl.jpg,https://pics.dmm.co.jp/digital/video/36doks00682/36doks00682pl.jpg,AUDIT_OUTPUT,contain,center,null,UNREVIEWED
125,36DOKS00683,PACKAGE_RIGHT,dvd:right,/card-thumbnails/36DOKS00683-auto-right.jpg,/card-thumbnails/36DOKS00683-auto-right.jpg,AUDIT_OUTPUT,cover,right,null,UNREVIEWED
126,36DOKS00684,PACKAGE_RIGHT,dvd:right,/card-thumbnails/36DOKS00684-auto-right.jpg,/card-thumbnails/36DOKS00684-auto-right.jpg,AUDIT_OUTPUT,cover,right,null,UNREVIEWED
127,433NEO00855,PACKAGE_RIGHT,dvd:right,/card-thumbnails/433NEO00855-auto-right.jpg,/card-thumbnails/433NEO00855-auto-right.jpg,AUDIT_OUTPUT,cover,right,null,UNREVIEWED
128,433NEO00950,PACKAGE_RIGHT,dvd:right,/card-thumbnails/433NEO00950-auto-right.jpg,/card-thumbnails/433NEO00950-auto-right.jpg,AUDIT_OUTPUT,cover,right,null,UNREVIEWED
129,433NEO00951,PACKAGE_RIGHT,dvd:right,/card-thumbnails/433NEO00951-auto-right.jpg,/card-thumbnails/433NEO00951-auto-right.jpg,AUDIT_OUTPUT,cover,right,null,UNREVIEWED
130,52JD00010,PACKAGE_FULL,dvd:full,https://pics.dmm.co.jp/digital/video/52jd00010/52jd00010pl.jpg,https://pics.dmm.co.jp/digital/video/52jd00010/52jd00010pl.jpg,AUDIT_OUTPUT,contain,center,null,UNREVIEWED
131,5534ID00019,PACKAGE_FULL,dvd:full,https://pics.dmm.co.jp/digital/video/5534id00019/5534id00019pl.jpg,https://pics.dmm.co.jp/digital/video/5534id00019/5534id00019pl.jpg,AUDIT_OUTPUT,contain,center,null,UNREVIEWED
132,5561HTMA00016,PACKAGE_FULL,dvd:full,https://pics.dmm.co.jp/digital/video/5561htma00016/5561htma00016pl.jpg,https://pics.dmm.co.jp/digital/video/5561htma00016/5561htma00016pl.jpg,AUDIT_OUTPUT,contain,center,null,UNREVIEWED
133,5561HTMA00017,PACKAGE_CENTER,dvd:center,/card-thumbnails/5561HTMA00017-auto-center.jpg,https://pics.dmm.co.jp/digital/video/5561htma00017/5561htma00017pl.jpg,CSS_PACKAGE_POSITION,cover,center,null,UNREVIEWED
134,5561HTMA00018,PACKAGE_RIGHT,dvd:right,/card-thumbnails/5561HTMA00018-auto-right.jpg,/card-thumbnails/5561HTMA00018-auto-right.jpg,AUDIT_OUTPUT,cover,right,null,UNREVIEWED
135,5561HTMA00019,PACKAGE_RIGHT,dvd:right,/card-thumbnails/5561HTMA00019-auto-right.jpg,/card-thumbnails/5561HTMA00019-auto-right.jpg,AUDIT_OUTPUT,cover,right,null,UNREVIEWED
136,5561SGKT00003,PACKAGE_CENTER,dvd:center,/card-thumbnails/5561SGKT00003-auto-center.jpg,https://pics.dmm.co.jp/digital/video/5561sgkt00003/5561sgkt00003pl.jpg,CSS_PACKAGE_POSITION,cover,center,null,UNREVIEWED
137,5561SOSY00002,PACKAGE_CENTER,dvd:center,/card-thumbnails/5561SOSY00002-auto-center.jpg,https://pics.dmm.co.jp/digital/video/5561sosy00002/5561sosy00002pl.jpg,CSS_PACKAGE_POSITION,cover,center,null,UNREVIEWED
138,5561SOSY00003,PACKAGE_FULL,dvd:full,https://pics.dmm.co.jp/digital/video/5561sosy00003/5561sosy00003pl.jpg,https://pics.dmm.co.jp/digital/video/5561sosy00003/5561sosy00003pl.jpg,AUDIT_OUTPUT,contain,center,null,UNREVIEWED
139,5561ZSMX00001,PACKAGE_FULL,dvd:full,https://pics.dmm.co.jp/digital/video/5561zsmx00001/5561zsmx00001pl.jpg,https://pics.dmm.co.jp/digital/video/5561zsmx00001/5561zsmx00001pl.jpg,AUDIT_OUTPUT,contain,center,null,UNREVIEWED
140,5561ZSMX00002,PACKAGE_RIGHT,dvd:right,/card-thumbnails/5561ZSMX00002-auto-right.jpg,/card-thumbnails/5561ZSMX00002-auto-right.jpg,AUDIT_OUTPUT,cover,right,null,UNREVIEWED
142,5561ZSMX00004,PACKAGE_CENTER,dvd:center,/card-thumbnails/5561ZSMX00004-auto-center.jpg,https://pics.dmm.co.jp/digital/video/5561zsmx00004/5561zsmx00004pl.jpg,CSS_PACKAGE_POSITION,cover,center,null,UNREVIEWED
143,55T3800066,PACKAGE_RIGHT,dvd:right,/card-thumbnails/55T3800066-auto-right.jpg,/card-thumbnails/55T3800066-auto-right.jpg,AUDIT_OUTPUT,cover,right,null,UNREVIEWED
144,55T3800067,PACKAGE_FULL,dvd:full,https://pics.dmm.co.jp/digital/video/55t3800067/55t3800067pl.jpg,https://pics.dmm.co.jp/digital/video/55t3800067/55t3800067pl.jpg,AUDIT_OUTPUT,contain,center,null,UNREVIEWED
145,55T3800067A,PACKAGE_FULL,dvd:full,https://pics.dmm.co.jp/digital/video/55t3800067a/55t3800067apl.jpg,https://pics.dmm.co.jp/digital/video/55t3800067a/55t3800067apl.jpg,AUDIT_OUTPUT,contain,center,null,UNREVIEWED
147,55T3800067C,PACKAGE_FULL,dvd:full,https://pics.dmm.co.jp/digital/video/55t3800067c/55t3800067cpl.jpg,https://pics.dmm.co.jp/digital/video/55t3800067c/55t3800067cpl.jpg,AUDIT_OUTPUT,contain,center,null,UNREVIEWED
148,55TMAVR00285,SAMPLE,sample:1,https://pics.dmm.co.jp/digital/video/55tmavr00285/55tmavr00285jp-1.jpg,https://pics.dmm.co.jp/digital/video/55tmavr00285/55tmavr00285jp-1.jpg,AUDIT_OUTPUT,cover,center,null,UNREVIEWED
149,5642HODV22089,PACKAGE_FULL,dvd:full,https://pics.dmm.co.jp/digital/video/5642hodv22089/5642hodv22089pl.jpg,https://pics.dmm.co.jp/digital/video/5642hodv22089/5642hodv22089pl.jpg,AUDIT_OUTPUT,contain,center,null,UNREVIEWED
151,5642HODV22091,PACKAGE_RIGHT,dvd:right,/card-thumbnails/5642HODV22091-auto-right.jpg,/card-thumbnails/5642HODV22091-auto-right.jpg,AUDIT_OUTPUT,cover,right,null,UNREVIEWED
152,5642HODV22098,PACKAGE_RIGHT,dvd:right,/card-thumbnails/5642HODV22098-auto-right.jpg,/card-thumbnails/5642HODV22098-auto-right.jpg,AUDIT_OUTPUT,cover,right,null,UNREVIEWED
153,5642HODV22099,PACKAGE_RIGHT,dvd:right,/card-thumbnails/5642HODV22099-auto-right.jpg,/card-thumbnails/5642HODV22099-auto-right.jpg,AUDIT_OUTPUT,cover,right,null,UNREVIEWED
154,5642HODV22100,PACKAGE_RIGHT,dvd:right,/card-thumbnails/5642HODV22100-auto-right.jpg,/card-thumbnails/5642HODV22100-auto-right.jpg,AUDIT_OUTPUT,cover,right,null,UNREVIEWED
155,59HEZ00900,PACKAGE_CENTER,dvd:center,/card-thumbnails/59HEZ00900-auto-center.jpg,https://pics.dmm.co.jp/digital/video/59hez00900/59hez00900pl.jpg,CSS_PACKAGE_POSITION,cover,center,null,UNREVIEWED
156,59HEZ00901,PACKAGE_RIGHT,dvd:right,/card-thumbnails/59HEZ00901-auto-right.jpg,/card-thumbnails/59HEZ00901-auto-right.jpg,AUDIT_OUTPUT,cover,right,null,UNREVIEWED
157,61RMD00584AI,PACKAGE_RIGHT,dvd:right,/card-thumbnails/61RMD00584AI-auto-right.jpg,/card-thumbnails/61RMD00584AI-auto-right.jpg,AUDIT_OUTPUT,cover,right,null,UNREVIEWED
158,61RMD00592AI,PACKAGE_RIGHT,dvd:right,/card-thumbnails/61RMD00592AI-auto-right.jpg,/card-thumbnails/61RMD00592AI-auto-right.jpg,AUDIT_OUTPUT,cover,right,null,UNREVIEWED
159,61RMD00593AI,PACKAGE_RIGHT,dvd:right,/card-thumbnails/61RMD00593AI-auto-right.jpg,/card-thumbnails/61RMD00593AI-auto-right.jpg,AUDIT_OUTPUT,cover,right,null,UNREVIEWED
160,61RMD00595AI,PACKAGE_RIGHT,dvd:right,/card-thumbnails/61RMD00595AI-auto-right.jpg,/card-thumbnails/61RMD00595AI-auto-right.jpg,AUDIT_OUTPUT,cover,right,null,UNREVIEWED
161,61RMD00596AI,PACKAGE_RIGHT,dvd:right,/card-thumbnails/61RMD00596AI-auto-right.jpg,/card-thumbnails/61RMD00596AI-auto-right.jpg,AUDIT_OUTPUT,cover,right,null,UNREVIEWED
162,84RMILD00565AI,PACKAGE_RIGHT,dvd:right,/card-thumbnails/84RMILD00565AI-auto-right.jpg,/card-thumbnails/84RMILD00565AI-auto-right.jpg,AUDIT_OUTPUT,cover,right,null,UNREVIEWED
163,84ROKAD00134AI,PACKAGE_RIGHT,dvd:right,/card-thumbnails/84ROKAD00134AI-auto-right.jpg,/card-thumbnails/84ROKAD00134AI-auto-right.jpg,AUDIT_OUTPUT,cover,right,null,UNREVIEWED
164,AARM00356,PACKAGE_FULL,dvd:full,https://pics.dmm.co.jp/digital/video/aarm00356/aarm00356pl.jpg,https://pics.dmm.co.jp/digital/video/aarm00356/aarm00356pl.jpg,AUDIT_OUTPUT,contain,center,null,UNREVIEWED
165,AARM00357,PACKAGE_RIGHT,dvd:right,/card-thumbnails/AARM00357-auto-right.jpg,/card-thumbnails/AARM00357-auto-right.jpg,AUDIT_OUTPUT,cover,right,null,UNREVIEWED
166,AARM00358,PACKAGE_RIGHT,dvd:right,/card-thumbnails/AARM00358-auto-right.jpg,/card-thumbnails/AARM00358-auto-right.jpg,AUDIT_OUTPUT,cover,right,null,UNREVIEWED
167,AARM00359,PACKAGE_RIGHT,dvd:right,/card-thumbnails/AARM00359-auto-right.jpg,/card-thumbnails/AARM00359-auto-right.jpg,AUDIT_OUTPUT,cover,right,null,UNREVIEWED
168,ADVO00235,PACKAGE_RIGHT,dvd:right,/card-thumbnails/ADVO00235-auto-right.jpg,/card-thumbnails/ADVO00235-auto-right.jpg,AUDIT_OUTPUT,cover,right,null,UNREVIEWED
169,AGAV00175,PACKAGE_RIGHT,dvd:right,/card-thumbnails/AGAV00175-auto-right.jpg,/card-thumbnails/AGAV00175-auto-right.jpg,AUDIT_OUTPUT,cover,right,null,UNREVIEWED
170,AGAV00176,PACKAGE_RIGHT,dvd:right,/card-thumbnails/AGAV00176-auto-right.jpg,/card-thumbnails/AGAV00176-auto-right.jpg,AUDIT_OUTPUT,cover,right,null,UNREVIEWED
173,AGMX00270,PACKAGE_RIGHT,dvd:right,/card-thumbnails/AGMX00270-auto-right.jpg,/card-thumbnails/AGMX00270-auto-right.jpg,AUDIT_OUTPUT,cover,right,null,UNREVIEWED
174,AIDVPRN00004,PACKAGE_RIGHT,dvd:right,/card-thumbnails/AIDVPRN00004-auto-right.jpg,/card-thumbnails/AIDVPRN00004-auto-right.jpg,AUDIT_OUTPUT,cover,right,null,UNREVIEWED
175,AIDVPRN00005,PACKAGE_CENTER,dvd:center,/card-thumbnails/AIDVPRN00005-auto-center.jpg,https://pics.dmm.co.jp/digital/video/aidvprn00005/aidvprn00005pl.jpg,CSS_PACKAGE_POSITION,cover,center,null,UNREVIEWED
176,AIDVPRN00007,PACKAGE_FULL,dvd:full,https://pics.dmm.co.jp/digital/video/aidvprn00007/aidvprn00007pl.jpg,https://pics.dmm.co.jp/digital/video/aidvprn00007/aidvprn00007pl.jpg,AUDIT_OUTPUT,contain,center,null,UNREVIEWED
177,AIDVPRN00010,PACKAGE_RIGHT,dvd:right,/card-thumbnails/AIDVPRN00010-auto-right.jpg,/card-thumbnails/AIDVPRN00010-auto-right.jpg,AUDIT_OUTPUT,cover,right,null,UNREVIEWED
178,AIDVPRN00011,PACKAGE_CENTER,dvd:center,/card-thumbnails/AIDVPRN00011-auto-center.jpg,https://pics.dmm.co.jp/digital/video/aidvprn00011/aidvprn00011pl.jpg,CSS_PACKAGE_POSITION,cover,center,null,UNREVIEWED
179,AJVR00321,SAMPLE,sample:1,https://pics.dmm.co.jp/digital/video/ajvr00321/ajvr00321jp-1.jpg,https://pics.dmm.co.jp/digital/video/ajvr00321/ajvr00321jp-1.jpg,AUDIT_OUTPUT,cover,center,null,UNREVIEWED
180,ALDN00596,PACKAGE_RIGHT,dvd:right,/card-thumbnails/ALDN00596-auto-right.jpg,/card-thumbnails/ALDN00596-auto-right.jpg,AUDIT_OUTPUT,cover,right,null,UNREVIEWED
181,ALDN00597,PACKAGE_RIGHT,dvd:right,/card-thumbnails/ALDN00597-auto-right.jpg,/card-thumbnails/ALDN00597-auto-right.jpg,AUDIT_OUTPUT,cover,right,null,UNREVIEWED
182,ALDN00598,PACKAGE_RIGHT,dvd:right,/card-thumbnails/ALDN00598-auto-right.jpg,/card-thumbnails/ALDN00598-auto-right.jpg,AUDIT_OUTPUT,cover,right,null,UNREVIEWED
183,ALDN00599,PACKAGE_RIGHT,dvd:right,/card-thumbnails/ALDN00599-auto-right.jpg,/card-thumbnails/ALDN00599-auto-right.jpg,AUDIT_OUTPUT,cover,right,null,UNREVIEWED
184,ALDN00600,PACKAGE_RIGHT,dvd:right,/card-thumbnails/ALDN00600-auto-right.jpg,/card-thumbnails/ALDN00600-auto-right.jpg,AUDIT_OUTPUT,cover,right,null,UNREVIEWED
185,ALDN00601,PACKAGE_RIGHT,dvd:right,/card-thumbnails/ALDN00601-auto-right.jpg,/card-thumbnails/ALDN00601-auto-right.jpg,AUDIT_OUTPUT,cover,right,null,UNREVIEWED
186,ALDN00602,PACKAGE_RIGHT,dvd:right,/card-thumbnails/ALDN00602-auto-right.jpg,/card-thumbnails/ALDN00602-auto-right.jpg,AUDIT_OUTPUT,cover,right,null,UNREVIEWED
187,APAK00333,PACKAGE_RIGHT,dvd:right,/card-thumbnails/APAK00333-auto-right.jpg,/card-thumbnails/APAK00333-auto-right.jpg,AUDIT_OUTPUT,cover,right,null,UNREVIEWED
188,APAK00334,PACKAGE_RIGHT,dvd:right,/card-thumbnails/APAK00334-auto-right.jpg,/card-thumbnails/APAK00334-auto-right.jpg,AUDIT_OUTPUT,cover,right,null,UNREVIEWED
189,APAO00043,PACKAGE_RIGHT,dvd:right,/card-thumbnails/APAO00043-auto-right.jpg,/card-thumbnails/APAO00043-auto-right.jpg,AUDIT_OUTPUT,cover,right,null,UNREVIEWED
190,APGH00057,PACKAGE_RIGHT,dvd:right,/card-thumbnails/APGH00057-auto-right.jpg,/card-thumbnails/APGH00057-auto-right.jpg,AUDIT_OUTPUT,cover,right,null,UNREVIEWED
192,APNS00415,PACKAGE_RIGHT,dvd:right,/card-thumbnails/APNS00415-auto-right.jpg,/card-thumbnails/APNS00415-auto-right.jpg,AUDIT_OUTPUT,cover,right,null,UNREVIEWED
193,APNS00416,PACKAGE_RIGHT,dvd:right,/card-thumbnails/APNS00416-auto-right.jpg,/card-thumbnails/APNS00416-auto-right.jpg,AUDIT_OUTPUT,cover,right,null,UNREVIEWED
194,APPT00004,PACKAGE_RIGHT,dvd:right,/card-thumbnails/APPT00004-auto-right.jpg,/card-thumbnails/APPT00004-auto-right.jpg,AUDIT_OUTPUT,cover,right,null,UNREVIEWED
195,APRG00006,PACKAGE_RIGHT,dvd:right,/card-thumbnails/APRG00006-auto-right.jpg,/card-thumbnails/APRG00006-auto-right.jpg,AUDIT_OUTPUT,cover,right,null,UNREVIEWED
196,AQUCO00184,SAMPLE,sample:15,https://pics.dmm.co.jp/digital/video/aquco00184/aquco00184jp-15.jpg,https://pics.dmm.co.jp/digital/video/aquco00184/aquco00184jp-15.jpg,AUDIT_OUTPUT,cover,center,null,UNREVIEWED
198,AQULA00135,PACKAGE_RIGHT,dvd:right,/card-thumbnails/AQULA00135-auto-right.jpg,/card-thumbnails/AQULA00135-auto-right.jpg,AUDIT_OUTPUT,cover,right,null,UNREVIEWED
199,AQUMA00150,SAMPLE,sample:19,https://pics.dmm.co.jp/digital/video/aquma00150/aquma00150jp-19.jpg,https://pics.dmm.co.jp/digital/video/aquma00150/aquma00150jp-19.jpg,AUDIT_OUTPUT,cover,center,null,UNREVIEWED
200,AQUMA00151,PACKAGE_RIGHT,dvd:right,/card-thumbnails/AQUMA00151-auto-right.jpg,/card-thumbnails/AQUMA00151-auto-right.jpg,AUDIT_OUTPUT,cover,right,null,UNREVIEWED
201,AQUMAM00039,SAMPLE,sample:14,https://pics.dmm.co.jp/digital/video/aqumam00039/aqumam00039jp-14.jpg,https://pics.dmm.co.jp/digital/video/aqumam00039/aqumam00039jp-14.jpg,AUDIT_OUTPUT,cover,center,null,UNREVIEWED
202,AQUMAM00040,PACKAGE_RIGHT,dvd:right,/card-thumbnails/AQUMAM00040-auto-right.jpg,/card-thumbnails/AQUMAM00040-auto-right.jpg,AUDIT_OUTPUT,cover,right,null,UNREVIEWED
203,ARAN00113,PACKAGE_RIGHT,dvd:right,/card-thumbnails/ARAN00113-auto-right.jpg,/card-thumbnails/ARAN00113-auto-right.jpg,AUDIT_OUTPUT,cover,right,null,UNREVIEWED
204,ASIA00129,PACKAGE_CENTER,dvd:center,/card-thumbnails/ASIA00129-auto-center.jpg,https://pics.dmm.co.jp/digital/video/asia00129/asia00129pl.jpg,CSS_PACKAGE_POSITION,cover,center,null,UNREVIEWED
205,ATVR00069,PACKAGE_RIGHT,dvd:right,/card-thumbnails/ATVR00069-auto-right.jpg,/card-thumbnails/ATVR00069-auto-right.jpg,AUDIT_OUTPUT,cover,right,null,UNREVIEWED
206,ATYA00044,PACKAGE_FULL,dvd:full,https://pics.dmm.co.jp/digital/video/atya00044/atya00044pl.jpg,https://pics.dmm.co.jp/digital/video/atya00044/atya00044pl.jpg,AUDIT_OUTPUT,contain,center,null,UNREVIEWED
207,AUKG00655,PACKAGE_CENTER,dvd:center,/card-thumbnails/AUKG00655-auto-center.jpg,https://pics.dmm.co.jp/digital/video/aukg00655/aukg00655pl.jpg,CSS_PACKAGE_POSITION,cover,center,null,UNREVIEWED
209,AVSA00444,PACKAGE_CENTER,dvd:center,/card-thumbnails/AVSA00444-auto-center.jpg,https://pics.dmm.co.jp/digital/video/avsa00444/avsa00444pl.jpg,CSS_PACKAGE_POSITION,cover,center,null,UNREVIEWED
210,AVSA00445,PACKAGE_FULL,dvd:full,https://pics.dmm.co.jp/digital/video/avsa00445/avsa00445pl.jpg,https://pics.dmm.co.jp/digital/video/avsa00445/avsa00445pl.jpg,AUDIT_OUTPUT,contain,center,null,UNREVIEWED
211,AVSA00446,PACKAGE_RIGHT,dvd:right,/card-thumbnails/AVSA00446-auto-right.jpg,/card-thumbnails/AVSA00446-auto-right.jpg,AUDIT_OUTPUT,cover,right,null,UNREVIEWED
212,AVSA00447,PACKAGE_RIGHT,dvd:right,/card-thumbnails/AVSA00447-auto-right.jpg,/card-thumbnails/AVSA00447-auto-right.jpg,AUDIT_OUTPUT,cover,right,null,UNREVIEWED
213,AVSW00075,PACKAGE_RIGHT,dvd:right,/card-thumbnails/AVSW00075-auto-right.jpg,/card-thumbnails/AVSW00075-auto-right.jpg,AUDIT_OUTPUT,cover,right,null,UNREVIEWED
214,BABD00025,PACKAGE_RIGHT,dvd:right,/card-thumbnails/BABD00025-auto-right.jpg,/card-thumbnails/BABD00025-auto-right.jpg,AUDIT_OUTPUT,cover,right,null,UNREVIEWED
215,BACJ00183,PACKAGE_CENTER,dvd:center,/card-thumbnails/BACJ00183-auto-center.jpg,https://pics.dmm.co.jp/digital/video/bacj00183/bacj00183pl.jpg,CSS_PACKAGE_POSITION,cover,center,null,UNREVIEWED
216,BACJ00184,PACKAGE_RIGHT,dvd:right,/card-thumbnails/BACJ00184-auto-right.jpg,/card-thumbnails/BACJ00184-auto-right.jpg,AUDIT_OUTPUT,cover,right,null,UNREVIEWED
217,BACJ00185,PACKAGE_RIGHT,dvd:right,/card-thumbnails/BACJ00185-auto-right.jpg,/card-thumbnails/BACJ00185-auto-right.jpg,AUDIT_OUTPUT,cover,right,null,UNREVIEWED
218,BACJ00186,PACKAGE_RIGHT,dvd:right,/card-thumbnails/BACJ00186-auto-right.jpg,/card-thumbnails/BACJ00186-auto-right.jpg,AUDIT_OUTPUT,cover,right,null,UNREVIEWED
219,BACJ00187,PACKAGE_CENTER,dvd:center,/card-thumbnails/BACJ00187-auto-center.jpg,https://pics.dmm.co.jp/digital/video/bacj00187/bacj00187pl.jpg,CSS_PACKAGE_POSITION,cover,center,null,UNREVIEWED
220,BASJ00045,PACKAGE_CENTER,dvd:center,/card-thumbnails/BASJ00045-auto-center.jpg,https://pics.dmm.co.jp/digital/video/basj00045/basj00045pl.jpg,CSS_PACKAGE_POSITION,cover,center,null,UNREVIEWED
221,BBAN00581,PACKAGE_RIGHT,dvd:right,/card-thumbnails/BBAN00581-auto-right.jpg,/card-thumbnails/BBAN00581-auto-right.jpg,AUDIT_OUTPUT,cover,right,null,UNREVIEWED
222,BBAN00592,PACKAGE_FULL,dvd:full,https://pics.dmm.co.jp/digital/video/bban00592/bban00592pl.jpg,https://pics.dmm.co.jp/digital/video/bban00592/bban00592pl.jpg,AUDIT_OUTPUT,contain,center,null,UNREVIEWED
224,BBAN00598,PACKAGE_RIGHT,dvd:right,/card-thumbnails/BBAN00598-auto-right.jpg,/card-thumbnails/BBAN00598-auto-right.jpg,AUDIT_OUTPUT,cover,right,null,UNREVIEWED
225,BBSS00104,PACKAGE_CENTER,dvd:center,/card-thumbnails/BBSS00104-auto-center.jpg,https://pics.dmm.co.jp/digital/video/bbss00104/bbss00104pl.jpg,CSS_PACKAGE_POSITION,cover,center,null,UNREVIEWED
226,BBTU00117,SAMPLE,sample:1,https://pics.dmm.co.jp/digital/video/bbtu00117/bbtu00117jp-1.jpg,https://pics.dmm.co.jp/digital/video/bbtu00117/bbtu00117jp-1.jpg,AUDIT_OUTPUT,cover,center,null,UNREVIEWED
229,BHSP00034,PACKAGE_RIGHT,dvd:right,/card-thumbnails/BHSP00034-auto-right.jpg,/card-thumbnails/BHSP00034-auto-right.jpg,AUDIT_OUTPUT,cover,right,null,UNREVIEWED
230,BIBIVR00170,SAMPLE,sample:1,https://pics.dmm.co.jp/digital/video/bibivr00170/bibivr00170jp-1.jpg,https://pics.dmm.co.jp/digital/video/bibivr00170/bibivr00170jp-1.jpg,AUDIT_OUTPUT,cover,center,null,UNREVIEWED
231,BIBIVR00171,PACKAGE_RIGHT,dvd:right,/card-thumbnails/BIBIVR00171-auto-right.jpg,/card-thumbnails/BIBIVR00171-auto-right.jpg,AUDIT_OUTPUT,cover,right,null,UNREVIEWED
232,BIBIVR00172,PACKAGE_CENTER,dvd:center,/card-thumbnails/BIBIVR00172-auto-center.jpg,https://pics.dmm.co.jp/digital/video/bibivr00172/bibivr00172pl.jpg,CSS_PACKAGE_POSITION,cover,center,null,UNREVIEWED
233,BIBIVR00175,SAMPLE,sample:1,https://pics.dmm.co.jp/digital/video/bibivr00175/bibivr00175jp-1.jpg,https://pics.dmm.co.jp/digital/video/bibivr00175/bibivr00175jp-1.jpg,AUDIT_OUTPUT,cover,center,null,UNREVIEWED
234,BJD00058,PACKAGE_FULL,dvd:full,https://pics.dmm.co.jp/digital/video/bjd00058/bjd00058pl.jpg,https://pics.dmm.co.jp/digital/video/bjd00058/bjd00058pl.jpg,AUDIT_OUTPUT,contain,center,null,UNREVIEWED
235,BKH00369,PACKAGE_RIGHT,dvd:right,/card-thumbnails/BKH00369-auto-right.jpg,/card-thumbnails/BKH00369-auto-right.jpg,AUDIT_OUTPUT,cover,right,null,UNREVIEWED
236,BOKD00318,PACKAGE_CENTER,dvd:center,/card-thumbnails/BOKD00318-auto-center.jpg,https://pics.dmm.co.jp/digital/video/bokd00318/bokd00318pl.jpg,CSS_PACKAGE_POSITION,cover,center,null,UNREVIEWED
237,BONY00197,PACKAGE_RIGHT,dvd:right,/card-thumbnails/BONY00197-auto-right.jpg,/card-thumbnails/BONY00197-auto-right.jpg,AUDIT_OUTPUT,cover,right,null,UNREVIEWED
238,BONY00198,PACKAGE_RIGHT,dvd:right,/card-thumbnails/BONY00198-auto-right.jpg,/card-thumbnails/BONY00198-auto-right.jpg,AUDIT_OUTPUT,cover,right,null,UNREVIEWED
239,CADV00951,PACKAGE_RIGHT,dvd:right,/card-thumbnails/CADV00951-auto-right.jpg,/card-thumbnails/CADV00951-auto-right.jpg,AUDIT_OUTPUT,cover,right,null,UNREVIEWED
240,CADV00952,PACKAGE_RIGHT,dvd:right,/card-thumbnails/CADV00952-auto-right.jpg,/card-thumbnails/CADV00952-auto-right.jpg,AUDIT_OUTPUT,cover,right,null,UNREVIEWED
241,CEAD00756,PACKAGE_RIGHT,dvd:right,/card-thumbnails/CEAD00756-auto-right.jpg,/card-thumbnails/CEAD00756-auto-right.jpg,AUDIT_OUTPUT,cover,right,null,UNREVIEWED
243,CEAD00758,PACKAGE_RIGHT,dvd:right,/card-thumbnails/CEAD00758-auto-right.jpg,/card-thumbnails/CEAD00758-auto-right.jpg,AUDIT_OUTPUT,cover,right,null,UNREVIEWED
244,CEMD00861,PACKAGE_CENTER,dvd:center,/card-thumbnails/CEMD00861-auto-center.jpg,https://pics.dmm.co.jp/digital/video/cemd00861/cemd00861pl.jpg,CSS_PACKAGE_POSITION,cover,center,null,UNREVIEWED
245,CEMD00862,PACKAGE_CENTER,dvd:center,/card-thumbnails/CEMD00862-auto-center.jpg,https://pics.dmm.co.jp/digital/video/cemd00862/cemd00862pl.jpg,CSS_PACKAGE_POSITION,cover,center,null,UNREVIEWED
246,CEMD00863,PACKAGE_FULL,dvd:full,https://pics.dmm.co.jp/digital/video/cemd00863/cemd00863pl.jpg,https://pics.dmm.co.jp/digital/video/cemd00863/cemd00863pl.jpg,AUDIT_OUTPUT,contain,center,null,UNREVIEWED
247,CEMD00864,PACKAGE_RIGHT,dvd:right,/card-thumbnails/CEMD00864-auto-right.jpg,/card-thumbnails/CEMD00864-auto-right.jpg,AUDIT_OUTPUT,cover,right,null,UNREVIEWED
248,CEMD00865,PACKAGE_CENTER,dvd:center,/card-thumbnails/CEMD00865-auto-center.jpg,https://pics.dmm.co.jp/digital/video/cemd00865/cemd00865pl.jpg,CSS_PACKAGE_POSITION,cover,center,null,UNREVIEWED
249,CEMD00866,PACKAGE_RIGHT,dvd:right,/card-thumbnails/CEMD00866-auto-right.jpg,/card-thumbnails/CEMD00866-auto-right.jpg,AUDIT_OUTPUT,cover,right,null,UNREVIEWED
250,CEMD00867,PACKAGE_RIGHT,dvd:right,/card-thumbnails/CEMD00867-auto-right.jpg,/card-thumbnails/CEMD00867-auto-right.jpg,AUDIT_OUTPUT,cover,right,null,UNREVIEWED
251,CEMD00868,PACKAGE_RIGHT,dvd:right,/card-thumbnails/CEMD00868-auto-right.jpg,/card-thumbnails/CEMD00868-auto-right.jpg,AUDIT_OUTPUT,cover,right,null,UNREVIEWED
252,CEMD00869,PACKAGE_RIGHT,dvd:right,/card-thumbnails/CEMD00869-auto-right.jpg,/card-thumbnails/CEMD00869-auto-right.jpg,AUDIT_OUTPUT,cover,right,null,UNREVIEWED
253,CEMD00870,PACKAGE_RIGHT,dvd:right,/card-thumbnails/CEMD00870-auto-right.jpg,/card-thumbnails/CEMD00870-auto-right.jpg,AUDIT_OUTPUT,cover,right,null,UNREVIEWED
255,CEMD00872,PACKAGE_RIGHT,dvd:right,/card-thumbnails/CEMD00872-auto-right.jpg,/card-thumbnails/CEMD00872-auto-right.jpg,AUDIT_OUTPUT,cover,right,null,UNREVIEWED
256,CEMD00873,PACKAGE_RIGHT,dvd:right,/card-thumbnails/CEMD00873-auto-right.jpg,/card-thumbnails/CEMD00873-auto-right.jpg,AUDIT_OUTPUT,cover,right,null,UNREVIEWED
257,CEMD00874,PACKAGE_RIGHT,dvd:right,/card-thumbnails/CEMD00874-auto-right.jpg,/card-thumbnails/CEMD00874-auto-right.jpg,AUDIT_OUTPUT,cover,right,null,UNREVIEWED
258,CJOB00211,PACKAGE_FULL,dvd:full,https://pics.dmm.co.jp/digital/video/cjob00211/cjob00211pl.jpg,https://pics.dmm.co.jp/digital/video/cjob00211/cjob00211pl.jpg,AUDIT_OUTPUT,contain,center,null,UNREVIEWED
259,CJOB00212,PACKAGE_RIGHT,dvd:right,/card-thumbnails/CJOB00212-auto-right.jpg,/card-thumbnails/CJOB00212-auto-right.jpg,AUDIT_OUTPUT,cover,right,null,UNREVIEWED
261,CJOD00524,PACKAGE_FULL,dvd:full,https://pics.dmm.co.jp/digital/video/cjod00524/cjod00524pl.jpg,https://pics.dmm.co.jp/digital/video/cjod00524/cjod00524pl.jpg,AUDIT_OUTPUT,contain,center,null,UNREVIEWED
263,CJOD00526,PACKAGE_RIGHT,dvd:right,/card-thumbnails/CJOD00526-auto-right.jpg,/card-thumbnails/CJOD00526-auto-right.jpg,AUDIT_OUTPUT,cover,right,null,UNREVIEWED
264,CJOD00534,SAMPLE,sample:13,https://pics.dmm.co.jp/digital/video/cjod00534/cjod00534jp-13.jpg,https://pics.dmm.co.jp/digital/video/cjod00534/cjod00534jp-13.jpg,AUDIT_OUTPUT,cover,center,null,UNREVIEWED
265,CMA00166,PACKAGE_RIGHT,dvd:right,/card-thumbnails/CMA00166-auto-right.jpg,/card-thumbnails/CMA00166-auto-right.jpg,AUDIT_OUTPUT,cover,right,null,UNREVIEWED
266,CMC00341,PACKAGE_RIGHT,dvd:right,/card-thumbnails/CMC00341-auto-right.jpg,/card-thumbnails/CMC00341-auto-right.jpg,AUDIT_OUTPUT,cover,right,null,UNREVIEWED
267,CMJU00004,PACKAGE_RIGHT,dvd:right,/card-thumbnails/CMJU00004-auto-right.jpg,/card-thumbnails/CMJU00004-auto-right.jpg,AUDIT_OUTPUT,cover,right,null,UNREVIEWED
268,CMJU00005,PACKAGE_FULL,dvd:full,https://pics.dmm.co.jp/digital/video/cmju00005/cmju00005pl.jpg,https://pics.dmm.co.jp/digital/video/cmju00005/cmju00005pl.jpg,AUDIT_OUTPUT,contain,center,null,UNREVIEWED
269,CMN00264,PACKAGE_RIGHT,dvd:right,/card-thumbnails/CMN00264-auto-right.jpg,/card-thumbnails/CMN00264-auto-right.jpg,AUDIT_OUTPUT,cover,right,null,UNREVIEWED
270,CMV00208,PACKAGE_RIGHT,dvd:right,/card-thumbnails/CMV00208-auto-right.jpg,/card-thumbnails/CMV00208-auto-right.jpg,AUDIT_OUTPUT,cover,right,null,UNREVIEWED
271,CMV00209,PACKAGE_RIGHT,dvd:right,/card-thumbnails/CMV00209-auto-right.jpg,/card-thumbnails/CMV00209-auto-right.jpg,AUDIT_OUTPUT,cover,right,null,UNREVIEWED
272,CRFV00023,PACKAGE_RIGHT,dvd:right,/card-thumbnails/CRFV00023-auto-right.jpg,/card-thumbnails/CRFV00023-auto-right.jpg,AUDIT_OUTPUT,cover,right,null,UNREVIEWED
273,CRVR00418,SAMPLE,sample:1,https://pics.dmm.co.jp/digital/video/crvr00418/crvr00418jp-1.jpg,https://pics.dmm.co.jp/digital/video/crvr00418/crvr00418jp-1.jpg,AUDIT_OUTPUT,cover,center,null,UNREVIEWED
274,DASS00932,PACKAGE_CENTER,dvd:center,/card-thumbnails/DASS00932-auto-center.jpg,https://pics.dmm.co.jp/digital/video/dass00932/dass00932pl.jpg,CSS_PACKAGE_POSITION,cover,center,null,UNREVIEWED
275,DASS00936,PACKAGE_CENTER,dvd:center,/card-thumbnails/DASS00936-auto-center.jpg,https://pics.dmm.co.jp/digital/video/dass00936/dass00936pl.jpg,CSS_PACKAGE_POSITION,cover,center,null,UNREVIEWED
276,DASS00965,PACKAGE_CENTER,dvd:center,/card-thumbnails/DASS00965-auto-center.jpg,https://pics.dmm.co.jp/digital/video/dass00965/dass00965pl.jpg,CSS_PACKAGE_POSITION,cover,center,null,UNREVIEWED
277,DASS00985,PACKAGE_RIGHT,dvd:right,/card-thumbnails/DASS00985-auto-right.jpg,/card-thumbnails/DASS00985-auto-right.jpg,AUDIT_OUTPUT,cover,right,null,UNREVIEWED
278,DASS00988,PACKAGE_RIGHT,dvd:right,/card-thumbnails/DASS00988-auto-right.jpg,/card-thumbnails/DASS00988-auto-right.jpg,AUDIT_OUTPUT,cover,right,null,UNREVIEWED
279,DASS00989,PACKAGE_FULL,dvd:full,https://pics.dmm.co.jp/digital/video/dass00989/dass00989pl.jpg,https://pics.dmm.co.jp/digital/video/dass00989/dass00989pl.jpg,AUDIT_OUTPUT,contain,center,null,UNREVIEWED
280,DASS00994,PACKAGE_RIGHT,dvd:right,/card-thumbnails/DASS00994-auto-right.jpg,/card-thumbnails/DASS00994-auto-right.jpg,AUDIT_OUTPUT,cover,right,null,UNREVIEWED
281,DASS00996,PACKAGE_CENTER,dvd:center,/card-thumbnails/DASS00996-auto-center.jpg,https://pics.dmm.co.jp/digital/video/dass00996/dass00996pl.jpg,CSS_PACKAGE_POSITION,cover,center,null,UNREVIEWED
282,DASS00999,PACKAGE_RIGHT,dvd:right,/card-thumbnails/DASS00999-auto-right.jpg,/card-thumbnails/DASS00999-auto-right.jpg,AUDIT_OUTPUT,cover,right,null,UNREVIEWED
285,DAZD00301,PACKAGE_RIGHT,dvd:right,/card-thumbnails/DAZD00301-auto-right.jpg,/card-thumbnails/DAZD00301-auto-right.jpg,AUDIT_OUTPUT,cover,right,null,UNREVIEWED
287,DDFF00053,PACKAGE_FULL,dvd:full,https://pics.dmm.co.jp/digital/video/ddff00053/ddff00053pl.jpg,https://pics.dmm.co.jp/digital/video/ddff00053/ddff00053pl.jpg,AUDIT_OUTPUT,contain,center,null,UNREVIEWED
288,DDK00240,PACKAGE_RIGHT,dvd:right,/card-thumbnails/DDK00240-auto-right.jpg,/card-thumbnails/DDK00240-auto-right.jpg,AUDIT_OUTPUT,cover,right,null,UNREVIEWED
289,DNJR00160,PACKAGE_RIGHT,dvd:right,/card-thumbnails/DNJR00160-auto-right.jpg,/card-thumbnails/DNJR00160-auto-right.jpg,AUDIT_OUTPUT,cover,right,null,UNREVIEWED
290,DSOD00002,PACKAGE_RIGHT,dvd:right,/card-thumbnails/DSOD00002-auto-right.jpg,/card-thumbnails/DSOD00002-auto-right.jpg,AUDIT_OUTPUT,cover,right,null,UNREVIEWED
291,DSOD00004,PACKAGE_CENTER,dvd:center,/card-thumbnails/DSOD00004-auto-center.jpg,https://pics.dmm.co.jp/digital/video/dsod00004/dsod00004pl.jpg,CSS_PACKAGE_POSITION,cover,center,null,UNREVIEWED
292,DSOD00012,PACKAGE_CENTER,dvd:center,/card-thumbnails/DSOD00012-auto-center.jpg,https://pics.dmm.co.jp/digital/video/dsod00012/dsod00012pl.jpg,CSS_PACKAGE_POSITION,cover,center,null,UNREVIEWED
293,DSOD00014,PACKAGE_CENTER,dvd:center,/card-thumbnails/DSOD00014-auto-center.jpg,https://pics.dmm.co.jp/digital/video/dsod00014/dsod00014pl.jpg,CSS_PACKAGE_POSITION,cover,center,null,UNREVIEWED
294,DSOD00016,PACKAGE_RIGHT,dvd:right,/card-thumbnails/DSOD00016-auto-right.jpg,/card-thumbnails/DSOD00016-auto-right.jpg,AUDIT_OUTPUT,cover,right,null,UNREVIEWED
295,DSOD00018,PACKAGE_CENTER,dvd:center,/card-thumbnails/DSOD00018-auto-center.jpg,https://pics.dmm.co.jp/digital/video/dsod00018/dsod00018pl.jpg,CSS_PACKAGE_POSITION,cover,center,null,UNREVIEWED
296,DSOD00019,PACKAGE_RIGHT,dvd:right,/card-thumbnails/DSOD00019-auto-right.jpg,/card-thumbnails/DSOD00019-auto-right.jpg,AUDIT_OUTPUT,cover,right,null,UNREVIEWED
297,DSOD00021,PACKAGE_RIGHT,dvd:right,/card-thumbnails/DSOD00021-auto-right.jpg,/card-thumbnails/DSOD00021-auto-right.jpg,AUDIT_OUTPUT,cover,right,null,UNREVIEWED
298,DSOD00025,PACKAGE_CENTER,dvd:center,/card-thumbnails/DSOD00025-auto-center.jpg,https://pics.dmm.co.jp/digital/video/dsod00025/dsod00025pl.jpg,CSS_PACKAGE_POSITION,cover,center,null,UNREVIEWED
299,DSOD00026,PACKAGE_RIGHT,dvd:right,/card-thumbnails/DSOD00026-auto-right.jpg,/card-thumbnails/DSOD00026-auto-right.jpg,AUDIT_OUTPUT,cover,right,null,UNREVIEWED
300,DSOD00028,PACKAGE_RIGHT,dvd:right,/card-thumbnails/DSOD00028-auto-right.jpg,/card-thumbnails/DSOD00028-auto-right.jpg,AUDIT_OUTPUT,cover,right,null,UNREVIEWED
302,DSOD00034,PACKAGE_CENTER,dvd:center,/card-thumbnails/DSOD00034-auto-center.jpg,https://pics.dmm.co.jp/digital/video/dsod00034/dsod00034pl.jpg,CSS_PACKAGE_POSITION,cover,center,null,UNREVIEWED
303,DSOD00036,PACKAGE_RIGHT,dvd:right,/card-thumbnails/DSOD00036-auto-right.jpg,/card-thumbnails/DSOD00036-auto-right.jpg,AUDIT_OUTPUT,cover,right,null,UNREVIEWED
304,DSOD00042,PACKAGE_CENTER,dvd:center,/card-thumbnails/DSOD00042-auto-center.jpg,https://pics.dmm.co.jp/digital/video/dsod00042/dsod00042pl.jpg,CSS_PACKAGE_POSITION,cover,center,null,UNREVIEWED
305,DSOD00048,PACKAGE_FULL,dvd:full,https://pics.dmm.co.jp/digital/video/dsod00048/dsod00048pl.jpg,https://pics.dmm.co.jp/digital/video/dsod00048/dsod00048pl.jpg,AUDIT_OUTPUT,contain,center,null,UNREVIEWED
306,DSUVR00003,SAMPLE,sample:2,https://pics.dmm.co.jp/digital/video/dsuvr00003/dsuvr00003jp-2.jpg,https://pics.dmm.co.jp/digital/video/dsuvr00003/dsuvr00003jp-2.jpg,AUDIT_OUTPUT,cover,center,null,UNREVIEWED
307,DVAJ00747,PACKAGE_CENTER,dvd:center,/card-thumbnails/DVAJ00747-auto-center.jpg,https://pics.dmm.co.jp/digital/video/dvaj00747/dvaj00747pl.jpg,CSS_PACKAGE_POSITION,cover,center,null,UNREVIEWED
308,DVAJ00748,PACKAGE_CENTER,dvd:center,/card-thumbnails/DVAJ00748-auto-center.jpg,https://pics.dmm.co.jp/digital/video/dvaj00748/dvaj00748pl.jpg,CSS_PACKAGE_POSITION,cover,center,null,UNREVIEWED
309,DVAJ00749,PACKAGE_RIGHT,dvd:right,/card-thumbnails/DVAJ00749-auto-right.jpg,/card-thumbnails/DVAJ00749-auto-right.jpg,AUDIT_OUTPUT,cover,right,null,UNREVIEWED
310,DVMM00420,SAMPLE,sample:1,https://pics.dmm.co.jp/digital/video/dvmm00420/dvmm00420jp-1.jpg,https://pics.dmm.co.jp/digital/video/dvmm00420/dvmm00420jp-1.jpg,AUDIT_OUTPUT,cover,center,null,UNREVIEWED
311,DVMM00421,SAMPLE,sample:1,https://pics.dmm.co.jp/digital/video/dvmm00421/dvmm00421jp-1.jpg,https://pics.dmm.co.jp/digital/video/dvmm00421/dvmm00421jp-1.jpg,AUDIT_OUTPUT,cover,center,null,UNREVIEWED
314,DVRT07701,SAMPLE,sample:7,https://pics.dmm.co.jp/digital/video/dvrt07701/dvrt07701jp-7.jpg,https://pics.dmm.co.jp/digital/video/dvrt07701/dvrt07701jp-7.jpg,AUDIT_OUTPUT,cover,center,null,UNREVIEWED
315,DVRT07702,SAMPLE,sample:7,https://pics.dmm.co.jp/digital/video/dvrt07702/dvrt07702jp-7.jpg,https://pics.dmm.co.jp/digital/video/dvrt07702/dvrt07702jp-7.jpg,AUDIT_OUTPUT,cover,center,null,UNREVIEWED
316,EBWH00339,PACKAGE_CENTER,dvd:center,/card-thumbnails/EBWH00339-auto-center.jpg,https://pics.dmm.co.jp/digital/video/ebwh00339/ebwh00339pl.jpg,CSS_PACKAGE_POSITION,cover,center,null,UNREVIEWED
317,EBWH00341,PACKAGE_RIGHT,dvd:right,/card-thumbnails/EBWH00341-auto-right.jpg,/card-thumbnails/EBWH00341-auto-right.jpg,AUDIT_OUTPUT,cover,right,null,UNREVIEWED
318,EBWH00342,PACKAGE_CENTER,dvd:center,/card-thumbnails/EBWH00342-auto-center.jpg,https://pics.dmm.co.jp/digital/video/ebwh00342/ebwh00342pl.jpg,CSS_PACKAGE_POSITION,cover,center,null,UNREVIEWED
319,EBWH00344,PACKAGE_CENTER,dvd:center,/card-thumbnails/EBWH00344-auto-center.jpg,https://pics.dmm.co.jp/digital/video/ebwh00344/ebwh00344pl.jpg,CSS_PACKAGE_POSITION,cover,center,null,UNREVIEWED
320,EBWH00345,SAMPLE,sample:1,https://pics.dmm.co.jp/digital/video/ebwh00345/ebwh00345jp-1.jpg,https://pics.dmm.co.jp/digital/video/ebwh00345/ebwh00345jp-1.jpg,AUDIT_OUTPUT,cover,center,null,UNREVIEWED
321,EBWH00349,PACKAGE_CENTER,dvd:center,/card-thumbnails/EBWH00349-auto-center.jpg,https://pics.dmm.co.jp/digital/video/ebwh00349/ebwh00349pl.jpg,CSS_PACKAGE_POSITION,cover,center,null,UNREVIEWED
322,EBWH00359,PACKAGE_FULL,dvd:full,https://pics.dmm.co.jp/digital/video/ebwh00359/ebwh00359pl.jpg,https://pics.dmm.co.jp/digital/video/ebwh00359/ebwh00359pl.jpg,AUDIT_OUTPUT,contain,center,null,UNREVIEWED
323,EKDV00823,PACKAGE_CENTER,dvd:center,/card-thumbnails/EKDV00823-auto-center.jpg,https://pics.dmm.co.jp/digital/video/ekdv00823/ekdv00823pl.jpg,CSS_PACKAGE_POSITION,cover,center,null,UNREVIEWED
324,EMLB00092,PACKAGE_RIGHT,dvd:right,/card-thumbnails/EMLB00092-auto-right.jpg,/card-thumbnails/EMLB00092-auto-right.jpg,AUDIT_OUTPUT,cover,right,null,UNREVIEWED
325,FAB00009,PACKAGE_RIGHT,dvd:right,/card-thumbnails/FAB00009-auto-right.jpg,/card-thumbnails/FAB00009-auto-right.jpg,AUDIT_OUTPUT,cover,right,null,UNREVIEWED
327,FEM00036,PACKAGE_RIGHT,dvd:right,/card-thumbnails/FEM00036-auto-right.jpg,/card-thumbnails/FEM00036-auto-right.jpg,AUDIT_OUTPUT,cover,right,null,UNREVIEWED
328,FJIN00154A,PACKAGE_FULL,dvd:full,https://pics.dmm.co.jp/digital/video/fjin00154a/fjin00154apl.jpg,https://pics.dmm.co.jp/digital/video/fjin00154a/fjin00154apl.jpg,AUDIT_OUTPUT,contain,center,null,UNREVIEWED
329,FJIN00154B,PACKAGE_FULL,dvd:full,https://pics.dmm.co.jp/digital/video/fjin00154b/fjin00154bpl.jpg,https://pics.dmm.co.jp/digital/video/fjin00154b/fjin00154bpl.jpg,AUDIT_OUTPUT,contain,center,null,UNREVIEWED
330,FJIN00155A,PACKAGE_FULL,dvd:full,https://pics.dmm.co.jp/digital/video/fjin00155a/fjin00155apl.jpg,https://pics.dmm.co.jp/digital/video/fjin00155a/fjin00155apl.jpg,AUDIT_OUTPUT,contain,center,null,UNREVIEWED
331,FJIN00155B,PACKAGE_FULL,dvd:full,https://pics.dmm.co.jp/digital/video/fjin00155b/fjin00155bpl.jpg,https://pics.dmm.co.jp/digital/video/fjin00155b/fjin00155bpl.jpg,AUDIT_OUTPUT,contain,center,null,UNREVIEWED
338,FJIN00159A,PACKAGE_FULL,dvd:full,https://pics.dmm.co.jp/digital/video/fjin00159a/fjin00159apl.jpg,https://pics.dmm.co.jp/digital/video/fjin00159a/fjin00159apl.jpg,AUDIT_OUTPUT,contain,center,null,UNREVIEWED
339,FJIN00159B,PACKAGE_FULL,dvd:full,https://pics.dmm.co.jp/digital/video/fjin00159b/fjin00159bpl.jpg,https://pics.dmm.co.jp/digital/video/fjin00159b/fjin00159bpl.jpg,AUDIT_OUTPUT,contain,center,null,UNREVIEWED
340,FLAV00423,PACKAGE_CENTER,dvd:center,/card-thumbnails/FLAV00423-auto-center.jpg,https://pics.dmm.co.jp/digital/video/flav00423/flav00423pl.jpg,CSS_PACKAGE_POSITION,cover,center,null,UNREVIEWED
341,FLAV00424,PACKAGE_FULL,dvd:full,https://pics.dmm.co.jp/digital/video/flav00424/flav00424pl.jpg,https://pics.dmm.co.jp/digital/video/flav00424/flav00424pl.jpg,AUDIT_OUTPUT,contain,center,null,UNREVIEWED
342,FPRE00238,PACKAGE_RIGHT,dvd:right,/card-thumbnails/FPRE00238-auto-right.jpg,/card-thumbnails/FPRE00238-auto-right.jpg,AUDIT_OUTPUT,cover,right,null,UNREVIEWED
343,FSTU00031,SAMPLE,sample:1,https://pics.dmm.co.jp/digital/video/fstu00031/fstu00031jp-1.jpg,https://pics.dmm.co.jp/digital/video/fstu00031/fstu00031jp-1.jpg,AUDIT_OUTPUT,cover,center,null,UNREVIEWED
344,FSTU00032,PACKAGE_RIGHT,dvd:right,/card-thumbnails/FSTU00032-auto-right.jpg,/card-thumbnails/FSTU00032-auto-right.jpg,AUDIT_OUTPUT,cover,right,null,UNREVIEWED
346,FWAY00100,PACKAGE_CENTER,dvd:center,/card-thumbnails/FWAY00100-auto-center.jpg,https://pics.dmm.co.jp/digital/video/fway00100/fway00100pl.jpg,CSS_PACKAGE_POSITION,cover,center,null,UNREVIEWED
347,GAJK00037,PACKAGE_FULL,dvd:full,https://pics.dmm.co.jp/digital/video/gajk00037/gajk00037pl.jpg,https://pics.dmm.co.jp/digital/video/gajk00037/gajk00037pl.jpg,AUDIT_OUTPUT,contain,center,null,UNREVIEWED
348,GARA00024,PACKAGE_FULL,dvd:full,https://pics.dmm.co.jp/digital/video/gara00024/gara00024pl.jpg,https://pics.dmm.co.jp/digital/video/gara00024/gara00024pl.jpg,AUDIT_OUTPUT,contain,center,null,UNREVIEWED
349,GKOK00004,PACKAGE_RIGHT,dvd:right,/card-thumbnails/GKOK00004-auto-right.jpg,/card-thumbnails/GKOK00004-auto-right.jpg,AUDIT_OUTPUT,cover,right,null,UNREVIEWED
350,GMA00098,PACKAGE_CENTER,dvd:center,/card-thumbnails/GMA00098-auto-center.jpg,https://pics.dmm.co.jp/digital/video/gma00098/gma00098pl.jpg,CSS_PACKAGE_POSITION,cover,center,null,UNREVIEWED
351,GMA00099,PACKAGE_RIGHT,dvd:right,/card-thumbnails/GMA00099-auto-right.jpg,/card-thumbnails/GMA00099-auto-right.jpg,AUDIT_OUTPUT,cover,right,null,UNREVIEWED
352,GMEM00153,PACKAGE_RIGHT,dvd:right,/card-thumbnails/GMEM00153-auto-right.jpg,/card-thumbnails/GMEM00153-auto-right.jpg,AUDIT_OUTPUT,cover,right,null,UNREVIEWED
353,GQN00013,PACKAGE_RIGHT,dvd:right,/card-thumbnails/GQN00013-auto-right.jpg,/card-thumbnails/GQN00013-auto-right.jpg,AUDIT_OUTPUT,cover,right,null,UNREVIEWED
354,GVH00859,PACKAGE_RIGHT,dvd:right,/card-thumbnails/GVH00859-auto-right.jpg,/card-thumbnails/GVH00859-auto-right.jpg,AUDIT_OUTPUT,cover,right,null,UNREVIEWED
355,GVH00860,PACKAGE_RIGHT,dvd:right,/card-thumbnails/GVH00860-auto-right.jpg,/card-thumbnails/GVH00860-auto-right.jpg,AUDIT_OUTPUT,cover,right,null,UNREVIEWED
356,GVH00861,PACKAGE_FULL,dvd:full,https://pics.dmm.co.jp/digital/video/gvh00861/gvh00861pl.jpg,https://pics.dmm.co.jp/digital/video/gvh00861/gvh00861pl.jpg,AUDIT_OUTPUT,contain,center,null,UNREVIEWED
357,GVH00862,PACKAGE_RIGHT,dvd:right,/card-thumbnails/GVH00862-auto-right.jpg,/card-thumbnails/GVH00862-auto-right.jpg,AUDIT_OUTPUT,cover,right,null,UNREVIEWED
358,GVH00863,PACKAGE_RIGHT,dvd:right,/card-thumbnails/GVH00863-auto-right.jpg,/card-thumbnails/GVH00863-auto-right.jpg,AUDIT_OUTPUT,cover,right,null,UNREVIEWED
359,GVH00864,PACKAGE_RIGHT,dvd:right,/card-thumbnails/GVH00864-auto-right.jpg,/card-thumbnails/GVH00864-auto-right.jpg,AUDIT_OUTPUT,cover,right,null,UNREVIEWED
360,HALT00088,PACKAGE_FULL,dvd:full,https://pics.dmm.co.jp/digital/video/halt00088/halt00088pl.jpg,https://pics.dmm.co.jp/digital/video/halt00088/halt00088pl.jpg,AUDIT_OUTPUT,contain,center,null,UNREVIEWED
361,HALT00089,PACKAGE_RIGHT,dvd:right,/card-thumbnails/HALT00089-auto-right.jpg,/card-thumbnails/HALT00089-auto-right.jpg,AUDIT_OUTPUT,cover,right,null,UNREVIEWED
362,HERY00172,PACKAGE_RIGHT,dvd:right,/card-thumbnails/HERY00172-auto-right.jpg,/card-thumbnails/HERY00172-auto-right.jpg,AUDIT_OUTPUT,cover,right,null,UNREVIEWED
363,HMIX00058,PACKAGE_RIGHT,dvd:right,/card-thumbnails/HMIX00058-auto-right.jpg,/card-thumbnails/HMIX00058-auto-right.jpg,AUDIT_OUTPUT,cover,right,null,UNREVIEWED
364,HMN00860,PACKAGE_FULL,dvd:full,https://pics.dmm.co.jp/digital/video/hmn00860/hmn00860pl.jpg,https://pics.dmm.co.jp/digital/video/hmn00860/hmn00860pl.jpg,AUDIT_OUTPUT,contain,center,null,UNREVIEWED
365,HMN00866,PACKAGE_RIGHT,dvd:right,/card-thumbnails/HMN00866-auto-right.jpg,/card-thumbnails/HMN00866-auto-right.jpg,AUDIT_OUTPUT,cover,right,null,UNREVIEWED
366,HMN00869,PACKAGE_RIGHT,dvd:right,/card-thumbnails/HMN00869-auto-right.jpg,/card-thumbnails/HMN00869-auto-right.jpg,AUDIT_OUTPUT,cover,right,null,UNREVIEWED
367,HMN00870,PACKAGE_FULL,dvd:full,https://pics.dmm.co.jp/digital/video/hmn00870/hmn00870pl.jpg,https://pics.dmm.co.jp/digital/video/hmn00870/hmn00870pl.jpg,AUDIT_OUTPUT,contain,center,null,UNREVIEWED
369,HMN00880,PACKAGE_RIGHT,dvd:right,/card-thumbnails/HMN00880-auto-right.jpg,/card-thumbnails/HMN00880-auto-right.jpg,AUDIT_OUTPUT,cover,right,null,UNREVIEWED
370,HMN00883,PACKAGE_RIGHT,dvd:right,/card-thumbnails/HMN00883-auto-right.jpg,/card-thumbnails/HMN00883-auto-right.jpg,AUDIT_OUTPUT,cover,right,null,UNREVIEWED
371,HMN00885,SAMPLE,sample:4,https://pics.dmm.co.jp/digital/video/hmn00885/hmn00885jp-4.jpg,https://pics.dmm.co.jp/digital/video/hmn00885/hmn00885jp-4.jpg,AUDIT_OUTPUT,cover,center,null,UNREVIEWED
372,HMN00888,PACKAGE_RIGHT,dvd:right,/card-thumbnails/HMN00888-auto-right.jpg,/card-thumbnails/HMN00888-auto-right.jpg,AUDIT_OUTPUT,cover,right,null,UNREVIEWED
373,HMN00890,PACKAGE_RIGHT,dvd:right,/card-thumbnails/HMN00890-auto-right.jpg,/card-thumbnails/HMN00890-auto-right.jpg,AUDIT_OUTPUT,cover,right,null,UNREVIEWED
374,HMN00892,PACKAGE_RIGHT,dvd:right,/card-thumbnails/HMN00892-auto-right.jpg,/card-thumbnails/HMN00892-auto-right.jpg,AUDIT_OUTPUT,cover,right,null,UNREVIEWED
375,HMN00912,PACKAGE_RIGHT,dvd:right,/card-thumbnails/HMN00912-auto-right.jpg,/card-thumbnails/HMN00912-auto-right.jpg,AUDIT_OUTPUT,cover,right,null,UNREVIEWED
376,HNDB00277,PACKAGE_RIGHT,dvd:right,/card-thumbnails/HNDB00277-auto-right.jpg,/card-thumbnails/HNDB00277-auto-right.jpg,AUDIT_OUTPUT,cover,right,null,UNREVIEWED
377,HNDB00279,PACKAGE_RIGHT,dvd:right,/card-thumbnails/HNDB00279-auto-right.jpg,/card-thumbnails/HNDB00279-auto-right.jpg,AUDIT_OUTPUT,cover,right,null,UNREVIEWED
378,HOKS00230,PACKAGE_FULL,dvd:full,https://pics.dmm.co.jp/digital/video/hoks00230/hoks00230pl.jpg,https://pics.dmm.co.jp/digital/video/hoks00230/hoks00230pl.jpg,AUDIT_OUTPUT,contain,center,null,UNREVIEWED
379,HOKS00231,PACKAGE_FULL,dvd:full,https://pics.dmm.co.jp/digital/video/hoks00231/hoks00231pl.jpg,https://pics.dmm.co.jp/digital/video/hoks00231/hoks00231pl.jpg,AUDIT_OUTPUT,contain,center,null,UNREVIEWED
380,HOMA00167,PACKAGE_RIGHT,dvd:right,/card-thumbnails/HOMA00167-auto-right.jpg,/card-thumbnails/HOMA00167-auto-right.jpg,AUDIT_OUTPUT,cover,right,null,UNREVIEWED
381,HSODA00124,SAMPLE,sample:2,https://pics.dmm.co.jp/digital/video/hsoda00124/hsoda00124jp-2.jpg,https://pics.dmm.co.jp/digital/video/hsoda00124/hsoda00124jp-2.jpg,AUDIT_OUTPUT,cover,center,null,UNREVIEWED
382,HSODA00125,SAMPLE,sample:2,https://pics.dmm.co.jp/digital/video/hsoda00125/hsoda00125jp-2.jpg,https://pics.dmm.co.jp/digital/video/hsoda00125/hsoda00125jp-2.jpg,AUDIT_OUTPUT,cover,center,null,UNREVIEWED
383,H_019TIMD00038,PACKAGE_RIGHT,dvd:right,/card-thumbnails/H_019TIMD00038-auto-right.jpg,/card-thumbnails/H_019TIMD00038-auto-right.jpg,AUDIT_OUTPUT,cover,right,null,UNREVIEWED
384,H_021PTS00550,PACKAGE_RIGHT,dvd:right,/card-thumbnails/H_021PTS00550-auto-right.jpg,/card-thumbnails/H_021PTS00550-auto-right.jpg,AUDIT_OUTPUT,cover,right,null,UNREVIEWED
385,H_068HTTM00062,PACKAGE_RIGHT,dvd:right,/card-thumbnails/H_068HTTM00062-auto-right.jpg,/card-thumbnails/H_068HTTM00062-auto-right.jpg,AUDIT_OUTPUT,cover,right,null,UNREVIEWED
386,H_068MXDLP00333,PACKAGE_RIGHT,dvd:right,/card-thumbnails/H_068MXDLP00333-auto-right.jpg,/card-thumbnails/H_068MXDLP00333-auto-right.jpg,AUDIT_OUTPUT,cover,right,null,UNREVIEWED
387,H_068MXDLP00334,PACKAGE_RIGHT,dvd:right,/card-thumbnails/H_068MXDLP00334-auto-right.jpg,/card-thumbnails/H_068MXDLP00334-auto-right.jpg,AUDIT_OUTPUT,cover,right,null,UNREVIEWED
388,H_068MXDLP00336,PACKAGE_FULL,dvd:full,https://pics.dmm.co.jp/digital/video/h_068mxdlp00336/h_068mxdlp00336pl.jpg,https://pics.dmm.co.jp/digital/video/h_068mxdlp00336/h_068mxdlp00336pl.jpg,AUDIT_OUTPUT,contain,center,null,UNREVIEWED
389,H_068MXGS01436,PACKAGE_RIGHT,dvd:right,/card-thumbnails/H_068MXGS01436-auto-right.jpg,/card-thumbnails/H_068MXGS01436-auto-right.jpg,AUDIT_OUTPUT,cover,right,null,UNREVIEWED
390,H_068MXGS01437,PACKAGE_CENTER,dvd:center,/card-thumbnails/H_068MXGS01437-auto-center.jpg,https://pics.dmm.co.jp/digital/video/h_068mxgs01437/h_068mxgs01437pl.jpg,CSS_PACKAGE_POSITION,cover,center,null,UNREVIEWED
391,H_068MXGS01438,PACKAGE_CENTER,dvd:center,/card-thumbnails/H_068MXGS01438-auto-center.jpg,https://pics.dmm.co.jp/digital/video/h_068mxgs01438/h_068mxgs01438pl.jpg,CSS_PACKAGE_POSITION,cover,center,null,UNREVIEWED
393,H_086HONE00297,SAMPLE,sample:1,https://pics.dmm.co.jp/digital/video/h_086hone00297/h_086hone00297jp-1.jpg,https://pics.dmm.co.jp/digital/video/h_086hone00297/h_086hone00297jp-1.jpg,AUDIT_OUTPUT,cover,center,null,UNREVIEWED
394,H_086JRZE00307,SAMPLE,sample:1,https://pics.dmm.co.jp/digital/video/h_086jrze00307/h_086jrze00307jp-1.jpg,https://pics.dmm.co.jp/digital/video/h_086jrze00307/h_086jrze00307jp-1.jpg,AUDIT_OUTPUT,cover,center,null,UNREVIEWED
395,H_086JRZE00308,SAMPLE,sample:1,https://pics.dmm.co.jp/digital/video/h_086jrze00308/h_086jrze00308jp-1.jpg,https://pics.dmm.co.jp/digital/video/h_086jrze00308/h_086jrze00308jp-1.jpg,AUDIT_OUTPUT,cover,center,null,UNREVIEWED
396,H_086JRZE00309,SAMPLE,sample:1,https://pics.dmm.co.jp/digital/video/h_086jrze00309/h_086jrze00309jp-1.jpg,https://pics.dmm.co.jp/digital/video/h_086jrze00309/h_086jrze00309jp-1.jpg,AUDIT_OUTPUT,cover,center,null,UNREVIEWED
397,H_086JURA00202,PACKAGE_CENTER,dvd:center,/card-thumbnails/H_086JURA00202-auto-center.jpg,https://pics.dmm.co.jp/digital/video/h_086jura00202/h_086jura00202pl.jpg,CSS_PACKAGE_POSITION,cover,center,null,UNREVIEWED
398,H_086JURA00203,PACKAGE_CENTER,dvd:center,/card-thumbnails/H_086JURA00203-auto-center.jpg,https://pics.dmm.co.jp/digital/video/h_086jura00203/h_086jura00203pl.jpg,CSS_PACKAGE_POSITION,cover,center,null,UNREVIEWED
399,H_086JURA00204,SAMPLE,sample:1,https://pics.dmm.co.jp/digital/video/h_086jura00204/h_086jura00204jp-1.jpg,https://pics.dmm.co.jp/digital/video/h_086jura00204/h_086jura00204jp-1.jpg,AUDIT_OUTPUT,cover,center,null,UNREVIEWED
400,H_086NUKA00083,PACKAGE_FULL,dvd:full,https://pics.dmm.co.jp/digital/video/h_086nuka00083/h_086nuka00083pl.jpg,https://pics.dmm.co.jp/digital/video/h_086nuka00083/h_086nuka00083pl.jpg,AUDIT_OUTPUT,contain,center,null,UNREVIEWED
401,H_086XMOM00117,SAMPLE,sample:1,https://pics.dmm.co.jp/digital/video/h_086xmom00117/h_086xmom00117jp-1.jpg,https://pics.dmm.co.jp/digital/video/h_086xmom00117/h_086xmom00117jp-1.jpg,AUDIT_OUTPUT,cover,center,null,UNREVIEWED
402,H_086XMOM00118,PACKAGE_RIGHT,dvd:right,/card-thumbnails/H_086XMOM00118-auto-right.jpg,/card-thumbnails/H_086XMOM00118-auto-right.jpg,AUDIT_OUTPUT,cover,right,null,UNREVIEWED
403,H_086YOCH00033,SAMPLE,sample:1,https://pics.dmm.co.jp/digital/video/h_086yoch00033/h_086yoch00033jp-1.jpg,https://pics.dmm.co.jp/digital/video/h_086yoch00033/h_086yoch00033jp-1.jpg,AUDIT_OUTPUT,cover,center,null,UNREVIEWED
404,H_1060VSED00286,PACKAGE_RIGHT,dvd:right,/card-thumbnails/H_1060VSED00286-auto-right.jpg,/card-thumbnails/H_1060VSED00286-auto-right.jpg,AUDIT_OUTPUT,cover,right,null,UNREVIEWED
405,H_1060VSED00287,PACKAGE_RIGHT,dvd:right,/card-thumbnails/H_1060VSED00287-auto-right.jpg,/card-thumbnails/H_1060VSED00287-auto-right.jpg,AUDIT_OUTPUT,cover,right,null,UNREVIEWED
406,H_1060VSED00288,PACKAGE_FULL,dvd:full,https://pics.dmm.co.jp/digital/video/h_1060vsed00288/h_1060vsed00288pl.jpg,https://pics.dmm.co.jp/digital/video/h_1060vsed00288/h_1060vsed00288pl.jpg,AUDIT_OUTPUT,contain,center,null,UNREVIEWED
407,H_1060VSED00289,PACKAGE_RIGHT,dvd:right,/card-thumbnails/H_1060VSED00289-auto-right.jpg,/card-thumbnails/H_1060VSED00289-auto-right.jpg,AUDIT_OUTPUT,cover,right,null,UNREVIEWED
408,H_1133TNIK00029,PACKAGE_RIGHT,dvd:right,/card-thumbnails/H_1133TNIK00029-auto-right.jpg,/card-thumbnails/H_1133TNIK00029-auto-right.jpg,AUDIT_OUTPUT,cover,right,null,UNREVIEWED
409,H_1133TOTK00024,PACKAGE_RIGHT,dvd:right,/card-thumbnails/H_1133TOTK00024-auto-right.jpg,/card-thumbnails/H_1133TOTK00024-auto-right.jpg,AUDIT_OUTPUT,cover,right,null,UNREVIEWED
410,H_113CB00125,PACKAGE_RIGHT,dvd:right,/card-thumbnails/H_113CB00125-auto-right.jpg,/card-thumbnails/H_113CB00125-auto-right.jpg,AUDIT_OUTPUT,cover,right,null,UNREVIEWED
411,H_113HZ00012,PACKAGE_RIGHT,dvd:right,/card-thumbnails/H_113HZ00012-auto-right.jpg,/card-thumbnails/H_113HZ00012-auto-right.jpg,AUDIT_OUTPUT,cover,right,null,UNREVIEWED
412,H_113ID00060,PACKAGE_RIGHT,dvd:right,/card-thumbnails/H_113ID00060-auto-right.jpg,/card-thumbnails/H_113ID00060-auto-right.jpg,AUDIT_OUTPUT,cover,right,null,UNREVIEWED
413,H_113P00031,PACKAGE_RIGHT,dvd:right,/card-thumbnails/H_113P00031-auto-right.jpg,/card-thumbnails/H_113P00031-auto-right.jpg,AUDIT_OUTPUT,cover,right,null,UNREVIEWED
414,H_113PS00131,PACKAGE_RIGHT,dvd:right,/card-thumbnails/H_113PS00131-auto-right.jpg,/card-thumbnails/H_113PS00131-auto-right.jpg,AUDIT_OUTPUT,cover,right,null,UNREVIEWED
415,H_113SPE00008,PACKAGE_RIGHT,dvd:right,/card-thumbnails/H_113SPE00008-auto-right.jpg,/card-thumbnails/H_113SPE00008-auto-right.jpg,AUDIT_OUTPUT,cover,right,null,UNREVIEWED
416,H_113SY00225,PACKAGE_RIGHT,dvd:right,/card-thumbnails/H_113SY00225-auto-right.jpg,/card-thumbnails/H_113SY00225-auto-right.jpg,AUDIT_OUTPUT,cover,right,null,UNREVIEWED
417,H_113TAMEG00003,PACKAGE_RIGHT,dvd:right,/card-thumbnails/H_113TAMEG00003-auto-right.jpg,/card-thumbnails/H_113TAMEG00003-auto-right.jpg,AUDIT_OUTPUT,cover,right,null,UNREVIEWED
418,H_1342NSM00073,PACKAGE_CENTER,dvd:center,/card-thumbnails/H_1342NSM00073-auto-center.jpg,https://pics.dmm.co.jp/digital/video/h_1342nsm00073/h_1342nsm00073pl.jpg,CSS_PACKAGE_POSITION,cover,center,null,UNREVIEWED
419,H_1435CLO00376,PACKAGE_FULL,dvd:full,https://pics.dmm.co.jp/digital/video/h_1435clo00376/h_1435clo00376pl.jpg,https://pics.dmm.co.jp/digital/video/h_1435clo00376/h_1435clo00376pl.jpg,AUDIT_OUTPUT,contain,center,null,UNREVIEWED
428,H_1515ZOOO00284,PACKAGE_FULL,dvd:full,https://pics.dmm.co.jp/digital/video/h_1515zooo00284/h_1515zooo00284pl.jpg,https://pics.dmm.co.jp/digital/video/h_1515zooo00284/h_1515zooo00284pl.jpg,AUDIT_OUTPUT,contain,center,null,UNREVIEWED
429,H_1534GRMO00335,PACKAGE_RIGHT,dvd:right,/card-thumbnails/H_1534GRMO00335-auto-right.jpg,/card-thumbnails/H_1534GRMO00335-auto-right.jpg,AUDIT_OUTPUT,cover,right,null,UNREVIEWED
430,H_1601HFC00043,PACKAGE_FULL,dvd:full,https://pics.dmm.co.jp/digital/video/h_1601hfc00043/h_1601hfc00043pl.jpg,https://pics.dmm.co.jp/digital/video/h_1601hfc00043/h_1601hfc00043pl.jpg,AUDIT_OUTPUT,contain,center,null,UNREVIEWED
431,H_1650EMBM00052,PACKAGE_RIGHT,dvd:right,/card-thumbnails/H_1650EMBM00052-auto-right.jpg,/card-thumbnails/H_1650EMBM00052-auto-right.jpg,AUDIT_OUTPUT,cover,right,null,UNREVIEWED
432,H_1664HNBR00013,PACKAGE_RIGHT,dvd:right,/card-thumbnails/H_1664HNBR00013-auto-right.jpg,/card-thumbnails/H_1664HNBR00013-auto-right.jpg,AUDIT_OUTPUT,cover,right,null,UNREVIEWED
434,H_1664KIR00078,PACKAGE_RIGHT,dvd:right,/card-thumbnails/H_1664KIR00078-auto-right.jpg,/card-thumbnails/H_1664KIR00078-auto-right.jpg,AUDIT_OUTPUT,cover,right,null,UNREVIEWED
435,H_1664OFKU00248,PACKAGE_FULL,dvd:full,https://pics.dmm.co.jp/digital/video/h_1664ofku00248/h_1664ofku00248pl.jpg,https://pics.dmm.co.jp/digital/video/h_1664ofku00248/h_1664ofku00248pl.jpg,AUDIT_OUTPUT,contain,center,null,UNREVIEWED
436,H_1664VNDS03442,PACKAGE_FULL,dvd:full,https://pics.dmm.co.jp/digital/video/h_1664vnds03442/h_1664vnds03442pl.jpg,https://pics.dmm.co.jp/digital/video/h_1664vnds03442/h_1664vnds03442pl.jpg,AUDIT_OUTPUT,contain,center,null,UNREVIEWED
437,H_1711DOAC00001,SAMPLE,sample:1,https://pics.dmm.co.jp/digital/video/h_1711doac00001/h_1711doac00001jp-1.jpg,https://pics.dmm.co.jp/digital/video/h_1711doac00001/h_1711doac00001jp-1.jpg,AUDIT_OUTPUT,cover,center,null,UNREVIEWED
438,H_1711FCH00126,PACKAGE_FULL,dvd:full,https://pics.dmm.co.jp/digital/video/h_1711fch00126/h_1711fch00126pl.jpg,https://pics.dmm.co.jp/digital/video/h_1711fch00126/h_1711fch00126pl.jpg,AUDIT_OUTPUT,contain,center,null,UNREVIEWED
440,H_1711MFDZ00006,SAMPLE,sample:1,https://pics.dmm.co.jp/digital/video/h_1711mfdz00006/h_1711mfdz00006jp-1.jpg,https://pics.dmm.co.jp/digital/video/h_1711mfdz00006/h_1711mfdz00006jp-1.jpg,AUDIT_OUTPUT,cover,center,null,UNREVIEWED
441,H_1711MFOZ00003,SAMPLE,sample:1,https://pics.dmm.co.jp/digital/video/h_1711mfoz00003/h_1711mfoz00003jp-1.jpg,https://pics.dmm.co.jp/digital/video/h_1711mfoz00003/h_1711mfoz00003jp-1.jpg,AUDIT_OUTPUT,cover,center,null,UNREVIEWED
442,H_1711SIOZ00003,SAMPLE,sample:1,https://pics.dmm.co.jp/digital/video/h_1711sioz00003/h_1711sioz00003jp-1.jpg,https://pics.dmm.co.jp/digital/video/h_1711sioz00003/h_1711sioz00003jp-1.jpg,AUDIT_OUTPUT,cover,center,null,UNREVIEWED
443,H_1714GRACE00035,PACKAGE_RIGHT,dvd:right,/card-thumbnails/H_1714GRACE00035-auto-right.jpg,/card-thumbnails/H_1714GRACE00035-auto-right.jpg,AUDIT_OUTPUT,cover,right,null,UNREVIEWED
444,H_1714GRACE00036,PACKAGE_RIGHT,dvd:right,/card-thumbnails/H_1714GRACE00036-auto-right.jpg,/card-thumbnails/H_1714GRACE00036-auto-right.jpg,AUDIT_OUTPUT,cover,right,null,UNREVIEWED
445,H_1753SUMU00007,PACKAGE_RIGHT,dvd:right,/card-thumbnails/H_1753SUMU00007-auto-right.jpg,/card-thumbnails/H_1753SUMU00007-auto-right.jpg,AUDIT_OUTPUT,cover,right,null,UNREVIEWED
446,H_1753TEND00034,PACKAGE_CENTER,dvd:center,/card-thumbnails/H_1753TEND00034-auto-center.jpg,https://pics.dmm.co.jp/digital/video/h_1753tend00034/h_1753tend00034pl.jpg,CSS_PACKAGE_POSITION,cover,center,null,UNREVIEWED
447,H_1753TEND00035,PACKAGE_RIGHT,dvd:right,/card-thumbnails/H_1753TEND00035-auto-right.jpg,/card-thumbnails/H_1753TEND00035-auto-right.jpg,AUDIT_OUTPUT,cover,right,null,UNREVIEWED
448,H_1758JJGG00004,PACKAGE_RIGHT,dvd:right,/card-thumbnails/H_1758JJGG00004-auto-right.jpg,/card-thumbnails/H_1758JJGG00004-auto-right.jpg,AUDIT_OUTPUT,cover,right,null,UNREVIEWED
449,H_1780GDPDX00020,PACKAGE_RIGHT,dvd:right,/card-thumbnails/H_1780GDPDX00020-auto-right.jpg,/card-thumbnails/H_1780GDPDX00020-auto-right.jpg,AUDIT_OUTPUT,cover,right,null,UNREVIEWED
450,H_1780GMDMS00006,PACKAGE_CENTER,dvd:center,/card-thumbnails/H_1780GMDMS00006-auto-center.jpg,https://pics.dmm.co.jp/digital/video/h_1780gmdms00006/h_1780gmdms00006pl.jpg,CSS_PACKAGE_POSITION,cover,center,null,UNREVIEWED
451,H_1780GSCSG00007,PACKAGE_RIGHT,dvd:right,/card-thumbnails/H_1780GSCSG00007-auto-right.jpg,/card-thumbnails/H_1780GSCSG00007-auto-right.jpg,AUDIT_OUTPUT,cover,right,null,UNREVIEWED
452,H_1780GTOBP00022,PACKAGE_RIGHT,dvd:right,/card-thumbnails/H_1780GTOBP00022-auto-right.jpg,/card-thumbnails/H_1780GTOBP00022-auto-right.jpg,AUDIT_OUTPUT,cover,right,null,UNREVIEWED
453,H_1784FTO00063,PACKAGE_RIGHT,dvd:right,/card-thumbnails/H_1784FTO00063-auto-right.jpg,/card-thumbnails/H_1784FTO00063-auto-right.jpg,AUDIT_OUTPUT,cover,right,null,UNREVIEWED
456,H_1812MEMO00012,PACKAGE_RIGHT,dvd:right,/card-thumbnails/H_1812MEMO00012-auto-right.jpg,/card-thumbnails/H_1812MEMO00012-auto-right.jpg,AUDIT_OUTPUT,cover,right,null,UNREVIEWED
457,H_1814NMSL00043,PACKAGE_CENTER,dvd:center,/card-thumbnails/H_1814NMSL00043-auto-center.jpg,https://pics.dmm.co.jp/digital/video/h_1814nmsl00043/h_1814nmsl00043pl.jpg,CSS_PACKAGE_POSITION,cover,center,null,UNREVIEWED
458,H_1834TK00083,PACKAGE_RIGHT,dvd:right,/card-thumbnails/H_1834TK00083-auto-right.jpg,/card-thumbnails/H_1834TK00083-auto-right.jpg,AUDIT_OUTPUT,cover,right,null,UNREVIEWED
459,H_1834TK00084,PACKAGE_FULL,dvd:full,https://pics.dmm.co.jp/digital/video/h_1834tk00084/h_1834tk00084pl.jpg,https://pics.dmm.co.jp/digital/video/h_1834tk00084/h_1834tk00084pl.jpg,AUDIT_OUTPUT,contain,center,null,UNREVIEWED
460,H_1834TK00085,PACKAGE_FULL,dvd:full,https://pics.dmm.co.jp/digital/video/h_1834tk00085/h_1834tk00085pl.jpg,https://pics.dmm.co.jp/digital/video/h_1834tk00085/h_1834tk00085pl.jpg,AUDIT_OUTPUT,contain,center,null,UNREVIEWED
461,H_1834TK00086,PACKAGE_FULL,dvd:full,https://pics.dmm.co.jp/digital/video/h_1834tk00086/h_1834tk00086pl.jpg,https://pics.dmm.co.jp/digital/video/h_1834tk00086/h_1834tk00086pl.jpg,AUDIT_OUTPUT,contain,center,null,UNREVIEWED
462,H_237HDKA00334,SAMPLE,sample:1,https://pics.dmm.co.jp/digital/video/h_237hdka00334/h_237hdka00334jp-1.jpg,https://pics.dmm.co.jp/digital/video/h_237hdka00334/h_237hdka00334jp-1.jpg,AUDIT_OUTPUT,cover,center,null,UNREVIEWED
463,H_237NACT00154,SAMPLE,sample:1,https://pics.dmm.co.jp/digital/video/h_237nact00154/h_237nact00154jp-1.jpg,https://pics.dmm.co.jp/digital/video/h_237nact00154/h_237nact00154jp-1.jpg,AUDIT_OUTPUT,cover,center,null,UNREVIEWED
465,H_237NACT00156,SAMPLE,sample:1,https://pics.dmm.co.jp/digital/video/h_237nact00156/h_237nact00156jp-1.jpg,https://pics.dmm.co.jp/digital/video/h_237nact00156/h_237nact00156jp-1.jpg,AUDIT_OUTPUT,cover,center,null,UNREVIEWED
469,H_237NACT00160,SAMPLE,sample:2,https://pics.dmm.co.jp/digital/video/h_237nact00160/h_237nact00160jp-2.jpg,https://pics.dmm.co.jp/digital/video/h_237nact00160/h_237nact00160jp-2.jpg,AUDIT_OUTPUT,cover,center,null,UNREVIEWED
470,H_237NACT00161,SAMPLE,sample:2,https://pics.dmm.co.jp/digital/video/h_237nact00161/h_237nact00161jp-2.jpg,https://pics.dmm.co.jp/digital/video/h_237nact00161/h_237nact00161jp-2.jpg,AUDIT_OUTPUT,cover,center,null,UNREVIEWED
471,H_237ZMAR00164,SAMPLE,sample:2,https://pics.dmm.co.jp/digital/video/h_237zmar00164/h_237zmar00164jp-2.jpg,https://pics.dmm.co.jp/digital/video/h_237zmar00164/h_237zmar00164jp-2.jpg,AUDIT_OUTPUT,cover,center,null,UNREVIEWED
475,H_283PYM00570,PACKAGE_RIGHT,dvd:right,/card-thumbnails/H_283PYM00570-auto-right.jpg,/card-thumbnails/H_283PYM00570-auto-right.jpg,AUDIT_OUTPUT,cover,right,null,UNREVIEWED
476,H_283PYM00572,PACKAGE_RIGHT,dvd:right,/card-thumbnails/H_283PYM00572-auto-right.jpg,/card-thumbnails/H_283PYM00572-auto-right.jpg,AUDIT_OUTPUT,cover,right,null,UNREVIEWED
477,H_346REBD01046,PACKAGE_CENTER,dvd:center,/card-thumbnails/H_346REBD01046-auto-center.jpg,https://pics.dmm.co.jp/digital/video/h_346rebd01046/h_346rebd01046pl.jpg,CSS_PACKAGE_POSITION,cover,center,null,UNREVIEWED
478,H_346REBD01047,PACKAGE_CENTER,dvd:center,/card-thumbnails/H_346REBD01047-auto-center.jpg,https://pics.dmm.co.jp/digital/video/h_346rebd01047/h_346rebd01047pl.jpg,CSS_PACKAGE_POSITION,cover,center,null,UNREVIEWED
479,H_346REBD01048,PACKAGE_CENTER,dvd:center,/card-thumbnails/H_346REBD01048-auto-center.jpg,https://pics.dmm.co.jp/digital/video/h_346rebd01048/h_346rebd01048pl.jpg,CSS_PACKAGE_POSITION,cover,center,null,UNREVIEWED
480,H_346REBD01050,PACKAGE_FULL,dvd:full,https://pics.dmm.co.jp/digital/video/h_346rebd01050/h_346rebd01050pl.jpg,https://pics.dmm.co.jp/digital/video/h_346rebd01050/h_346rebd01050pl.jpg,AUDIT_OUTPUT,contain,center,null,UNREVIEWED
483,H_346REBD01053,PACKAGE_FULL,dvd:full,https://pics.dmm.co.jp/digital/video/h_346rebd01053/h_346rebd01053pl.jpg,https://pics.dmm.co.jp/digital/video/h_346rebd01053/h_346rebd01053pl.jpg,AUDIT_OUTPUT,contain,center,null,UNREVIEWED
484,H_458HSM00088,PACKAGE_FULL,dvd:full,https://pics.dmm.co.jp/digital/video/h_458hsm00088/h_458hsm00088pl.jpg,https://pics.dmm.co.jp/digital/video/h_458hsm00088/h_458hsm00088pl.jpg,AUDIT_OUTPUT,contain,center,null,UNREVIEWED
486,H_491FSBK00025,PACKAGE_CENTER,dvd:center,/card-thumbnails/H_491FSBK00025-auto-center.jpg,https://pics.dmm.co.jp/digital/video/h_491fsbk00025/h_491fsbk00025pl.jpg,CSS_PACKAGE_POSITION,cover,center,null,UNREVIEWED
489,H_491LOCK00013,PACKAGE_FULL,dvd:full,https://pics.dmm.co.jp/digital/video/h_491lock00013/h_491lock00013pl.jpg,https://pics.dmm.co.jp/digital/video/h_491lock00013/h_491lock00013pl.jpg,AUDIT_OUTPUT,contain,center,null,UNREVIEWED
490,H_491LOCK00014,PACKAGE_RIGHT,dvd:right,/card-thumbnails/H_491LOCK00014-auto-right.jpg,/card-thumbnails/H_491LOCK00014-auto-right.jpg,AUDIT_OUTPUT,cover,right,null,UNREVIEWED
491,H_491TENN00049,PACKAGE_RIGHT,dvd:right,/card-thumbnails/H_491TENN00049-auto-right.jpg,/card-thumbnails/H_491TENN00049-auto-right.jpg,AUDIT_OUTPUT,cover,right,null,UNREVIEWED
492,IPOK00023,PACKAGE_RIGHT,dvd:right,/card-thumbnails/IPOK00023-auto-right.jpg,/card-thumbnails/IPOK00023-auto-right.jpg,AUDIT_OUTPUT,cover,right,null,UNREVIEWED
493,IPOK00024,PACKAGE_RIGHT,dvd:right,/card-thumbnails/IPOK00024-auto-right.jpg,/card-thumbnails/IPOK00024-auto-right.jpg,AUDIT_OUTPUT,cover,right,null,UNREVIEWED
494,IPOK00026,PACKAGE_FULL,dvd:full,https://pics.dmm.co.jp/digital/video/ipok00026/ipok00026pl.jpg,https://pics.dmm.co.jp/digital/video/ipok00026/ipok00026pl.jpg,AUDIT_OUTPUT,contain,center,null,UNREVIEWED
495,IPVR00370,PACKAGE_RIGHT,dvd:right,/card-thumbnails/IPVR00370-auto-right.jpg,/card-thumbnails/IPVR00370-auto-right.jpg,AUDIT_OUTPUT,cover,right,null,UNREVIEWED
497,IPZZ00855,PACKAGE_CENTER,dvd:center,/card-thumbnails/IPZZ00855-auto-center.jpg,https://pics.dmm.co.jp/digital/video/ipzz00855/ipzz00855pl.jpg,CSS_PACKAGE_POSITION,cover,center,null,UNREVIEWED
498,IPZZ00859,PACKAGE_RIGHT,dvd:right,/card-thumbnails/IPZZ00859-auto-right.jpg,/card-thumbnails/IPZZ00859-auto-right.jpg,AUDIT_OUTPUT,cover,right,null,UNREVIEWED
499,IPZZ00862,PACKAGE_FULL,dvd:full,https://pics.dmm.co.jp/digital/video/ipzz00862/ipzz00862pl.jpg,https://pics.dmm.co.jp/digital/video/ipzz00862/ipzz00862pl.jpg,AUDIT_OUTPUT,contain,center,null,UNREVIEWED
500,IPZZ00870,PACKAGE_CENTER,dvd:center,/card-thumbnails/IPZZ00870-auto-center.jpg,https://pics.dmm.co.jp/digital/video/ipzz00870/ipzz00870pl.jpg,CSS_PACKAGE_POSITION,cover,center,null,UNREVIEWED
501,IPZZ00873,PACKAGE_RIGHT,dvd:right,/card-thumbnails/IPZZ00873-auto-right.jpg,/card-thumbnails/IPZZ00873-auto-right.jpg,AUDIT_OUTPUT,cover,right,null,UNREVIEWED
502,IPZZ00876,PACKAGE_FULL,dvd:full,https://pics.dmm.co.jp/digital/video/ipzz00876/ipzz00876pl.jpg,https://pics.dmm.co.jp/digital/video/ipzz00876/ipzz00876pl.jpg,AUDIT_OUTPUT,contain,center,null,UNREVIEWED
504,IPZZ00886,PACKAGE_CENTER,dvd:center,/card-thumbnails/IPZZ00886-auto-center.jpg,https://pics.dmm.co.jp/digital/video/ipzz00886/ipzz00886pl.jpg,CSS_PACKAGE_POSITION,cover,center,null,UNREVIEWED
507,IPZZ00894,PACKAGE_RIGHT,dvd:right,/card-thumbnails/IPZZ00894-auto-right.jpg,/card-thumbnails/IPZZ00894-auto-right.jpg,AUDIT_OUTPUT,cover,right,null,UNREVIEWED
508,IPZZ00895,PACKAGE_RIGHT,dvd:right,/card-thumbnails/IPZZ00895-auto-right.jpg,/card-thumbnails/IPZZ00895-auto-right.jpg,AUDIT_OUTPUT,cover,right,null,UNREVIEWED
509,IPZZ00898,PACKAGE_CENTER,dvd:center,/card-thumbnails/IPZZ00898-auto-center.jpg,https://pics.dmm.co.jp/digital/video/ipzz00898/ipzz00898pl.jpg,CSS_PACKAGE_POSITION,cover,center,null,UNREVIEWED
510,IPZZ00900,PACKAGE_RIGHT,dvd:right,/card-thumbnails/IPZZ00900-auto-right.jpg,/card-thumbnails/IPZZ00900-auto-right.jpg,AUDIT_OUTPUT,cover,right,null,UNREVIEWED
511,IPZZ00903,SAMPLE,sample:6,https://pics.dmm.co.jp/digital/video/ipzz00903/ipzz00903jp-6.jpg,https://pics.dmm.co.jp/digital/video/ipzz00903/ipzz00903jp-6.jpg,AUDIT_OUTPUT,cover,center,null,UNREVIEWED
512,IPZZ00905,PACKAGE_CENTER,dvd:center,/card-thumbnails/IPZZ00905-auto-center.jpg,https://pics.dmm.co.jp/digital/video/ipzz00905/ipzz00905pl.jpg,CSS_PACKAGE_POSITION,cover,center,null,UNREVIEWED
513,IPZZ00906,PACKAGE_CENTER,dvd:center,/card-thumbnails/IPZZ00906-auto-center.jpg,https://pics.dmm.co.jp/digital/video/ipzz00906/ipzz00906pl.jpg,CSS_PACKAGE_POSITION,cover,center,null,UNREVIEWED
514,IPZZ00909,PACKAGE_CENTER,dvd:center,/card-thumbnails/IPZZ00909-auto-center.jpg,https://pics.dmm.co.jp/digital/video/ipzz00909/ipzz00909pl.jpg,CSS_PACKAGE_POSITION,cover,center,null,UNREVIEWED
515,IPZZ00928,PACKAGE_CENTER,dvd:center,/card-thumbnails/IPZZ00928-auto-center.jpg,https://pics.dmm.co.jp/digital/video/ipzz00928/ipzz00928pl.jpg,CSS_PACKAGE_POSITION,cover,center,null,UNREVIEWED
516,JFB00510,PACKAGE_CENTER,dvd:center,/card-thumbnails/JFB00510-auto-center.jpg,https://pics.dmm.co.jp/digital/video/jfb00510/jfb00510pl.jpg,CSS_PACKAGE_POSITION,cover,center,null,UNREVIEWED
517,JJEX00010,PACKAGE_RIGHT,dvd:right,/card-thumbnails/JJEX00010-auto-right.jpg,/card-thumbnails/JJEX00010-auto-right.jpg,AUDIT_OUTPUT,cover,right,null,UNREVIEWED
518,JQRE00026,PACKAGE_RIGHT,dvd:right,/card-thumbnails/JQRE00026-auto-right.jpg,/card-thumbnails/JQRE00026-auto-right.jpg,AUDIT_OUTPUT,cover,right,null,UNREVIEWED
519,JQRE00027,PACKAGE_RIGHT,dvd:right,/card-thumbnails/JQRE00027-auto-right.jpg,/card-thumbnails/JQRE00027-auto-right.jpg,AUDIT_OUTPUT,cover,right,null,UNREVIEWED
520,JQRE00028,PACKAGE_RIGHT,dvd:right,/card-thumbnails/JQRE00028-auto-right.jpg,/card-thumbnails/JQRE00028-auto-right.jpg,AUDIT_OUTPUT,cover,right,null,UNREVIEWED
521,JUMS00171,PACKAGE_RIGHT,dvd:right,/card-thumbnails/JUMS00171-auto-right.jpg,/card-thumbnails/JUMS00171-auto-right.jpg,AUDIT_OUTPUT,cover,right,null,UNREVIEWED
522,JUMS00176,PACKAGE_RIGHT,dvd:right,/card-thumbnails/JUMS00176-auto-right.jpg,/card-thumbnails/JUMS00176-auto-right.jpg,AUDIT_OUTPUT,cover,right,null,UNREVIEWED
523,JUMS00178,PACKAGE_RIGHT,dvd:right,/card-thumbnails/JUMS00178-auto-right.jpg,/card-thumbnails/JUMS00178-auto-right.jpg,AUDIT_OUTPUT,cover,right,null,UNREVIEWED
525,JUR00091,PACKAGE_RIGHT,dvd:right,/card-thumbnails/JUR00091-auto-right.jpg,/card-thumbnails/JUR00091-auto-right.jpg,AUDIT_OUTPUT,cover,right,null,UNREVIEWED
526,JUR00092,PACKAGE_FULL,dvd:full,https://pics.dmm.co.jp/digital/video/jur00092/jur00092pl.jpg,https://pics.dmm.co.jp/digital/video/jur00092/jur00092pl.jpg,AUDIT_OUTPUT,contain,center,null,UNREVIEWED
527,JUR00095,PACKAGE_RIGHT,dvd:right,/card-thumbnails/JUR00095-auto-right.jpg,/card-thumbnails/JUR00095-auto-right.jpg,AUDIT_OUTPUT,cover,right,null,UNREVIEWED
528,JUR00096,PACKAGE_CENTER,dvd:center,/card-thumbnails/JUR00096-auto-center.jpg,https://pics.dmm.co.jp/digital/video/jur00096/jur00096pl.jpg,CSS_PACKAGE_POSITION,cover,center,null,UNREVIEWED
529,JUR00101,PACKAGE_RIGHT,dvd:right,/card-thumbnails/JUR00101-auto-right.jpg,/card-thumbnails/JUR00101-auto-right.jpg,AUDIT_OUTPUT,cover,right,null,UNREVIEWED
530,JUR00714,PACKAGE_RIGHT,dvd:right,/card-thumbnails/JUR00714-auto-right.jpg,/card-thumbnails/JUR00714-auto-right.jpg,AUDIT_OUTPUT,cover,right,null,UNREVIEWED
531,JUR00740,PACKAGE_CENTER,dvd:center,/card-thumbnails/JUR00740-auto-center.jpg,https://pics.dmm.co.jp/digital/video/jur00740/jur00740pl.jpg,CSS_PACKAGE_POSITION,cover,center,null,UNREVIEWED
532,JUR00746,PACKAGE_FULL,dvd:full,https://pics.dmm.co.jp/digital/video/jur00746/jur00746pl.jpg,https://pics.dmm.co.jp/digital/video/jur00746/jur00746pl.jpg,AUDIT_OUTPUT,contain,center,null,UNREVIEWED
533,JUR00758,PACKAGE_RIGHT,dvd:right,/card-thumbnails/JUR00758-auto-right.jpg,/card-thumbnails/JUR00758-auto-right.jpg,AUDIT_OUTPUT,cover,right,null,UNREVIEWED
534,JUR00765,PACKAGE_RIGHT,dvd:right,/card-thumbnails/JUR00765-auto-right.jpg,/card-thumbnails/JUR00765-auto-right.jpg,AUDIT_OUTPUT,cover,right,null,UNREVIEWED
536,JUR00768,PACKAGE_CENTER,dvd:center,/card-thumbnails/JUR00768-auto-center.jpg,https://pics.dmm.co.jp/digital/video/jur00768/jur00768pl.jpg,CSS_PACKAGE_POSITION,cover,center,null,UNREVIEWED
537,JUR00769,PACKAGE_RIGHT,dvd:right,/card-thumbnails/JUR00769-auto-right.jpg,/card-thumbnails/JUR00769-auto-right.jpg,AUDIT_OUTPUT,cover,right,null,UNREVIEWED
538,JUR00777,PACKAGE_RIGHT,dvd:right,/card-thumbnails/JUR00777-auto-right.jpg,/card-thumbnails/JUR00777-auto-right.jpg,AUDIT_OUTPUT,cover,right,null,UNREVIEWED
539,JUR00778,PACKAGE_RIGHT,dvd:right,/card-thumbnails/JUR00778-auto-right.jpg,/card-thumbnails/JUR00778-auto-right.jpg,AUDIT_OUTPUT,cover,right,null,UNREVIEWED
540,JUR00781,PACKAGE_FULL,dvd:full,https://pics.dmm.co.jp/digital/video/jur00781/jur00781pl.jpg,https://pics.dmm.co.jp/digital/video/jur00781/jur00781pl.jpg,AUDIT_OUTPUT,contain,center,null,UNREVIEWED
541,JUR00782,PACKAGE_CENTER,dvd:center,/card-thumbnails/JUR00782-auto-center.jpg,https://pics.dmm.co.jp/digital/video/jur00782/jur00782pl.jpg,CSS_PACKAGE_POSITION,cover,center,null,UNREVIEWED
542,JUR00785,PACKAGE_CENTER,dvd:center,/card-thumbnails/JUR00785-auto-center.jpg,https://pics.dmm.co.jp/digital/video/jur00785/jur00785pl.jpg,CSS_PACKAGE_POSITION,cover,center,null,UNREVIEWED
544,JUR00789,PACKAGE_RIGHT,dvd:right,/card-thumbnails/JUR00789-auto-right.jpg,/card-thumbnails/JUR00789-auto-right.jpg,AUDIT_OUTPUT,cover,right,null,UNREVIEWED
545,JUR00790,PACKAGE_RIGHT,dvd:right,/card-thumbnails/JUR00790-auto-right.jpg,/card-thumbnails/JUR00790-auto-right.jpg,AUDIT_OUTPUT,cover,right,null,UNREVIEWED
546,JUR00793,PACKAGE_CENTER,dvd:center,/card-thumbnails/JUR00793-auto-center.jpg,https://pics.dmm.co.jp/digital/video/jur00793/jur00793pl.jpg,CSS_PACKAGE_POSITION,cover,center,null,UNREVIEWED
547,JUR00797,PACKAGE_RIGHT,dvd:right,/card-thumbnails/JUR00797-auto-right.jpg,/card-thumbnails/JUR00797-auto-right.jpg,AUDIT_OUTPUT,cover,right,null,UNREVIEWED
548,JUR00800,PACKAGE_RIGHT,dvd:right,/card-thumbnails/JUR00800-auto-right.jpg,/card-thumbnails/JUR00800-auto-right.jpg,AUDIT_OUTPUT,cover,right,null,UNREVIEWED
549,JUR00801,PACKAGE_RIGHT,dvd:right,/card-thumbnails/JUR00801-auto-right.jpg,/card-thumbnails/JUR00801-auto-right.jpg,AUDIT_OUTPUT,cover,right,null,UNREVIEWED
551,JUR00803,PACKAGE_CENTER,dvd:center,/card-thumbnails/JUR00803-auto-center.jpg,https://pics.dmm.co.jp/digital/video/jur00803/jur00803pl.jpg,CSS_PACKAGE_POSITION,cover,center,null,UNREVIEWED
552,JUR00805,PACKAGE_RIGHT,dvd:right,/card-thumbnails/JUR00805-auto-right.jpg,/card-thumbnails/JUR00805-auto-right.jpg,AUDIT_OUTPUT,cover,right,null,UNREVIEWED
553,JUR00807,PACKAGE_RIGHT,dvd:right,/card-thumbnails/JUR00807-auto-right.jpg,/card-thumbnails/JUR00807-auto-right.jpg,AUDIT_OUTPUT,cover,right,null,UNREVIEWED
554,JUR00808,PACKAGE_FULL,dvd:full,https://pics.dmm.co.jp/digital/video/jur00808/jur00808pl.jpg,https://pics.dmm.co.jp/digital/video/jur00808/jur00808pl.jpg,AUDIT_OUTPUT,contain,center,null,UNREVIEWED
556,JUR00812,PACKAGE_RIGHT,dvd:right,/card-thumbnails/JUR00812-auto-right.jpg,/card-thumbnails/JUR00812-auto-right.jpg,AUDIT_OUTPUT,cover,right,null,UNREVIEWED
557,JUR00813,SAMPLE,sample:3,https://pics.dmm.co.jp/digital/video/jur00813/jur00813jp-3.jpg,https://pics.dmm.co.jp/digital/video/jur00813/jur00813jp-3.jpg,AUDIT_OUTPUT,cover,center,null,UNREVIEWED
558,JUR00816,PACKAGE_RIGHT,dvd:right,/card-thumbnails/JUR00816-auto-right.jpg,/card-thumbnails/JUR00816-auto-right.jpg,AUDIT_OUTPUT,cover,right,null,UNREVIEWED
559,JUR00817,PACKAGE_RIGHT,dvd:right,/card-thumbnails/JUR00817-auto-right.jpg,/card-thumbnails/JUR00817-auto-right.jpg,AUDIT_OUTPUT,cover,right,null,UNREVIEWED
560,JUR00826,PACKAGE_RIGHT,dvd:right,/card-thumbnails/JUR00826-auto-right.jpg,/card-thumbnails/JUR00826-auto-right.jpg,AUDIT_OUTPUT,cover,right,null,UNREVIEWED
561,JUYU00006,PACKAGE_RIGHT,dvd:right,/card-thumbnails/JUYU00006-auto-right.jpg,/card-thumbnails/JUYU00006-auto-right.jpg,AUDIT_OUTPUT,cover,right,null,UNREVIEWED
562,JYMA00109,PACKAGE_RIGHT,dvd:right,/card-thumbnails/JYMA00109-auto-right.jpg,/card-thumbnails/JYMA00109-auto-right.jpg,AUDIT_OUTPUT,cover,right,null,UNREVIEWED
563,JYMA00110,PACKAGE_RIGHT,dvd:right,/card-thumbnails/JYMA00110-auto-right.jpg,/card-thumbnails/JYMA00110-auto-right.jpg,AUDIT_OUTPUT,cover,right,null,UNREVIEWED
564,KAGP00400,PACKAGE_CENTER,dvd:center,/card-thumbnails/KAGP00400-auto-center.jpg,https://pics.dmm.co.jp/digital/video/kagp00400/kagp00400pl.jpg,CSS_PACKAGE_POSITION,cover,center,null,UNREVIEWED
565,KAM00279,PACKAGE_RIGHT,dvd:right,/card-thumbnails/KAM00279-auto-right.jpg,/card-thumbnails/KAM00279-auto-right.jpg,AUDIT_OUTPUT,cover,right,null,UNREVIEWED
566,KAVR00499,SAMPLE,sample:1,https://pics.dmm.co.jp/digital/video/kavr00499/kavr00499jp-1.jpg,https://pics.dmm.co.jp/digital/video/kavr00499/kavr00499jp-1.jpg,AUDIT_OUTPUT,cover,center,null,UNREVIEWED
567,KAVR00502,PACKAGE_FULL,dvd:full,https://pics.dmm.co.jp/digital/video/kavr00502/kavr00502pl.jpg,https://pics.dmm.co.jp/digital/video/kavr00502/kavr00502pl.jpg,AUDIT_OUTPUT,contain,center,null,UNREVIEWED
568,KAVR00509,PACKAGE_RIGHT,dvd:right,/card-thumbnails/KAVR00509-auto-right.jpg,/card-thumbnails/KAVR00509-auto-right.jpg,AUDIT_OUTPUT,cover,right,null,UNREVIEWED
569,KBMS00211,PACKAGE_FULL,dvd:full,https://pics.dmm.co.jp/digital/video/kbms00211/kbms00211pl.jpg,https://pics.dmm.co.jp/digital/video/kbms00211/kbms00211pl.jpg,AUDIT_OUTPUT,contain,center,null,UNREVIEWED
570,KCDA00328,PACKAGE_RIGHT,dvd:right,/card-thumbnails/KCDA00328-auto-right.jpg,/card-thumbnails/KCDA00328-auto-right.jpg,AUDIT_OUTPUT,cover,right,null,UNREVIEWED
571,KIWVR00888,SAMPLE,sample:1,https://pics.dmm.co.jp/digital/video/kiwvr00888/kiwvr00888jp-1.jpg,https://pics.dmm.co.jp/digital/video/kiwvr00888/kiwvr00888jp-1.jpg,AUDIT_OUTPUT,cover,center,null,UNREVIEWED
575,KRBV00477,PACKAGE_FULL,dvd:full,https://pics.dmm.co.jp/digital/video/krbv00477/krbv00477pl.jpg,https://pics.dmm.co.jp/digital/video/krbv00477/krbv00477pl.jpg,AUDIT_OUTPUT,contain,center,null,UNREVIEWED
576,KSBJ00437,SAMPLE,sample:2,https://pics.dmm.co.jp/digital/video/ksbj00437/ksbj00437jp-2.jpg,https://pics.dmm.co.jp/digital/video/ksbj00437/ksbj00437jp-2.jpg,AUDIT_OUTPUT,cover,center,null,UNREVIEWED
578,KTRA00790,PACKAGE_RIGHT,dvd:right,/card-thumbnails/KTRA00790-auto-right.jpg,/card-thumbnails/KTRA00790-auto-right.jpg,AUDIT_OUTPUT,cover,right,null,UNREVIEWED
580,KTRA00792,PACKAGE_RIGHT,dvd:right,/card-thumbnails/KTRA00792-auto-right.jpg,/card-thumbnails/KTRA00792-auto-right.jpg,AUDIT_OUTPUT,cover,right,null,UNREVIEWED
581,KYMI00056,PACKAGE_CENTER,dvd:center,/card-thumbnails/KYMI00056-auto-center.jpg,https://pics.dmm.co.jp/digital/video/kymi00056/kymi00056pl.jpg,CSS_PACKAGE_POSITION,cover,center,null,UNREVIEWED
583,LZBS00128,PACKAGE_RIGHT,dvd:right,/card-thumbnails/LZBS00128-auto-right.jpg,/card-thumbnails/LZBS00128-auto-right.jpg,AUDIT_OUTPUT,cover,right,null,UNREVIEWED
584,MADB00004,SAMPLE,sample:5,https://pics.dmm.co.jp/digital/video/madb00004/madb00004jp-5.jpg,https://pics.dmm.co.jp/digital/video/madb00004/madb00004jp-5.jpg,AUDIT_OUTPUT,cover,center,null,UNREVIEWED
585,MADM00220,PACKAGE_RIGHT,dvd:right,/card-thumbnails/MADM00220-auto-right.jpg,/card-thumbnails/MADM00220-auto-right.jpg,AUDIT_OUTPUT,cover,right,null,UNREVIEWED
586,MADV00636,PACKAGE_CENTER,dvd:center,/card-thumbnails/MADV00636-auto-center.jpg,https://pics.dmm.co.jp/digital/video/madv00636/madv00636pl.jpg,CSS_PACKAGE_POSITION,cover,center,null,UNREVIEWED
587,MADV00637,PACKAGE_CENTER,dvd:center,/card-thumbnails/MADV00637-auto-center.jpg,https://pics.dmm.co.jp/digital/video/madv00637/madv00637pl.jpg,CSS_PACKAGE_POSITION,cover,center,null,UNREVIEWED
588,MADV00638,PACKAGE_RIGHT,dvd:right,/card-thumbnails/MADV00638-auto-right.jpg,/card-thumbnails/MADV00638-auto-right.jpg,AUDIT_OUTPUT,cover,right,null,UNREVIEWED
589,MADV00639,PACKAGE_RIGHT,dvd:right,/card-thumbnails/MADV00639-auto-right.jpg,/card-thumbnails/MADV00639-auto-right.jpg,AUDIT_OUTPUT,cover,right,null,UNREVIEWED
590,MANX00033,PACKAGE_FULL,dvd:full,https://pics.dmm.co.jp/digital/video/manx00033/manx00033pl.jpg,https://pics.dmm.co.jp/digital/video/manx00033/manx00033pl.jpg,AUDIT_OUTPUT,contain,center,null,UNREVIEWED
591,MBYD00428,PACKAGE_CENTER,dvd:center,/card-thumbnails/MBYD00428-auto-center.jpg,https://pics.dmm.co.jp/digital/video/mbyd00428/mbyd00428pl.jpg,CSS_PACKAGE_POSITION,cover,center,null,UNREVIEWED
592,MDBK00422,PACKAGE_CENTER,dvd:center,/card-thumbnails/MDBK00422-auto-center.jpg,https://pics.dmm.co.jp/digital/video/mdbk00422/mdbk00422pl.jpg,CSS_PACKAGE_POSITION,cover,center,null,UNREVIEWED
593,MDBK00423,PACKAGE_RIGHT,dvd:right,/card-thumbnails/MDBK00423-auto-right.jpg,/card-thumbnails/MDBK00423-auto-right.jpg,AUDIT_OUTPUT,cover,right,null,UNREVIEWED
594,MDBK00424,PACKAGE_RIGHT,dvd:right,/card-thumbnails/MDBK00424-auto-right.jpg,/card-thumbnails/MDBK00424-auto-right.jpg,AUDIT_OUTPUT,cover,right,null,UNREVIEWED
595,MDBK00425,PACKAGE_RIGHT,dvd:right,/card-thumbnails/MDBK00425-auto-right.jpg,/card-thumbnails/MDBK00425-auto-right.jpg,AUDIT_OUTPUT,cover,right,null,UNREVIEWED
596,MDBK00426,PACKAGE_CENTER,dvd:center,/card-thumbnails/MDBK00426-auto-center.jpg,https://pics.dmm.co.jp/digital/video/mdbk00426/mdbk00426pl.jpg,CSS_PACKAGE_POSITION,cover,center,null,UNREVIEWED
597,MDTM00882,PACKAGE_RIGHT,dvd:right,/card-thumbnails/MDTM00882-auto-right.jpg,/card-thumbnails/MDTM00882-auto-right.jpg,AUDIT_OUTPUT,cover,right,null,UNREVIEWED
599,MFYD00159,PACKAGE_RIGHT,dvd:right,/card-thumbnails/MFYD00159-auto-right.jpg,/card-thumbnails/MFYD00159-auto-right.jpg,AUDIT_OUTPUT,cover,right,null,UNREVIEWED
600,MFYD00160,PACKAGE_CENTER,dvd:center,/card-thumbnails/MFYD00160-auto-center.jpg,https://pics.dmm.co.jp/digital/video/mfyd00160/mfyd00160pl.jpg,CSS_PACKAGE_POSITION,cover,center,null,UNREVIEWED
601,MFYD00161,PACKAGE_FULL,dvd:full,https://pics.dmm.co.jp/digital/video/mfyd00161/mfyd00161pl.jpg,https://pics.dmm.co.jp/digital/video/mfyd00161/mfyd00161pl.jpg,AUDIT_OUTPUT,contain,center,null,UNREVIEWED
602,MFYD00162,PACKAGE_CENTER,dvd:center,/card-thumbnails/MFYD00162-auto-center.jpg,https://pics.dmm.co.jp/digital/video/mfyd00162/mfyd00162pl.jpg,CSS_PACKAGE_POSITION,cover,center,null,UNREVIEWED
603,MFYD00163,PACKAGE_RIGHT,dvd:right,/card-thumbnails/MFYD00163-auto-right.jpg,/card-thumbnails/MFYD00163-auto-right.jpg,AUDIT_OUTPUT,cover,right,null,UNREVIEWED
605,MFYD00165,PACKAGE_FULL,dvd:full,https://pics.dmm.co.jp/digital/video/mfyd00165/mfyd00165pl.jpg,https://pics.dmm.co.jp/digital/video/mfyd00165/mfyd00165pl.jpg,AUDIT_OUTPUT,contain,center,null,UNREVIEWED
606,MFYD00167,PACKAGE_RIGHT,dvd:right,/card-thumbnails/MFYD00167-auto-right.jpg,/card-thumbnails/MFYD00167-auto-right.jpg,AUDIT_OUTPUT,cover,right,null,UNREVIEWED
609,MGHT00389,PACKAGE_RIGHT,dvd:right,/card-thumbnails/MGHT00389-auto-right.jpg,/card-thumbnails/MGHT00389-auto-right.jpg,AUDIT_OUTPUT,cover,right,null,UNREVIEWED
610,MGHT00390,PACKAGE_RIGHT,dvd:right,/card-thumbnails/MGHT00390-auto-right.jpg,/card-thumbnails/MGHT00390-auto-right.jpg,AUDIT_OUTPUT,cover,right,null,UNREVIEWED
611,MGHT00391,PACKAGE_RIGHT,dvd:right,/card-thumbnails/MGHT00391-auto-right.jpg,/card-thumbnails/MGHT00391-auto-right.jpg,AUDIT_OUTPUT,cover,right,null,UNREVIEWED
612,MGHT00392,PACKAGE_RIGHT,dvd:right,/card-thumbnails/MGHT00392-auto-right.jpg,/card-thumbnails/MGHT00392-auto-right.jpg,AUDIT_OUTPUT,cover,right,null,UNREVIEWED
613,MGHT00393,PACKAGE_RIGHT,dvd:right,/card-thumbnails/MGHT00393-auto-right.jpg,/card-thumbnails/MGHT00393-auto-right.jpg,AUDIT_OUTPUT,cover,right,null,UNREVIEWED
614,MGMJ00085,PACKAGE_CENTER,dvd:center,/card-thumbnails/MGMJ00085-auto-center.jpg,https://pics.dmm.co.jp/digital/video/mgmj00085/mgmj00085pl.jpg,CSS_PACKAGE_POSITION,cover,center,null,UNREVIEWED
615,MGMQ00170,PACKAGE_RIGHT,dvd:right,/card-thumbnails/MGMQ00170-auto-right.jpg,/card-thumbnails/MGMQ00170-auto-right.jpg,AUDIT_OUTPUT,cover,right,null,UNREVIEWED
616,MI00029AI,PACKAGE_CENTER,dvd:center,/card-thumbnails/MI00029AI-auto-center.jpg,https://pics.dmm.co.jp/digital/video/mi00029ai/mi00029aipl.jpg,CSS_PACKAGE_POSITION,cover,center,null,UNREVIEWED
617,MIBB00082,PACKAGE_RIGHT,dvd:right,/card-thumbnails/MIBB00082-auto-right.jpg,/card-thumbnails/MIBB00082-auto-right.jpg,AUDIT_OUTPUT,cover,right,null,UNREVIEWED
618,MIBB00083,PACKAGE_FULL,dvd:full,https://pics.dmm.co.jp/digital/video/mibb00083/mibb00083pl.jpg,https://pics.dmm.co.jp/digital/video/mibb00083/mibb00083pl.jpg,AUDIT_OUTPUT,contain,center,null,UNREVIEWED
619,MIDA-574,PACKAGE_RIGHT,dvd:right,/card-thumbnails/MIDA-574-auto-right.jpg,/card-thumbnails/MIDA-574-auto-right.jpg,AUDIT_OUTPUT,cover,right,null,UNREVIEWED
620,MIDA-655,PACKAGE_RIGHT,dvd:right,/card-thumbnails/MIDA-655-auto-right.jpg,/card-thumbnails/MIDA-655-auto-right.jpg,AUDIT_OUTPUT,cover,right,null,UNREVIEWED
621,MIDA-691,PACKAGE_RIGHT,dvd:right,/card-thumbnails/MIDA-691-auto-right.jpg,/card-thumbnails/MIDA-691-auto-right.jpg,AUDIT_OUTPUT,cover,right,null,UNREVIEWED
622,MIDA-726,PACKAGE_RIGHT,dvd:right,/card-thumbnails/MIDA-726-auto-right.jpg,/card-thumbnails/MIDA-726-auto-right.jpg,AUDIT_OUTPUT,cover,right,null,UNREVIEWED
623,MIDA00645,PACKAGE_FULL,dvd:full,https://pics.dmm.co.jp/digital/video/mida00645/mida00645pl.jpg,https://pics.dmm.co.jp/digital/video/mida00645/mida00645pl.jpg,AUDIT_OUTPUT,contain,center,null,UNREVIEWED
624,MIDA00677,PACKAGE_RIGHT,dvd:right,/card-thumbnails/MIDA00677-auto-right.jpg,/card-thumbnails/MIDA00677-auto-right.jpg,AUDIT_OUTPUT,cover,right,null,UNREVIEWED
625,MIDA00700,PACKAGE_CENTER,dvd:center,/card-thumbnails/MIDA00700-auto-center.jpg,https://pics.dmm.co.jp/digital/video/mida00700/mida00700pl.jpg,CSS_PACKAGE_POSITION,cover,center,null,UNREVIEWED
626,MIDA00702,PACKAGE_CENTER,dvd:center,/card-thumbnails/MIDA00702-auto-center.jpg,https://pics.dmm.co.jp/digital/video/mida00702/mida00702pl.jpg,CSS_PACKAGE_POSITION,cover,center,null,UNREVIEWED
627,MIDA00705,PACKAGE_FULL,dvd:full,https://pics.dmm.co.jp/digital/video/mida00705/mida00705pl.jpg,https://pics.dmm.co.jp/digital/video/mida00705/mida00705pl.jpg,AUDIT_OUTPUT,contain,center,null,UNREVIEWED
628,MIDA00706,PACKAGE_FULL,dvd:full,https://pics.dmm.co.jp/digital/video/mida00706/mida00706pl.jpg,https://pics.dmm.co.jp/digital/video/mida00706/mida00706pl.jpg,AUDIT_OUTPUT,contain,center,null,UNREVIEWED
629,MIDA00707,PACKAGE_CENTER,dvd:center,/card-thumbnails/MIDA00707-auto-center.jpg,https://pics.dmm.co.jp/digital/video/mida00707/mida00707pl.jpg,CSS_PACKAGE_POSITION,cover,center,null,UNREVIEWED
630,MIDA00708,PACKAGE_CENTER,dvd:center,/card-thumbnails/MIDA00708-auto-center.jpg,https://pics.dmm.co.jp/digital/video/mida00708/mida00708pl.jpg,CSS_PACKAGE_POSITION,cover,center,null,UNREVIEWED
631,MIDA00709,PACKAGE_CENTER,dvd:center,/card-thumbnails/MIDA00709-auto-center.jpg,https://pics.dmm.co.jp/digital/video/mida00709/mida00709pl.jpg,CSS_PACKAGE_POSITION,cover,center,null,UNREVIEWED
632,MIDA00711,PACKAGE_CENTER,dvd:center,/card-thumbnails/MIDA00711-auto-center.jpg,https://pics.dmm.co.jp/digital/video/mida00711/mida00711pl.jpg,CSS_PACKAGE_POSITION,cover,center,null,UNREVIEWED
633,MIDA00717,PACKAGE_FULL,dvd:full,https://pics.dmm.co.jp/digital/video/mida00717/mida00717pl.jpg,https://pics.dmm.co.jp/digital/video/mida00717/mida00717pl.jpg,AUDIT_OUTPUT,contain,center,null,UNREVIEWED
634,MIDA00718,PACKAGE_CENTER,dvd:center,/card-thumbnails/MIDA00718-auto-center.jpg,https://pics.dmm.co.jp/digital/video/mida00718/mida00718pl.jpg,CSS_PACKAGE_POSITION,cover,center,null,UNREVIEWED
636,MIHD00006,PACKAGE_RIGHT,dvd:right,/card-thumbnails/MIHD00006-auto-right.jpg,/card-thumbnails/MIHD00006-auto-right.jpg,AUDIT_OUTPUT,cover,right,null,UNREVIEWED
638,MIKR00109,PACKAGE_RIGHT,dvd:right,/card-thumbnails/MIKR00109-auto-right.jpg,/card-thumbnails/MIKR00109-auto-right.jpg,AUDIT_OUTPUT,cover,right,null,UNREVIEWED
639,MIQD00014,PACKAGE_FULL,dvd:full,https://pics.dmm.co.jp/digital/video/miqd00014/miqd00014pl.jpg,https://pics.dmm.co.jp/digital/video/miqd00014/miqd00014pl.jpg,AUDIT_OUTPUT,contain,center,null,UNREVIEWED
640,MIRD00284,SAMPLE,sample:1,https://pics.dmm.co.jp/digital/video/mird00284/mird00284jp-1.jpg,https://pics.dmm.co.jp/digital/video/mird00284/mird00284jp-1.jpg,AUDIT_OUTPUT,cover,center,null,UNREVIEWED
641,MISM00450,PACKAGE_FULL,dvd:full,https://pics.dmm.co.jp/digital/video/mism00450/mism00450pl.jpg,https://pics.dmm.co.jp/digital/video/mism00450/mism00450pl.jpg,AUDIT_OUTPUT,contain,center,null,UNREVIEWED
642,MISM00455,PACKAGE_RIGHT,dvd:right,/card-thumbnails/MISM00455-auto-right.jpg,/card-thumbnails/MISM00455-auto-right.jpg,AUDIT_OUTPUT,cover,right,null,UNREVIEWED
643,MIZD00531,PACKAGE_RIGHT,dvd:right,/card-thumbnails/MIZD00531-auto-right.jpg,/card-thumbnails/MIZD00531-auto-right.jpg,AUDIT_OUTPUT,cover,right,null,UNREVIEWED
644,MKCK00425,PACKAGE_CENTER,dvd:center,/card-thumbnails/MKCK00425-auto-center.jpg,https://pics.dmm.co.jp/digital/video/mkck00425/mkck00425pl.jpg,CSS_PACKAGE_POSITION,cover,center,null,UNREVIEWED
645,MKCK00426,PACKAGE_FULL,dvd:full,https://pics.dmm.co.jp/digital/video/mkck00426/mkck00426pl.jpg,https://pics.dmm.co.jp/digital/video/mkck00426/mkck00426pl.jpg,AUDIT_OUTPUT,contain,center,null,UNREVIEWED
646,MKMP00739,PACKAGE_CENTER,dvd:center,/card-thumbnails/MKMP00739-auto-center.jpg,https://pics.dmm.co.jp/digital/video/mkmp00739/mkmp00739pl.jpg,CSS_PACKAGE_POSITION,cover,center,null,UNREVIEWED
647,MKMP00740,PACKAGE_RIGHT,dvd:right,/card-thumbnails/MKMP00740-auto-right.jpg,/card-thumbnails/MKMP00740-auto-right.jpg,AUDIT_OUTPUT,cover,right,null,UNREVIEWED
649,MKMP00742,SAMPLE,sample:1,https://pics.dmm.co.jp/digital/video/mkmp00742/mkmp00742jp-1.jpg,https://pics.dmm.co.jp/digital/video/mkmp00742/mkmp00742jp-1.jpg,AUDIT_OUTPUT,cover,center,null,UNREVIEWED
651,MKON00143,PACKAGE_CENTER,dvd:center,/card-thumbnails/MKON00143-auto-center.jpg,https://pics.dmm.co.jp/digital/video/mkon00143/mkon00143pl.jpg,CSS_PACKAGE_POSITION,cover,center,null,UNREVIEWED
652,MKON00144,SAMPLE,sample:3,https://pics.dmm.co.jp/digital/video/mkon00144/mkon00144jp-3.jpg,https://pics.dmm.co.jp/digital/video/mkon00144/mkon00144jp-3.jpg,AUDIT_OUTPUT,cover,center,null,UNREVIEWED
653,MKON00145,SAMPLE,sample:2,https://pics.dmm.co.jp/digital/video/mkon00145/mkon00145jp-2.jpg,https://pics.dmm.co.jp/digital/video/mkon00145/mkon00145jp-2.jpg,AUDIT_OUTPUT,cover,center,null,UNREVIEWED
654,MLMM00093,PACKAGE_FULL,dvd:full,https://pics.dmm.co.jp/digital/video/mlmm00093/mlmm00093pl.jpg,https://pics.dmm.co.jp/digital/video/mlmm00093/mlmm00093pl.jpg,AUDIT_OUTPUT,contain,center,null,UNREVIEWED
655,MMPV00004,PACKAGE_FULL,dvd:full,https://pics.dmm.co.jp/digital/video/mmpv00004/mmpv00004pl.jpg,https://pics.dmm.co.jp/digital/video/mmpv00004/mmpv00004pl.jpg,AUDIT_OUTPUT,contain,center,null,UNREVIEWED
656,MNGS00064,PACKAGE_CENTER,dvd:center,/card-thumbnails/MNGS00064-auto-center.jpg,https://pics.dmm.co.jp/digital/video/mngs00064/mngs00064pl.jpg,CSS_PACKAGE_POSITION,cover,center,null,UNREVIEWED
657,MNGS00084,PACKAGE_FULL,dvd:full,https://pics.dmm.co.jp/digital/video/mngs00084/mngs00084pl.jpg,https://pics.dmm.co.jp/digital/video/mngs00084/mngs00084pl.jpg,AUDIT_OUTPUT,contain,center,null,UNREVIEWED
658,MOIL00007,PACKAGE_RIGHT,dvd:right,/card-thumbnails/MOIL00007-auto-right.jpg,/card-thumbnails/MOIL00007-auto-right.jpg,AUDIT_OUTPUT,cover,right,null,UNREVIEWED
659,MOOR00067,PACKAGE_RIGHT,dvd:right,/card-thumbnails/MOOR00067-auto-right.jpg,/card-thumbnails/MOOR00067-auto-right.jpg,AUDIT_OUTPUT,cover,right,null,UNREVIEWED
660,MOPT00053,PACKAGE_RIGHT,dvd:right,/card-thumbnails/MOPT00053-auto-right.jpg,/card-thumbnails/MOPT00053-auto-right.jpg,AUDIT_OUTPUT,cover,right,null,UNREVIEWED
661,MREC00006,SAMPLE,sample:1,https://pics.dmm.co.jp/digital/video/mrec00006/mrec00006jp-1.jpg,https://pics.dmm.co.jp/digital/video/mrec00006/mrec00006jp-1.jpg,AUDIT_OUTPUT,cover,center,null,UNREVIEWED
662,MREC00007,SAMPLE,sample:1,https://pics.dmm.co.jp/digital/video/mrec00007/mrec00007jp-1.jpg,https://pics.dmm.co.jp/digital/video/mrec00007/mrec00007jp-1.jpg,AUDIT_OUTPUT,cover,center,null,UNREVIEWED
663,MRSS00189,SAMPLE,sample:3,https://pics.dmm.co.jp/digital/video/mrss00189/mrss00189jp-3.jpg,https://pics.dmm.co.jp/digital/video/mrss00189/mrss00189jp-3.jpg,AUDIT_OUTPUT,cover,center,null,UNREVIEWED
664,MUCD00358,PACKAGE_RIGHT,dvd:right,/card-thumbnails/MUCD00358-auto-right.jpg,/card-thumbnails/MUCD00358-auto-right.jpg,AUDIT_OUTPUT,cover,right,null,UNREVIEWED
665,MUCD00359,PACKAGE_RIGHT,dvd:right,/card-thumbnails/MUCD00359-auto-right.jpg,/card-thumbnails/MUCD00359-auto-right.jpg,AUDIT_OUTPUT,cover,right,null,UNREVIEWED
666,MUCH00204,PACKAGE_CENTER,dvd:center,/card-thumbnails/MUCH00204-auto-center.jpg,https://pics.dmm.co.jp/digital/video/much00204/much00204pl.jpg,CSS_PACKAGE_POSITION,cover,center,null,UNREVIEWED
667,MUDR00383,PACKAGE_FULL,dvd:full,https://pics.dmm.co.jp/digital/video/mudr00383/mudr00383pl.jpg,https://pics.dmm.co.jp/digital/video/mudr00383/mudr00383pl.jpg,AUDIT_OUTPUT,contain,center,null,UNREVIEWED
668,MUDR00384,PACKAGE_CENTER,dvd:center,/card-thumbnails/MUDR00384-auto-center.jpg,https://pics.dmm.co.jp/digital/video/mudr00384/mudr00384pl.jpg,CSS_PACKAGE_POSITION,cover,center,null,UNREVIEWED
670,MUDR00388,PACKAGE_CENTER,dvd:center,/card-thumbnails/MUDR00388-auto-center.jpg,https://pics.dmm.co.jp/digital/video/mudr00388/mudr00388pl.jpg,CSS_PACKAGE_POSITION,cover,center,null,UNREVIEWED
671,MUDR00393,PACKAGE_CENTER,dvd:center,/card-thumbnails/MUDR00393-auto-center.jpg,https://pics.dmm.co.jp/digital/video/mudr00393/mudr00393pl.jpg,CSS_PACKAGE_POSITION,cover,center,null,UNREVIEWED
672,MUDR00396,PACKAGE_RIGHT,dvd:right,/card-thumbnails/MUDR00396-auto-right.jpg,/card-thumbnails/MUDR00396-auto-right.jpg,AUDIT_OUTPUT,cover,right,null,UNREVIEWED
673,MUFR00009,PACKAGE_RIGHT,dvd:right,/card-thumbnails/MUFR00009-auto-right.jpg,/card-thumbnails/MUFR00009-auto-right.jpg,AUDIT_OUTPUT,cover,right,null,UNREVIEWED
674,MUGE00009,PACKAGE_RIGHT,dvd:right,/card-thumbnails/MUGE00009-auto-right.jpg,/card-thumbnails/MUGE00009-auto-right.jpg,AUDIT_OUTPUT,cover,right,null,UNREVIEWED
675,MUKD00578,PACKAGE_CENTER,dvd:center,/card-thumbnails/MUKD00578-auto-center.jpg,https://pics.dmm.co.jp/digital/video/mukd00578/mukd00578pl.jpg,CSS_PACKAGE_POSITION,cover,center,null,UNREVIEWED
676,MUKD00580,PACKAGE_RIGHT,dvd:right,/card-thumbnails/MUKD00580-auto-right.jpg,/card-thumbnails/MUKD00580-auto-right.jpg,AUDIT_OUTPUT,cover,right,null,UNREVIEWED
677,MVBD00196,PACKAGE_CENTER,dvd:center,/card-thumbnails/MVBD00196-auto-center.jpg,https://pics.dmm.co.jp/digital/video/mvbd00196/mvbd00196pl.jpg,CSS_PACKAGE_POSITION,cover,center,null,UNREVIEWED
678,MVG00168,PACKAGE_RIGHT,dvd:right,/card-thumbnails/MVG00168-auto-right.jpg,/card-thumbnails/MVG00168-auto-right.jpg,AUDIT_OUTPUT,cover,right,null,UNREVIEWED
679,MVG00169,PACKAGE_FULL,dvd:full,https://pics.dmm.co.jp/digital/video/mvg00169/mvg00169pl.jpg,https://pics.dmm.co.jp/digital/video/mvg00169/mvg00169pl.jpg,AUDIT_OUTPUT,contain,center,null,UNREVIEWED
680,MVSD00694,PACKAGE_RIGHT,dvd:right,/card-thumbnails/MVSD00694-auto-right.jpg,/card-thumbnails/MVSD00694-auto-right.jpg,AUDIT_OUTPUT,cover,right,null,UNREVIEWED
681,MVSD00696,PACKAGE_RIGHT,dvd:right,/card-thumbnails/MVSD00696-auto-right.jpg,/card-thumbnails/MVSD00696-auto-right.jpg,AUDIT_OUTPUT,cover,right,null,UNREVIEWED
682,MVSD00698,PACKAGE_RIGHT,dvd:right,/card-thumbnails/MVSD00698-auto-right.jpg,/card-thumbnails/MVSD00698-auto-right.jpg,AUDIT_OUTPUT,cover,right,null,UNREVIEWED
683,MVSD00701,PACKAGE_RIGHT,dvd:right,/card-thumbnails/MVSD00701-auto-right.jpg,https://pics.dmm.co.jp/digital/video/mvsd00701/mvsd00701pl.jpg,CSS_PACKAGE_POSITION,cover,right,null,UNREVIEWED
684,MVSD00702,SAMPLE,sample:1,https://pics.dmm.co.jp/digital/video/mvsd00702/mvsd00702jp-1.jpg,https://pics.dmm.co.jp/digital/video/mvsd00702/mvsd00702jp-1.jpg,AUDIT_OUTPUT,cover,center,null,UNREVIEWED
685,MYBA00096,PACKAGE_CENTER,dvd:center,/card-thumbnails/MYBA00096-auto-center.jpg,https://pics.dmm.co.jp/digital/video/myba00096/myba00096pl.jpg,CSS_PACKAGE_POSITION,cover,center,null,UNREVIEWED
686,NASK00418,PACKAGE_RIGHT,dvd:right,/card-thumbnails/NASK00418-auto-right.jpg,/card-thumbnails/NASK00418-auto-right.jpg,AUDIT_OUTPUT,cover,right,null,UNREVIEWED
688,NGOD00346,PACKAGE_RIGHT,dvd:right,/card-thumbnails/NGOD00346-auto-right.jpg,/card-thumbnails/NGOD00346-auto-right.jpg,AUDIT_OUTPUT,cover,right,null,UNREVIEWED
689,NGOD00347,PACKAGE_RIGHT,dvd:right,/card-thumbnails/NGOD00347-auto-right.jpg,/card-thumbnails/NGOD00347-auto-right.jpg,AUDIT_OUTPUT,cover,right,null,UNREVIEWED
690,NGOD00348,PACKAGE_RIGHT,dvd:right,/card-thumbnails/NGOD00348-auto-right.jpg,/card-thumbnails/NGOD00348-auto-right.jpg,AUDIT_OUTPUT,cover,right,null,UNREVIEWED
691,NGOD00349,PACKAGE_RIGHT,dvd:right,/card-thumbnails/NGOD00349-auto-right.jpg,/card-thumbnails/NGOD00349-auto-right.jpg,AUDIT_OUTPUT,cover,right,null,UNREVIEWED
693,NKD00342,PACKAGE_FULL,dvd:full,https://pics.dmm.co.jp/digital/video/nkd00342/nkd00342pl.jpg,https://pics.dmm.co.jp/digital/video/nkd00342/nkd00342pl.jpg,AUDIT_OUTPUT,contain,center,null,UNREVIEWED
694,NKKD00364,PACKAGE_RIGHT,dvd:right,/card-thumbnails/NKKD00364-auto-right.jpg,/card-thumbnails/NKKD00364-auto-right.jpg,AUDIT_OUTPUT,cover,right,null,UNREVIEWED
696,NKWMR00026,SAMPLE,sample:1,https://pics.dmm.co.jp/digital/video/nkwmr00026/nkwmr00026jp-1.jpg,https://pics.dmm.co.jp/digital/video/nkwmr00026/nkwmr00026jp-1.jpg,AUDIT_OUTPUT,cover,center,null,UNREVIEWED
697,NOPA00004AI,PACKAGE_CENTER,dvd:center,/card-thumbnails/NOPA00004AI-auto-center.jpg,https://pics.dmm.co.jp/digital/video/nopa00004ai/nopa00004aipl.jpg,CSS_PACKAGE_POSITION,cover,center,null,UNREVIEWED
698,NOPB00001AI,PACKAGE_RIGHT,dvd:right,/card-thumbnails/NOPB00001AI-auto-right.jpg,/card-thumbnails/NOPB00001AI-auto-right.jpg,AUDIT_OUTPUT,cover,right,null,UNREVIEWED
699,NSFS00492,PACKAGE_RIGHT,dvd:right,/card-thumbnails/NSFS00492-auto-right.jpg,/card-thumbnails/NSFS00492-auto-right.jpg,AUDIT_OUTPUT,cover,right,null,UNREVIEWED
700,NSFS00493,PACKAGE_CENTER,dvd:center,/card-thumbnails/NSFS00493-auto-center.jpg,https://pics.dmm.co.jp/digital/video/nsfs00493/nsfs00493pl.jpg,CSS_PACKAGE_POSITION,cover,center,null,UNREVIEWED
701,NSFS00494,PACKAGE_RIGHT,dvd:right,/card-thumbnails/NSFS00494-auto-right.jpg,/card-thumbnails/NSFS00494-auto-right.jpg,AUDIT_OUTPUT,cover,right,null,UNREVIEWED
702,NSFS00495,PACKAGE_CENTER,dvd:center,/card-thumbnails/NSFS00495-auto-center.jpg,https://pics.dmm.co.jp/digital/video/nsfs00495/nsfs00495pl.jpg,CSS_PACKAGE_POSITION,cover,center,null,UNREVIEWED
703,NSFS00496,PACKAGE_RIGHT,dvd:right,/card-thumbnails/NSFS00496-auto-right.jpg,/card-thumbnails/NSFS00496-auto-right.jpg,AUDIT_OUTPUT,cover,right,null,UNREVIEWED
704,NSFS00497,PACKAGE_RIGHT,dvd:right,/card-thumbnails/NSFS00497-auto-right.jpg,/card-thumbnails/NSFS00497-auto-right.jpg,AUDIT_OUTPUT,cover,right,null,UNREVIEWED
705,NSFS00498,PACKAGE_RIGHT,dvd:right,/card-thumbnails/NSFS00498-auto-right.jpg,/card-thumbnails/NSFS00498-auto-right.jpg,AUDIT_OUTPUT,cover,right,null,UNREVIEWED
706,NSFS00499,PACKAGE_RIGHT,dvd:right,/card-thumbnails/NSFS00499-auto-right.jpg,/card-thumbnails/NSFS00499-auto-right.jpg,AUDIT_OUTPUT,cover,right,null,UNREVIEWED
707,NVH00083,PACKAGE_RIGHT,dvd:right,/card-thumbnails/NVH00083-auto-right.jpg,/card-thumbnails/NVH00083-auto-right.jpg,AUDIT_OUTPUT,cover,right,null,UNREVIEWED
708,OFJE-561,PACKAGE_RIGHT,dvd:right,/card-thumbnails/OFJE-561-auto-right.jpg,/card-thumbnails/OFJE-561-auto-right.jpg,AUDIT_OUTPUT,cover,right,null,UNREVIEWED
709,OFJE-615,PACKAGE_FULL,dvd:full,https://pics.dmm.co.jp/digital/video/ofje00615/ofje00615pl.jpg,https://pics.dmm.co.jp/digital/video/ofje00615/ofje00615pl.jpg,AUDIT_OUTPUT,contain,center,null,UNREVIEWED
710,OFJE00643,PACKAGE_RIGHT,dvd:right,/card-thumbnails/OFJE00643-auto-right.jpg,/card-thumbnails/OFJE00643-auto-right.jpg,AUDIT_OUTPUT,cover,right,null,UNREVIEWED
711,OFJE00645,PACKAGE_FULL,dvd:full,https://pics.dmm.co.jp/digital/video/ofje00645/ofje00645pl.jpg,https://pics.dmm.co.jp/digital/video/ofje00645/ofje00645pl.jpg,AUDIT_OUTPUT,contain,center,null,UNREVIEWED
714,OFJE00648,PACKAGE_RIGHT,dvd:right,/card-thumbnails/OFJE00648-auto-right.jpg,/card-thumbnails/OFJE00648-auto-right.jpg,AUDIT_OUTPUT,cover,right,null,UNREVIEWED
715,OFJE00653,SAMPLE,sample:3,https://pics.dmm.co.jp/digital/video/ofje00653/ofje00653jp-3.jpg,https://pics.dmm.co.jp/digital/video/ofje00653/ofje00653jp-3.jpg,AUDIT_OUTPUT,cover,center,null,UNREVIEWED
716,ONSG00108,PACKAGE_CENTER,dvd:center,/card-thumbnails/ONSG00108-auto-center.jpg,https://pics.dmm.co.jp/digital/video/onsg00108/onsg00108pl.jpg,CSS_PACKAGE_POSITION,cover,center,null,UNREVIEWED
717,ONSG00109,PACKAGE_RIGHT,dvd:right,/card-thumbnails/ONSG00109-auto-right.jpg,/card-thumbnails/ONSG00109-auto-right.jpg,AUDIT_OUTPUT,cover,right,null,UNREVIEWED
718,PARATHD04490,PACKAGE_CENTER,dvd:center,/card-thumbnails/PARATHD04490-auto-center.jpg,https://pics.dmm.co.jp/digital/video/parathd04490/parathd04490pl.jpg,CSS_PACKAGE_POSITION,cover,center,null,UNREVIEWED
719,PARATHD04491,PACKAGE_FULL,dvd:full,https://pics.dmm.co.jp/digital/video/parathd04491/parathd04491pl.jpg,https://pics.dmm.co.jp/digital/video/parathd04491/parathd04491pl.jpg,AUDIT_OUTPUT,contain,center,null,UNREVIEWED
720,PBD00521,PACKAGE_RIGHT,dvd:right,/card-thumbnails/PBD00521-auto-right.jpg,/card-thumbnails/PBD00521-auto-right.jpg,AUDIT_OUTPUT,cover,right,null,UNREVIEWED
721,PBD00522,PACKAGE_RIGHT,dvd:right,/card-thumbnails/PBD00522-auto-right.jpg,/card-thumbnails/PBD00522-auto-right.jpg,AUDIT_OUTPUT,cover,right,null,UNREVIEWED
722,PPBD00321,PACKAGE_CENTER,dvd:center,/card-thumbnails/PPBD00321-auto-center.jpg,https://pics.dmm.co.jp/digital/video/ppbd00321/ppbd00321pl.jpg,CSS_PACKAGE_POSITION,cover,center,null,UNREVIEWED
723,PPPE00422,PACKAGE_FULL,dvd:full,https://pics.dmm.co.jp/digital/video/pppe00422/pppe00422pl.jpg,https://pics.dmm.co.jp/digital/video/pppe00422/pppe00422pl.jpg,AUDIT_OUTPUT,contain,center,null,UNREVIEWED
724,PPPE00426,PACKAGE_CENTER,dvd:center,/card-thumbnails/PPPE00426-auto-center.jpg,https://pics.dmm.co.jp/digital/video/pppe00426/pppe00426pl.jpg,CSS_PACKAGE_POSITION,cover,center,null,UNREVIEWED
725,PPPE00428,PACKAGE_CENTER,dvd:center,/card-thumbnails/PPPE00428-auto-center.jpg,https://pics.dmm.co.jp/digital/video/pppe00428/pppe00428pl.jpg,CSS_PACKAGE_POSITION,cover,center,null,UNREVIEWED
726,PPPE00429,PACKAGE_RIGHT,dvd:right,/card-thumbnails/PPPE00429-auto-right.jpg,/card-thumbnails/PPPE00429-auto-right.jpg,AUDIT_OUTPUT,cover,right,null,UNREVIEWED
727,PPPE00430,PACKAGE_FULL,dvd:full,https://pics.dmm.co.jp/digital/video/pppe00430/pppe00430pl.jpg,https://pics.dmm.co.jp/digital/video/pppe00430/pppe00430pl.jpg,AUDIT_OUTPUT,contain,center,null,UNREVIEWED
728,PRED00870,PACKAGE_CENTER,dvd:center,/card-thumbnails/PRED00870-auto-center.jpg,https://pics.dmm.co.jp/digital/video/pred00870/pred00870pl.jpg,CSS_PACKAGE_POSITION,cover,center,null,UNREVIEWED
729,PRED00878,PACKAGE_RIGHT,dvd:right,/card-thumbnails/PRED00878-auto-right.jpg,/card-thumbnails/PRED00878-auto-right.jpg,AUDIT_OUTPUT,cover,right,null,UNREVIEWED
730,PRED00879,PACKAGE_CENTER,dvd:center,/card-thumbnails/PRED00879-auto-center.jpg,https://pics.dmm.co.jp/digital/video/pred00879/pred00879pl.jpg,CSS_PACKAGE_POSITION,cover,center,null,UNREVIEWED
731,PRED00880,SAMPLE,sample:1,https://pics.dmm.co.jp/digital/video/pred00880/pred00880jp-1.jpg,https://pics.dmm.co.jp/digital/video/pred00880/pred00880jp-1.jpg,AUDIT_OUTPUT,cover,center,null,UNREVIEWED
732,PRED00886,PACKAGE_FULL,dvd:full,https://pics.dmm.co.jp/digital/video/pred00886/pred00886pl.jpg,https://pics.dmm.co.jp/digital/video/pred00886/pred00886pl.jpg,AUDIT_OUTPUT,contain,center,null,UNREVIEWED
733,PRWF00014,PACKAGE_RIGHT,dvd:right,/card-thumbnails/PRWF00014-auto-right.jpg,/card-thumbnails/PRWF00014-auto-right.jpg,AUDIT_OUTPUT,cover,right,null,UNREVIEWED
734,PXVR00456,PACKAGE_RIGHT,dvd:right,/card-thumbnails/PXVR00456-auto-right.jpg,https://pics.dmm.co.jp/digital/video/pxvr00456/pxvr00456pl.jpg,CSS_PACKAGE_POSITION,cover,right,null,UNREVIEWED
735,PXVR00457,SAMPLE,sample:1,https://pics.dmm.co.jp/digital/video/pxvr00457/pxvr00457jp-1.jpg,https://pics.dmm.co.jp/digital/video/pxvr00457/pxvr00457jp-1.jpg,AUDIT_OUTPUT,cover,center,null,UNREVIEWED
736,PXVR00458,SAMPLE,sample:1,https://pics.dmm.co.jp/digital/video/pxvr00458/pxvr00458jp-1.jpg,https://pics.dmm.co.jp/digital/video/pxvr00458/pxvr00458jp-1.jpg,AUDIT_OUTPUT,cover,center,null,UNREVIEWED
737,PXVR00459,SAMPLE,sample:1,https://pics.dmm.co.jp/digital/video/pxvr00459/pxvr00459jp-1.jpg,https://pics.dmm.co.jp/digital/video/pxvr00459/pxvr00459jp-1.jpg,AUDIT_OUTPUT,cover,center,null,UNREVIEWED
738,PXVR00460,SAMPLE,sample:1,https://pics.dmm.co.jp/digital/video/pxvr00460/pxvr00460jp-1.jpg,https://pics.dmm.co.jp/digital/video/pxvr00460/pxvr00460jp-1.jpg,AUDIT_OUTPUT,cover,center,null,UNREVIEWED
739,PXVR00461,PACKAGE_RIGHT,dvd:right,/card-thumbnails/PXVR00461-auto-right.jpg,https://pics.dmm.co.jp/digital/video/pxvr00461/pxvr00461pl.jpg,CSS_PACKAGE_POSITION,cover,right,null,UNREVIEWED
740,PXVR00462,SAMPLE,sample:1,https://pics.dmm.co.jp/digital/video/pxvr00462/pxvr00462jp-1.jpg,https://pics.dmm.co.jp/digital/video/pxvr00462/pxvr00462jp-1.jpg,AUDIT_OUTPUT,cover,center,null,UNREVIEWED
741,PXVR00463,SAMPLE,sample:1,https://pics.dmm.co.jp/digital/video/pxvr00463/pxvr00463jp-1.jpg,https://pics.dmm.co.jp/digital/video/pxvr00463/pxvr00463jp-1.jpg,AUDIT_OUTPUT,cover,center,null,UNREVIEWED
743,PXVRW00007,SAMPLE,sample:1,https://pics.dmm.co.jp/digital/video/pxvrw00007/pxvrw00007jp-1.jpg,https://pics.dmm.co.jp/digital/video/pxvrw00007/pxvrw00007jp-1.jpg,AUDIT_OUTPUT,cover,center,null,UNREVIEWED
745,REAL00998,PACKAGE_CENTER,dvd:center,/card-thumbnails/REAL00998-auto-center.jpg,https://pics.dmm.co.jp/digital/video/real00998/real00998pl.jpg,CSS_PACKAGE_POSITION,cover,center,null,UNREVIEWED
746,REAL00999,PACKAGE_RIGHT,dvd:right,/card-thumbnails/REAL00999-auto-right.jpg,/card-thumbnails/REAL00999-auto-right.jpg,AUDIT_OUTPUT,cover,right,null,UNREVIEWED
747,REZD00335,PACKAGE_RIGHT,dvd:right,/card-thumbnails/REZD00335-auto-right.jpg,/card-thumbnails/REZD00335-auto-right.jpg,AUDIT_OUTPUT,cover,right,null,UNREVIEWED
748,RKI00749,PACKAGE_RIGHT,dvd:right,/card-thumbnails/RKI00749-auto-right.jpg,/card-thumbnails/RKI00749-auto-right.jpg,AUDIT_OUTPUT,cover,right,null,UNREVIEWED
749,RKI00751,SAMPLE,sample:5,https://pics.dmm.co.jp/digital/video/rki00751/rki00751jp-5.jpg,https://pics.dmm.co.jp/digital/video/rki00751/rki00751jp-5.jpg,AUDIT_OUTPUT,cover,center,null,UNREVIEWED
750,RKI00753,PACKAGE_FULL,dvd:full,https://pics.dmm.co.jp/digital/video/rki00753/rki00753pl.jpg,https://pics.dmm.co.jp/digital/video/rki00753/rki00753pl.jpg,AUDIT_OUTPUT,contain,center,null,UNREVIEWED
751,RKI00760,PACKAGE_CENTER,dvd:center,/card-thumbnails/RKI00760-auto-center.jpg,https://pics.dmm.co.jp/digital/video/rki00760/rki00760pl.jpg,CSS_PACKAGE_POSITION,cover,center,null,UNREVIEWED
752,RLMP00001,PACKAGE_RIGHT,dvd:right,/card-thumbnails/RLMP00001-auto-right.jpg,/card-thumbnails/RLMP00001-auto-right.jpg,AUDIT_OUTPUT,cover,right,null,UNREVIEWED
753,RLMP00002,PACKAGE_RIGHT,dvd:right,/card-thumbnails/RLMP00002-auto-right.jpg,/card-thumbnails/RLMP00002-auto-right.jpg,AUDIT_OUTPUT,cover,right,null,UNREVIEWED
754,RLMP00003,PACKAGE_FULL,dvd:full,https://pics.dmm.co.jp/digital/video/rlmp00003/rlmp00003pl.jpg,https://pics.dmm.co.jp/digital/video/rlmp00003/rlmp00003pl.jpg,AUDIT_OUTPUT,contain,center,null,UNREVIEWED
755,RLMP00004,PACKAGE_RIGHT,dvd:right,/card-thumbnails/RLMP00004-auto-right.jpg,/card-thumbnails/RLMP00004-auto-right.jpg,AUDIT_OUTPUT,cover,right,null,UNREVIEWED
756,RMER00057,SAMPLE,sample:1,https://pics.dmm.co.jp/digital/video/rmer00057/rmer00057jp-1.jpg,https://pics.dmm.co.jp/digital/video/rmer00057/rmer00057jp-1.jpg,AUDIT_OUTPUT,cover,center,null,UNREVIEWED
757,ROE00512,PACKAGE_CENTER,dvd:center,/card-thumbnails/ROE00512-auto-center.jpg,https://pics.dmm.co.jp/digital/video/roe00512/roe00512pl.jpg,CSS_PACKAGE_POSITION,cover,center,null,UNREVIEWED
758,ROE00513,PACKAGE_RIGHT,dvd:right,/card-thumbnails/ROE00513-auto-right.jpg,/card-thumbnails/ROE00513-auto-right.jpg,AUDIT_OUTPUT,cover,right,null,UNREVIEWED
759,ROE00514,PACKAGE_RIGHT,dvd:right,/card-thumbnails/ROE00514-auto-right.jpg,https://pics.dmm.co.jp/digital/video/roe00514/roe00514pl.jpg,CSS_PACKAGE_POSITION,cover,right,null,UNREVIEWED
760,ROE00516,PACKAGE_RIGHT,dvd:right,/card-thumbnails/ROE00516-auto-right.jpg,/card-thumbnails/ROE00516-auto-right.jpg,AUDIT_OUTPUT,cover,right,null,UNREVIEWED
761,ROE00517,PACKAGE_RIGHT,dvd:right,/card-thumbnails/ROE00517-auto-right.jpg,/card-thumbnails/ROE00517-auto-right.jpg,AUDIT_OUTPUT,cover,right,null,UNREVIEWED
762,ROE00518,PACKAGE_RIGHT,dvd:right,/card-thumbnails/ROE00518-auto-right.jpg,/card-thumbnails/ROE00518-auto-right.jpg,AUDIT_OUTPUT,cover,right,null,UNREVIEWED
763,ROE00519,PACKAGE_RIGHT,dvd:right,/card-thumbnails/ROE00519-auto-right.jpg,/card-thumbnails/ROE00519-auto-right.jpg,AUDIT_OUTPUT,cover,right,null,UNREVIEWED
764,ROE00521,PACKAGE_RIGHT,dvd:right,/card-thumbnails/ROE00521-auto-right.jpg,/card-thumbnails/ROE00521-auto-right.jpg,AUDIT_OUTPUT,cover,right,null,UNREVIEWED
765,ROE00524,PACKAGE_RIGHT,dvd:right,/card-thumbnails/ROE00524-auto-right.jpg,/card-thumbnails/ROE00524-auto-right.jpg,AUDIT_OUTPUT,cover,right,null,UNREVIEWED
767,ROE00526,PACKAGE_CENTER,dvd:center,/card-thumbnails/ROE00526-auto-center.jpg,https://pics.dmm.co.jp/digital/video/roe00526/roe00526pl.jpg,CSS_PACKAGE_POSITION,cover,center,null,UNREVIEWED
768,ROE00527,PACKAGE_RIGHT,dvd:right,/card-thumbnails/ROE00527-auto-right.jpg,/card-thumbnails/ROE00527-auto-right.jpg,AUDIT_OUTPUT,cover,right,null,UNREVIEWED
769,ROE00528,PACKAGE_RIGHT,dvd:right,/card-thumbnails/ROE00528-auto-right.jpg,/card-thumbnails/ROE00528-auto-right.jpg,AUDIT_OUTPUT,cover,right,null,UNREVIEWED
770,ROEB00020,PACKAGE_FULL,dvd:full,https://pics.dmm.co.jp/digital/video/roeb00020/roeb00020pl.jpg,https://pics.dmm.co.jp/digital/video/roeb00020/roeb00020pl.jpg,AUDIT_OUTPUT,contain,center,null,UNREVIEWED
771,ROYD00328,PACKAGE_RIGHT,dvd:right,/card-thumbnails/ROYD00328-auto-right.jpg,/card-thumbnails/ROYD00328-auto-right.jpg,AUDIT_OUTPUT,cover,right,null,UNREVIEWED
772,ROYD00331,PACKAGE_RIGHT,dvd:right,/card-thumbnails/ROYD00331-auto-right.jpg,/card-thumbnails/ROYD00331-auto-right.jpg,AUDIT_OUTPUT,cover,right,null,UNREVIEWED
774,ROYD00333,PACKAGE_RIGHT,dvd:right,/card-thumbnails/ROYD00333-auto-right.jpg,/card-thumbnails/ROYD00333-auto-right.jpg,AUDIT_OUTPUT,cover,right,null,UNREVIEWED
775,ROYD00334,PACKAGE_RIGHT,dvd:right,/card-thumbnails/ROYD00334-auto-right.jpg,/card-thumbnails/ROYD00334-auto-right.jpg,AUDIT_OUTPUT,cover,right,null,UNREVIEWED
776,ROYD00335,SAMPLE,sample:4,https://pics.dmm.co.jp/digital/video/royd00335/royd00335jp-4.jpg,https://pics.dmm.co.jp/digital/video/royd00335/royd00335jp-4.jpg,AUDIT_OUTPUT,cover,center,null,UNREVIEWED
777,ROYD00336,PACKAGE_RIGHT,dvd:right,/card-thumbnails/ROYD00336-auto-right.jpg,/card-thumbnails/ROYD00336-auto-right.jpg,AUDIT_OUTPUT,cover,right,null,UNREVIEWED
778,ROYD00337,PACKAGE_RIGHT,dvd:right,/card-thumbnails/ROYD00337-auto-right.jpg,/card-thumbnails/ROYD00337-auto-right.jpg,AUDIT_OUTPUT,cover,right,null,UNREVIEWED
779,ROYD00346,PACKAGE_RIGHT,dvd:right,/card-thumbnails/ROYD00346-auto-right.jpg,/card-thumbnails/ROYD00346-auto-right.jpg,AUDIT_OUTPUT,cover,right,null,UNREVIEWED
780,RROY00019,PACKAGE_RIGHT,dvd:right,/card-thumbnails/RROY00019-auto-right.jpg,/card-thumbnails/RROY00019-auto-right.jpg,AUDIT_OUTPUT,cover,right,null,UNREVIEWED
781,RROY00020,PACKAGE_RIGHT,dvd:right,/card-thumbnails/RROY00020-auto-right.jpg,/card-thumbnails/RROY00020-auto-right.jpg,AUDIT_OUTPUT,cover,right,null,UNREVIEWED
782,SAVR01091,SAMPLE,sample:1,https://pics.dmm.co.jp/digital/video/savr01091/savr01091jp-1.jpg,https://pics.dmm.co.jp/digital/video/savr01091/savr01091jp-1.jpg,AUDIT_OUTPUT,cover,center,null,UNREVIEWED
784,SAVR01116,PACKAGE_RIGHT,dvd:right,/card-thumbnails/SAVR01116-auto-right.jpg,https://pics.dmm.co.jp/digital/video/savr01116/savr01116pl.jpg,CSS_PACKAGE_POSITION,cover,right,null,UNREVIEWED
785,SAVR01117,SAMPLE,sample:1,https://pics.dmm.co.jp/digital/video/savr01117/savr01117jp-1.jpg,https://pics.dmm.co.jp/digital/video/savr01117/savr01117jp-1.jpg,AUDIT_OUTPUT,cover,center,null,UNREVIEWED
786,SAVR01118,PACKAGE_FULL,dvd:full,https://pics.dmm.co.jp/digital/video/savr01118/savr01118pl.jpg,https://pics.dmm.co.jp/digital/video/savr01118/savr01118pl.jpg,AUDIT_OUTPUT,contain,center,null,UNREVIEWED
787,SAVR01120,SAMPLE,sample:1,https://pics.dmm.co.jp/digital/video/savr01120/savr01120jp-1.jpg,https://pics.dmm.co.jp/digital/video/savr01120/savr01120jp-1.jpg,AUDIT_OUTPUT,cover,center,null,UNREVIEWED
788,SAVR01121,SAMPLE,sample:1,https://pics.dmm.co.jp/digital/video/savr01121/savr01121jp-1.jpg,https://pics.dmm.co.jp/digital/video/savr01121/savr01121jp-1.jpg,AUDIT_OUTPUT,cover,center,null,UNREVIEWED
789,SAVR01125,SAMPLE,sample:1,https://pics.dmm.co.jp/digital/video/savr01125/savr01125jp-1.jpg,https://pics.dmm.co.jp/digital/video/savr01125/savr01125jp-1.jpg,AUDIT_OUTPUT,cover,center,null,UNREVIEWED
791,SAVR01127,SAMPLE,sample:1,https://pics.dmm.co.jp/digital/video/savr01127/savr01127jp-1.jpg,https://pics.dmm.co.jp/digital/video/savr01127/savr01127jp-1.jpg,AUDIT_OUTPUT,cover,center,null,UNREVIEWED
792,SAVR01128,SAMPLE,sample:1,https://pics.dmm.co.jp/digital/video/savr01128/savr01128jp-1.jpg,https://pics.dmm.co.jp/digital/video/savr01128/savr01128jp-1.jpg,AUDIT_OUTPUT,cover,center,null,UNREVIEWED
793,SAVR01129,SAMPLE,sample:1,https://pics.dmm.co.jp/digital/video/savr01129/savr01129jp-1.jpg,https://pics.dmm.co.jp/digital/video/savr01129/savr01129jp-1.jpg,AUDIT_OUTPUT,cover,center,null,UNREVIEWED
794,SAVR01131,SAMPLE,sample:1,https://pics.dmm.co.jp/digital/video/savr01131/savr01131jp-1.jpg,https://pics.dmm.co.jp/digital/video/savr01131/savr01131jp-1.jpg,AUDIT_OUTPUT,cover,center,null,UNREVIEWED
796,SAVR01135,SAMPLE,sample:1,https://pics.dmm.co.jp/digital/video/savr01135/savr01135jp-1.jpg,https://pics.dmm.co.jp/digital/video/savr01135/savr01135jp-1.jpg,AUDIT_OUTPUT,cover,center,null,UNREVIEWED
797,SAVR01136,SAMPLE,sample:1,https://pics.dmm.co.jp/digital/video/savr01136/savr01136jp-1.jpg,https://pics.dmm.co.jp/digital/video/savr01136/savr01136jp-1.jpg,AUDIT_OUTPUT,cover,center,null,UNREVIEWED
798,SAVR01137,PACKAGE_FULL,dvd:full,https://pics.dmm.co.jp/digital/video/savr01137/savr01137pl.jpg,https://pics.dmm.co.jp/digital/video/savr01137/savr01137pl.jpg,AUDIT_OUTPUT,contain,center,null,UNREVIEWED
799,SAVR01138,SAMPLE,sample:1,https://pics.dmm.co.jp/digital/video/savr01138/savr01138jp-1.jpg,https://pics.dmm.co.jp/digital/video/savr01138/savr01138jp-1.jpg,AUDIT_OUTPUT,cover,center,null,UNREVIEWED
800,SCD00251,PACKAGE_RIGHT,dvd:right,/card-thumbnails/SCD00251-auto-right.jpg,/card-thumbnails/SCD00251-auto-right.jpg,AUDIT_OUTPUT,cover,right,null,UNREVIEWED
801,SGM00062,PACKAGE_RIGHT,dvd:right,/card-thumbnails/SGM00062-auto-right.jpg,/card-thumbnails/SGM00062-auto-right.jpg,AUDIT_OUTPUT,cover,right,null,UNREVIEWED
802,SITW00054,PACKAGE_RIGHT,dvd:right,/card-thumbnails/SITW00054-auto-right.jpg,/card-thumbnails/SITW00054-auto-right.jpg,AUDIT_OUTPUT,cover,right,null,UNREVIEWED
803,SIVR00493,SAMPLE,sample:1,https://pics.dmm.co.jp/digital/video/sivr00493/sivr00493jp-1.jpg,https://pics.dmm.co.jp/digital/video/sivr00493/sivr00493jp-1.jpg,AUDIT_OUTPUT,cover,center,null,UNREVIEWED
805,SKMN00031,PACKAGE_RIGHT,dvd:right,/card-thumbnails/SKMN00031-auto-right.jpg,/card-thumbnails/SKMN00031-auto-right.jpg,AUDIT_OUTPUT,cover,right,null,UNREVIEWED
806,SMOM00008,PACKAGE_FULL,dvd:full,https://pics.dmm.co.jp/digital/video/smom00008/smom00008pl.jpg,https://pics.dmm.co.jp/digital/video/smom00008/smom00008pl.jpg,AUDIT_OUTPUT,contain,center,null,UNREVIEWED
807,SNOS-183,SAMPLE,sample:4,https://pics.dmm.co.jp/digital/video/snos00183/snos00183jp-4.jpg,https://pics.dmm.co.jp/digital/video/snos00183/snos00183jp-4.jpg,AUDIT_OUTPUT,cover,center,null,UNREVIEWED
808,SNOS-209,SAMPLE,sample:8,https://pics.dmm.co.jp/digital/video/snos00209/snos00209jp-8.jpg,https://pics.dmm.co.jp/digital/video/snos00209/snos00209jp-8.jpg,AUDIT_OUTPUT,cover,center,null,UNREVIEWED
810,SNOS-250,PACKAGE_RIGHT,dvd:right,/card-thumbnails/SNOS-250-auto-right.jpg,/card-thumbnails/SNOS-250-auto-right.jpg,AUDIT_OUTPUT,cover,right,null,UNREVIEWED
811,SNOS00245,SAMPLE,sample:7,https://pics.dmm.co.jp/digital/video/snos00245/snos00245jp-7.jpg,https://pics.dmm.co.jp/digital/video/snos00245/snos00245jp-7.jpg,AUDIT_OUTPUT,cover,center,null,UNREVIEWED
812,SNOS00247,PACKAGE_RIGHT,dvd:right,/card-thumbnails/SNOS00247-auto-right.jpg,/card-thumbnails/SNOS00247-auto-right.jpg,AUDIT_OUTPUT,cover,right,null,UNREVIEWED
813,SNOS00249,PACKAGE_RIGHT,dvd:right,/card-thumbnails/SNOS00249-auto-right.jpg,/card-thumbnails/SNOS00249-auto-right.jpg,AUDIT_OUTPUT,cover,right,null,UNREVIEWED
814,SNOS00252,PACKAGE_FULL,dvd:full,https://pics.dmm.co.jp/digital/video/snos00252/snos00252pl.jpg,https://pics.dmm.co.jp/digital/video/snos00252/snos00252pl.jpg,AUDIT_OUTPUT,contain,center,null,UNREVIEWED
815,SNOS00258,PACKAGE_CENTER,dvd:center,/card-thumbnails/SNOS00258-auto-center.jpg,https://pics.dmm.co.jp/digital/video/snos00258/snos00258pl.jpg,CSS_PACKAGE_POSITION,cover,center,null,UNREVIEWED
816,SNOS00261,SAMPLE,sample:9,https://pics.dmm.co.jp/digital/video/snos00261/snos00261jp-9.jpg,https://pics.dmm.co.jp/digital/video/snos00261/snos00261jp-9.jpg,AUDIT_OUTPUT,cover,center,null,UNREVIEWED
817,SNOS00269,PACKAGE_CENTER,dvd:center,/card-thumbnails/SNOS00269-auto-center.jpg,https://pics.dmm.co.jp/digital/video/snos00269/snos00269pl.jpg,CSS_PACKAGE_POSITION,cover,center,null,UNREVIEWED
818,SNOS00271,PACKAGE_RIGHT,dvd:right,/card-thumbnails/SNOS00271-auto-right.jpg,/card-thumbnails/SNOS00271-auto-right.jpg,AUDIT_OUTPUT,cover,right,null,UNREVIEWED
819,SNOS00274,PACKAGE_RIGHT,dvd:right,/card-thumbnails/SNOS00274-auto-right.jpg,/card-thumbnails/SNOS00274-auto-right.jpg,AUDIT_OUTPUT,cover,right,null,UNREVIEWED
820,SNOS00276,PACKAGE_CENTER,dvd:center,/card-thumbnails/SNOS00276-auto-center.jpg,https://pics.dmm.co.jp/digital/video/snos00276/snos00276pl.jpg,CSS_PACKAGE_POSITION,cover,center,null,UNREVIEWED
821,SNOS00279,PACKAGE_RIGHT,dvd:right,/card-thumbnails/SNOS00279-auto-right.jpg,/card-thumbnails/SNOS00279-auto-right.jpg,AUDIT_OUTPUT,cover,right,null,UNREVIEWED
822,SNOS00281,PACKAGE_RIGHT,dvd:right,/card-thumbnails/SNOS00281-auto-right.jpg,/card-thumbnails/SNOS00281-auto-right.jpg,AUDIT_OUTPUT,cover,right,null,UNREVIEWED
823,SNOS00286,PACKAGE_CENTER,dvd:center,/card-thumbnails/SNOS00286-auto-center.jpg,https://pics.dmm.co.jp/digital/video/snos00286/snos00286pl.jpg,CSS_PACKAGE_POSITION,cover,center,null,UNREVIEWED
825,SNOS00291,PACKAGE_RIGHT,dvd:right,/card-thumbnails/SNOS00291-auto-right.jpg,/card-thumbnails/SNOS00291-auto-right.jpg,AUDIT_OUTPUT,cover,right,null,UNREVIEWED
826,SNOS00292,PACKAGE_RIGHT,dvd:right,/card-thumbnails/SNOS00292-auto-right.jpg,/card-thumbnails/SNOS00292-auto-right.jpg,AUDIT_OUTPUT,cover,right,null,UNREVIEWED
827,SNOS00293,PACKAGE_RIGHT,dvd:right,/card-thumbnails/SNOS00293-auto-right.jpg,/card-thumbnails/SNOS00293-auto-right.jpg,AUDIT_OUTPUT,cover,right,null,UNREVIEWED
828,SNOS00294,PACKAGE_FULL,dvd:full,https://pics.dmm.co.jp/digital/video/snos00294/snos00294pl.jpg,https://pics.dmm.co.jp/digital/video/snos00294/snos00294pl.jpg,AUDIT_OUTPUT,contain,center,null,UNREVIEWED
829,SNOS00295,SAMPLE,sample:1,https://pics.dmm.co.jp/digital/video/snos00295/snos00295jp-1.jpg,https://pics.dmm.co.jp/digital/video/snos00295/snos00295jp-1.jpg,AUDIT_OUTPUT,cover,center,null,UNREVIEWED
830,SNOS00296,PACKAGE_RIGHT,dvd:right,/card-thumbnails/SNOS00296-auto-right.jpg,/card-thumbnails/SNOS00296-auto-right.jpg,AUDIT_OUTPUT,cover,right,null,UNREVIEWED
831,SNOS00300,PACKAGE_RIGHT,dvd:right,/card-thumbnails/SNOS00300-auto-right.jpg,/card-thumbnails/SNOS00300-auto-right.jpg,AUDIT_OUTPUT,cover,right,null,UNREVIEWED
832,SNOS00301,PACKAGE_RIGHT,dvd:right,/card-thumbnails/SNOS00301-auto-right.jpg,/card-thumbnails/SNOS00301-auto-right.jpg,AUDIT_OUTPUT,cover,right,null,UNREVIEWED
833,SNOS00303,PACKAGE_CENTER,dvd:center,/card-thumbnails/SNOS00303-auto-center.jpg,https://pics.dmm.co.jp/digital/video/snos00303/snos00303pl.jpg,CSS_PACKAGE_POSITION,cover,center,null,UNREVIEWED
834,SNOS00307,PACKAGE_RIGHT,dvd:right,/card-thumbnails/SNOS00307-auto-right.jpg,/card-thumbnails/SNOS00307-auto-right.jpg,AUDIT_OUTPUT,cover,right,null,UNREVIEWED
835,SNOS00308,PACKAGE_RIGHT,dvd:right,/card-thumbnails/SNOS00308-auto-right.jpg,/card-thumbnails/SNOS00308-auto-right.jpg,AUDIT_OUTPUT,cover,right,null,UNREVIEWED
836,SNOS00312,PACKAGE_RIGHT,dvd:right,/card-thumbnails/SNOS00312-auto-right.jpg,/card-thumbnails/SNOS00312-auto-right.jpg,AUDIT_OUTPUT,cover,right,null,UNREVIEWED
837,SNOS00314,PACKAGE_CENTER,dvd:center,/card-thumbnails/SNOS00314-auto-center.jpg,https://pics.dmm.co.jp/digital/video/snos00314/snos00314pl.jpg,CSS_PACKAGE_POSITION,cover,center,null,UNREVIEWED
839,SNOS00318,PACKAGE_RIGHT,dvd:right,/card-thumbnails/SNOS00318-auto-right.jpg,/card-thumbnails/SNOS00318-auto-right.jpg,AUDIT_OUTPUT,cover,right,null,UNREVIEWED
841,SNOS00324,PACKAGE_FULL,dvd:full,https://pics.dmm.co.jp/digital/video/snos00324/snos00324pl.jpg,https://pics.dmm.co.jp/digital/video/snos00324/snos00324pl.jpg,AUDIT_OUTPUT,contain,center,null,UNREVIEWED
842,SNOS00325,PACKAGE_RIGHT,dvd:right,/card-thumbnails/SNOS00325-auto-right.jpg,/card-thumbnails/SNOS00325-auto-right.jpg,AUDIT_OUTPUT,cover,right,null,UNREVIEWED
843,SNOS00326,SAMPLE,sample:9,https://pics.dmm.co.jp/digital/video/snos00326/snos00326jp-9.jpg,https://pics.dmm.co.jp/digital/video/snos00326/snos00326jp-9.jpg,AUDIT_OUTPUT,cover,center,null,UNREVIEWED
844,SNOS00327,PACKAGE_RIGHT,dvd:right,/card-thumbnails/SNOS00327-auto-right.jpg,/card-thumbnails/SNOS00327-auto-right.jpg,AUDIT_OUTPUT,cover,right,null,UNREVIEWED
845,SNOS00370,PACKAGE_RIGHT,dvd:right,/card-thumbnails/SNOS00370-auto-right.jpg,https://pics.dmm.co.jp/digital/video/snos00370/snos00370pl.jpg,CSS_PACKAGE_POSITION,cover,right,null,UNREVIEWED
846,SOAN00130A,PACKAGE_FULL,dvd:full,https://pics.dmm.co.jp/digital/video/soan00130a/soan00130apl.jpg,https://pics.dmm.co.jp/digital/video/soan00130a/soan00130apl.jpg,AUDIT_OUTPUT,contain,center,null,UNREVIEWED
847,SOAN00130B,PACKAGE_FULL,dvd:full,https://pics.dmm.co.jp/digital/video/soan00130b/soan00130bpl.jpg,https://pics.dmm.co.jp/digital/video/soan00130b/soan00130bpl.jpg,AUDIT_OUTPUT,contain,center,null,UNREVIEWED
848,SORA00642A,PACKAGE_FULL,dvd:full,https://pics.dmm.co.jp/digital/video/sora00642a/sora00642apl.jpg,https://pics.dmm.co.jp/digital/video/sora00642a/sora00642apl.jpg,AUDIT_OUTPUT,contain,center,null,UNREVIEWED
849,SORA00642B,PACKAGE_FULL,dvd:full,https://pics.dmm.co.jp/digital/video/sora00642b/sora00642bpl.jpg,https://pics.dmm.co.jp/digital/video/sora00642b/sora00642bpl.jpg,AUDIT_OUTPUT,contain,center,null,UNREVIEWED
850,SORA00643A,PACKAGE_FULL,dvd:full,https://pics.dmm.co.jp/digital/video/sora00643a/sora00643apl.jpg,https://pics.dmm.co.jp/digital/video/sora00643a/sora00643apl.jpg,AUDIT_OUTPUT,contain,center,null,UNREVIEWED
851,SORA00643B,PACKAGE_FULL,dvd:full,https://pics.dmm.co.jp/digital/video/sora00643b/sora00643bpl.jpg,https://pics.dmm.co.jp/digital/video/sora00643b/sora00643bpl.jpg,AUDIT_OUTPUT,contain,center,null,UNREVIEWED
852,SORA00644A,PACKAGE_FULL,dvd:full,https://pics.dmm.co.jp/digital/video/sora00644a/sora00644apl.jpg,https://pics.dmm.co.jp/digital/video/sora00644a/sora00644apl.jpg,AUDIT_OUTPUT,contain,center,null,UNREVIEWED
854,SQTE00700,PACKAGE_FULL,dvd:full,https://pics.dmm.co.jp/digital/video/sqte00700/sqte00700pl.jpg,https://pics.dmm.co.jp/digital/video/sqte00700/sqte00700pl.jpg,AUDIT_OUTPUT,contain,center,null,UNREVIEWED
855,SQTE00701,PACKAGE_FULL,dvd:full,https://pics.dmm.co.jp/digital/video/sqte00701/sqte00701pl.jpg,https://pics.dmm.co.jp/digital/video/sqte00701/sqte00701pl.jpg,AUDIT_OUTPUT,contain,center,null,UNREVIEWED
856,SQTE00702,PACKAGE_CENTER,dvd:center,/card-thumbnails/SQTE00702-auto-center.jpg,https://pics.dmm.co.jp/digital/video/sqte00702/sqte00702pl.jpg,CSS_PACKAGE_POSITION,cover,center,null,UNREVIEWED
857,SQTE00703,PACKAGE_CENTER,dvd:center,/card-thumbnails/SQTE00703-auto-center.jpg,https://pics.dmm.co.jp/digital/video/sqte00703/sqte00703pl.jpg,CSS_PACKAGE_POSITION,cover,center,null,UNREVIEWED
858,SUJI00313,PACKAGE_RIGHT,dvd:right,/card-thumbnails/SUJI00313-auto-right.jpg,/card-thumbnails/SUJI00313-auto-right.jpg,AUDIT_OUTPUT,cover,right,null,UNREVIEWED
859,SUJI00314,PACKAGE_RIGHT,dvd:right,/card-thumbnails/SUJI00314-auto-right.jpg,/card-thumbnails/SUJI00314-auto-right.jpg,AUDIT_OUTPUT,cover,right,null,UNREVIEWED
860,SYKH00196,PACKAGE_CENTER,dvd:center,/card-thumbnails/SYKH00196-auto-center.jpg,https://pics.dmm.co.jp/digital/video/sykh00196/sykh00196pl.jpg,CSS_PACKAGE_POSITION,cover,center,null,UNREVIEWED
861,SYKH00197,PACKAGE_CENTER,dvd:center,/card-thumbnails/SYKH00197-auto-center.jpg,https://pics.dmm.co.jp/digital/video/sykh00197/sykh00197pl.jpg,CSS_PACKAGE_POSITION,cover,center,null,UNREVIEWED
862,TCD00340,PACKAGE_RIGHT,dvd:right,/card-thumbnails/TCD00340-auto-right.jpg,/card-thumbnails/TCD00340-auto-right.jpg,AUDIT_OUTPUT,cover,right,null,UNREVIEWED
863,TCD00341,PACKAGE_RIGHT,dvd:right,/card-thumbnails/TCD00341-auto-right.jpg,/card-thumbnails/TCD00341-auto-right.jpg,AUDIT_OUTPUT,cover,right,null,UNREVIEWED
864,TCD00342,PACKAGE_RIGHT,dvd:right,/card-thumbnails/TCD00342-auto-right.jpg,/card-thumbnails/TCD00342-auto-right.jpg,AUDIT_OUTPUT,cover,right,null,UNREVIEWED
865,TCD00343,PACKAGE_RIGHT,dvd:right,/card-thumbnails/TCD00343-auto-right.jpg,/card-thumbnails/TCD00343-auto-right.jpg,AUDIT_OUTPUT,cover,right,null,UNREVIEWED
866,TIKB00224,PACKAGE_FULL,dvd:full,https://pics.dmm.co.jp/digital/video/tikb00224/tikb00224pl.jpg,https://pics.dmm.co.jp/digital/video/tikb00224/tikb00224pl.jpg,AUDIT_OUTPUT,contain,center,null,UNREVIEWED
867,TKD00071,PACKAGE_FULL,dvd:full,https://pics.dmm.co.jp/digital/video/tkd00071/tkd00071pl.jpg,https://pics.dmm.co.jp/digital/video/tkd00071/tkd00071pl.jpg,AUDIT_OUTPUT,contain,center,null,UNREVIEWED
868,TNJS00006,PACKAGE_CENTER,dvd:center,/card-thumbnails/TNJS00006-auto-center.jpg,https://pics.dmm.co.jp/digital/video/tnjs00006/tnjs00006pl.jpg,CSS_PACKAGE_POSITION,cover,center,null,UNREVIEWED
869,TSF00024,PACKAGE_RIGHT,dvd:right,/card-thumbnails/TSF00024-auto-right.jpg,/card-thumbnails/TSF00024-auto-right.jpg,AUDIT_OUTPUT,cover,right,null,UNREVIEWED
870,UMAN00007,PACKAGE_CENTER,dvd:center,/card-thumbnails/UMAN00007-auto-center.jpg,https://pics.dmm.co.jp/digital/video/uman00007/uman00007pl.jpg,CSS_PACKAGE_POSITION,cover,center,null,UNREVIEWED
871,UMAN00008,PACKAGE_CENTER,dvd:center,/card-thumbnails/UMAN00008-auto-center.jpg,https://pics.dmm.co.jp/digital/video/uman00008/uman00008pl.jpg,CSS_PACKAGE_POSITION,cover,center,null,UNREVIEWED
872,UMAN00009,PACKAGE_FULL,dvd:full,https://pics.dmm.co.jp/digital/video/uman00009/uman00009pl.jpg,https://pics.dmm.co.jp/digital/video/uman00009/uman00009pl.jpg,AUDIT_OUTPUT,contain,center,null,UNREVIEWED
875,UMSO00651,SAMPLE,sample:1,https://pics.dmm.co.jp/digital/video/umso00651/umso00651jp-1.jpg,https://pics.dmm.co.jp/digital/video/umso00651/umso00651jp-1.jpg,AUDIT_OUTPUT,cover,center,null,UNREVIEWED
876,URVRSP00579,PACKAGE_RIGHT,dvd:right,/card-thumbnails/URVRSP00579-auto-right.jpg,/card-thumbnails/URVRSP00579-auto-right.jpg,AUDIT_OUTPUT,cover,right,null,UNREVIEWED
877,URVRSP00581,SAMPLE,sample:1,https://pics.dmm.co.jp/digital/video/urvrsp00581/urvrsp00581jp-1.jpg,https://pics.dmm.co.jp/digital/video/urvrsp00581/urvrsp00581jp-1.jpg,AUDIT_OUTPUT,cover,center,null,UNREVIEWED
878,URVRSP00590,PACKAGE_RIGHT,dvd:right,/card-thumbnails/URVRSP00590-auto-right.jpg,https://pics.dmm.co.jp/digital/video/urvrsp00590/urvrsp00590pl.jpg,CSS_PACKAGE_POSITION,cover,right,null,UNREVIEWED
879,URVRSP00593,SAMPLE,sample:1,https://pics.dmm.co.jp/digital/video/urvrsp00593/urvrsp00593jp-1.jpg,https://pics.dmm.co.jp/digital/video/urvrsp00593/urvrsp00593jp-1.jpg,AUDIT_OUTPUT,cover,center,null,UNREVIEWED
880,URVRSP00594,SAMPLE,sample:1,https://pics.dmm.co.jp/digital/video/urvrsp00594/urvrsp00594jp-1.jpg,https://pics.dmm.co.jp/digital/video/urvrsp00594/urvrsp00594jp-1.jpg,AUDIT_OUTPUT,cover,center,null,UNREVIEWED
881,USBA00090,PACKAGE_RIGHT,dvd:right,/card-thumbnails/USBA00090-auto-right.jpg,/card-thumbnails/USBA00090-auto-right.jpg,AUDIT_OUTPUT,cover,right,null,UNREVIEWED
882,UZU00039,SAMPLE,sample:1,https://pics.dmm.co.jp/digital/video/uzu00039/uzu00039jp-1.jpg,https://pics.dmm.co.jp/digital/video/uzu00039/uzu00039jp-1.jpg,AUDIT_OUTPUT,cover,center,null,UNREVIEWED
883,VENX00376,PACKAGE_CENTER,dvd:center,/card-thumbnails/VENX00376-auto-center.jpg,https://pics.dmm.co.jp/digital/video/venx00376/venx00376pl.jpg,CSS_PACKAGE_POSITION,cover,center,null,UNREVIEWED
884,VENX00377,PACKAGE_RIGHT,dvd:right,/card-thumbnails/VENX00377-auto-right.jpg,/card-thumbnails/VENX00377-auto-right.jpg,AUDIT_OUTPUT,cover,right,null,UNREVIEWED
885,VENX00378,PACKAGE_RIGHT,dvd:right,/card-thumbnails/VENX00378-auto-right.jpg,/card-thumbnails/VENX00378-auto-right.jpg,AUDIT_OUTPUT,cover,right,null,UNREVIEWED
886,VOD00060,PACKAGE_CENTER,dvd:center,/card-thumbnails/VOD00060-auto-center.jpg,https://pics.dmm.co.jp/digital/video/vod00060/vod00060pl.jpg,CSS_PACKAGE_POSITION,cover,center,null,UNREVIEWED
887,VRKM01829,SAMPLE,sample:1,https://pics.dmm.co.jp/digital/video/vrkm01829/vrkm01829jp-1.jpg,https://pics.dmm.co.jp/digital/video/vrkm01829/vrkm01829jp-1.jpg,AUDIT_OUTPUT,cover,center,null,UNREVIEWED
888,VRKM01830,SAMPLE,sample:1,https://pics.dmm.co.jp/digital/video/vrkm01830/vrkm01830jp-1.jpg,https://pics.dmm.co.jp/digital/video/vrkm01830/vrkm01830jp-1.jpg,AUDIT_OUTPUT,cover,center,null,UNREVIEWED
889,VRKM01831,SAMPLE,sample:1,https://pics.dmm.co.jp/digital/video/vrkm01831/vrkm01831jp-1.jpg,https://pics.dmm.co.jp/digital/video/vrkm01831/vrkm01831jp-1.jpg,AUDIT_OUTPUT,cover,center,null,UNREVIEWED
890,VRKM01833,SAMPLE,sample:1,https://pics.dmm.co.jp/digital/video/vrkm01833/vrkm01833jp-1.jpg,https://pics.dmm.co.jp/digital/video/vrkm01833/vrkm01833jp-1.jpg,AUDIT_OUTPUT,cover,center,null,UNREVIEWED
891,VRKM01834,SAMPLE,sample:1,https://pics.dmm.co.jp/digital/video/vrkm01834/vrkm01834jp-1.jpg,https://pics.dmm.co.jp/digital/video/vrkm01834/vrkm01834jp-1.jpg,AUDIT_OUTPUT,cover,center,null,UNREVIEWED
892,VRKM01835,SAMPLE,sample:1,https://pics.dmm.co.jp/digital/video/vrkm01835/vrkm01835jp-1.jpg,https://pics.dmm.co.jp/digital/video/vrkm01835/vrkm01835jp-1.jpg,AUDIT_OUTPUT,cover,center,null,UNREVIEWED
893,VRKM01837,SAMPLE,sample:1,https://pics.dmm.co.jp/digital/video/vrkm01837/vrkm01837jp-1.jpg,https://pics.dmm.co.jp/digital/video/vrkm01837/vrkm01837jp-1.jpg,AUDIT_OUTPUT,cover,center,null,UNREVIEWED
894,VRKM01839,PACKAGE_RIGHT,dvd:right,/card-thumbnails/VRKM01839-auto-right.jpg,https://pics.dmm.co.jp/digital/video/vrkm01839/vrkm01839pl.jpg,CSS_PACKAGE_POSITION,cover,right,null,UNREVIEWED
895,VRKM01840,SAMPLE,sample:1,https://pics.dmm.co.jp/digital/video/vrkm01840/vrkm01840jp-1.jpg,https://pics.dmm.co.jp/digital/video/vrkm01840/vrkm01840jp-1.jpg,AUDIT_OUTPUT,cover,center,null,UNREVIEWED
896,VRKM01841,SAMPLE,sample:1,https://pics.dmm.co.jp/digital/video/vrkm01841/vrkm01841jp-1.jpg,https://pics.dmm.co.jp/digital/video/vrkm01841/vrkm01841jp-1.jpg,AUDIT_OUTPUT,cover,center,null,UNREVIEWED
897,VRKM01845,SAMPLE,sample:1,https://pics.dmm.co.jp/digital/video/vrkm01845/vrkm01845jp-1.jpg,https://pics.dmm.co.jp/digital/video/vrkm01845/vrkm01845jp-1.jpg,AUDIT_OUTPUT,cover,center,null,UNREVIEWED
898,VRKM01846,SAMPLE,sample:1,https://pics.dmm.co.jp/digital/video/vrkm01846/vrkm01846jp-1.jpg,https://pics.dmm.co.jp/digital/video/vrkm01846/vrkm01846jp-1.jpg,AUDIT_OUTPUT,cover,center,null,UNREVIEWED
899,VRKM01847,SAMPLE,sample:1,https://pics.dmm.co.jp/digital/video/vrkm01847/vrkm01847jp-1.jpg,https://pics.dmm.co.jp/digital/video/vrkm01847/vrkm01847jp-1.jpg,AUDIT_OUTPUT,cover,center,null,UNREVIEWED
902,VRKM01852,SAMPLE,sample:1,https://pics.dmm.co.jp/digital/video/vrkm01852/vrkm01852jp-1.jpg,https://pics.dmm.co.jp/digital/video/vrkm01852/vrkm01852jp-1.jpg,AUDIT_OUTPUT,cover,center,null,UNREVIEWED
904,VRKM01862,SAMPLE,sample:1,https://pics.dmm.co.jp/digital/video/vrkm01862/vrkm01862jp-1.jpg,https://pics.dmm.co.jp/digital/video/vrkm01862/vrkm01862jp-1.jpg,AUDIT_OUTPUT,cover,center,null,UNREVIEWED
906,VRKM01867,SAMPLE,sample:1,https://pics.dmm.co.jp/digital/video/vrkm01867/vrkm01867jp-1.jpg,https://pics.dmm.co.jp/digital/video/vrkm01867/vrkm01867jp-1.jpg,AUDIT_OUTPUT,cover,center,null,UNREVIEWED
907,VRKM01868,SAMPLE,sample:1,https://pics.dmm.co.jp/digital/video/vrkm01868/vrkm01868jp-1.jpg,https://pics.dmm.co.jp/digital/video/vrkm01868/vrkm01868jp-1.jpg,AUDIT_OUTPUT,cover,center,null,UNREVIEWED
914,VRPRD00193,SAMPLE,sample:15,https://pics.dmm.co.jp/digital/video/vrprd00193/vrprd00193jp-15.jpg,https://pics.dmm.co.jp/digital/video/vrprd00193/vrprd00193jp-15.jpg,AUDIT_OUTPUT,cover,center,null,UNREVIEWED
915,VRPRD00194,SAMPLE,sample:1,https://pics.dmm.co.jp/digital/video/vrprd00194/vrprd00194jp-1.jpg,https://pics.dmm.co.jp/digital/video/vrprd00194/vrprd00194jp-1.jpg,AUDIT_OUTPUT,cover,center,null,UNREVIEWED
916,VRPRD00198,SAMPLE,sample:1,https://pics.dmm.co.jp/digital/video/vrprd00198/vrprd00198jp-1.jpg,https://pics.dmm.co.jp/digital/video/vrprd00198/vrprd00198jp-1.jpg,AUDIT_OUTPUT,cover,center,null,UNREVIEWED
917,YMDS00298,SAMPLE,sample:1,https://pics.dmm.co.jp/digital/video/ymds00298/ymds00298jp-1.jpg,https://pics.dmm.co.jp/digital/video/ymds00298/ymds00298jp-1.jpg,AUDIT_OUTPUT,cover,center,null,UNREVIEWED
918,YMDS00299,PACKAGE_RIGHT,dvd:right,/card-thumbnails/YMDS00299-auto-right.jpg,/card-thumbnails/YMDS00299-auto-right.jpg,AUDIT_OUTPUT,cover,right,null,UNREVIEWED
919,YMDS00301,SAMPLE,sample:1,https://pics.dmm.co.jp/digital/video/ymds00301/ymds00301jp-1.jpg,https://pics.dmm.co.jp/digital/video/ymds00301/ymds00301jp-1.jpg,AUDIT_OUTPUT,cover,center,null,UNREVIEWED
