code,decision,accepted_mode,accepted_source_id,accepted_image_path,accepted_image_hash,approved_at,note,approval_pattern_id
125UMD01011,APPROVE_CLUSTER_CURRENT,right,file:125UMD01011-auto-right.jpg,public/card-thumbnails/125UMD01011-auto-right.jpg,ca109d6ffeb8795a4ce3aa3aa8c8da4c1f8c0cf72701ecc7c2491510192f40a7,2026-07-29,Human approved strict current cluster PC-015,PC-015
125UMD01012,APPROVE_CLUSTER_CURRENT,right,file:125UMD01012-auto-right.jpg,public/card-thumbnails/125UMD01012-auto-right.jpg,4be20d68ebd82ce791a7b5601635b4ddbdcab9b3817144962d302d58dfbaba8f,2026-07-29,Human approved strict current cluster PC-015,PC-015
13DSVR01992,APPLY_CLUSTER_SAMPLE_RULE_WITH_QUALITY_GATE,sample,url:https://pics.dmm.co.jp/digital/video/13dsvr01992/13dsvr01992jp-1.jpg,tmp/card-thumbnail-v3-dry-run/cache/04c777b5536e33af90b1cbfe29139a60d5ac3422.jpg,d51657d08e45c965f2fadcea80142af87461e421656b6e35ccd87c98a34cbdfb,2026-07-29,Existing exact sample candidate retained under PC-029 quality gate,PC-029
13DSVR01998,CURRENT_OK,sample,url:https://pics.dmm.co.jp/digital/video/13dsvr01998/13dsvr01998jp-1.jpg,tmp/card-thumbnail-v3-dry-run/cache/5f240854fb3c6cd7c7aa27c4d16b0fa3403b2f94.jpg,0465a4d9c63b242509af4862020e173565756fab39a0ef2f8fb827c84fb51526,2026-07-28,Human approved current sample image,
13DSVR01999,APPLY_CLUSTER_SAMPLE_RULE_WITH_QUALITY_GATE,sample,url:https://pics.dmm.co.jp/digital/video/13dsvr01999/13dsvr01999jp-1.jpg,tmp/card-thumbnail-v3-dry-run/cache/ab0d6af267ba9cd30d937ab230b3996045e0d4d5.jpg,699267512be81ae6e610b057c9f199a9de7d8e7fc748a243a4c8017ff3a0b579,2026-07-29,Existing exact sample candidate retained under PC-029 quality gate,PC-029
13DSVR02003,APPLY_CLUSTER_SAMPLE_RULE_WITH_QUALITY_GATE,sample,url:https://pics.dmm.co.jp/digital/video/13dsvr02003/13dsvr02003jp-1.jpg,tmp/card-thumbnail-v3-dry-run/cache/05b6b4d9b71448aeb2d4df16acbcd1afde428e8c.jpg,6b41309fd142b89c85506c21a997f6263e30ed8bd26ea0fe2903be3916ea01e6,2026-07-29,Existing exact sample candidate retained under PC-029 quality gate,PC-029
15SEND00024AI,APPROVE_CLUSTER_CURRENT,right,file:15SEND00024AI-auto-right.jpg,public/card-thumbnails/15SEND00024AI-auto-right.jpg,a063e9f583e4f0a30ec20aa62d851e484d427007477e0f45cce4156812795c2b,2026-07-29,Human approved strict current cluster PC-015,PC-015
172EC00037AI,APPROVE_CLUSTER_CURRENT,right,file:172EC00037AI-auto-right.jpg,public/card-thumbnails/172EC00037AI-auto-right.jpg,e64b51420bbafb0738d29cdb51388ac1e713555806998ed41f622437811a8620,2026-07-29,Human approved strict current cluster PC-015,PC-015
172RECA00042AI,APPROVE_CLUSTER_CURRENT,right,file:172RECA00042AI-auto-right.jpg,public/card-thumbnails/172RECA00042AI-auto-right.jpg,b6aeec872fce21687012f032813a826caf0e1a59f6a595ed1d97291a6a852fc4,2026-07-29,Human approved strict current cluster PC-015,PC-015
180ARTV00079,APPROVE_CLUSTER_CURRENT,right,file:180ARTV00079-auto-right.jpg,public/card-thumbnails/180ARTV00079-auto-right.jpg,2e332c61ae3a498a763e5df79374cfd993e555df26aaeca1b8b0a1bf50c06dc3,2026-07-29,Human approved strict current cluster PC-015,PC-015
1DLDSS00503,APPROVE_CLUSTER_CURRENT,right,file:1DLDSS00503-auto-right.jpg,public/card-thumbnails/1DLDSS00503-auto-right.jpg,6c0e1af7433f44042570ce96f91de6b70af7567fc8f881d40b449038485a58cf,2026-07-29,PC-021 exact-signature current image approved; outliers only reviewed,PC-021
1DLDSS00504,APPROVE_CLUSTER_CURRENT,right,file:1DLDSS00504-auto-right.jpg,public/card-thumbnails/1DLDSS00504-auto-right.jpg,ba5adfa56ac1cdc4cf1352d3a5b1cbb25cea9c5d3f49d942c65aba958c3a4ede,2026-07-29,PC-021 exact-signature current image approved; outliers only reviewed,PC-021
1DLDSS00505,APPROVE_CLUSTER_CURRENT,right,file:1DLDSS00505-auto-right.jpg,public/card-thumbnails/1DLDSS00505-auto-right.jpg,904df5ff7a9abf72d4200d27a2a02d102d9f058e221e227b760a30ab4eda675e,2026-07-29,PC-021 exact-signature current image approved; outliers only reviewed,PC-021
1DLDSS00506,APPROVE_CLUSTER_CURRENT,right,file:1DLDSS00506-auto-right.jpg,public/card-thumbnails/1DLDSS00506-auto-right.jpg,44bcbb4b30a33bcb67910176a2c9445345680f8e92cb504494bd85a90ef22612,2026-07-29,PC-021 exact-signature current image approved; outliers only reviewed,PC-021
1DLDSS00517,APPROVE_CLUSTER_CURRENT,right,file:1DLDSS00517-auto-right.jpg,public/card-thumbnails/1DLDSS00517-auto-right.jpg,56c16ebf38d20ae91036027b58685e187128f6c7671ff98e88a532446398c87b,2026-07-29,Human approved strict current cluster PC-020,PC-020
1DLDSS00518,APPROVE_CLUSTER_CURRENT,right,file:1DLDSS00518-auto-right.jpg,public/card-thumbnails/1DLDSS00518-auto-right.jpg,8802c00e7f8106e7b09ff3f9b2a0d916987736a0dd72ec21c46075be20ac4a54,2026-07-29,PC-021 exact-signature current image approved; outliers only reviewed,PC-021
1DLDSS00519,CURRENT_OK,right,file:1DLDSS00519-auto-right.jpg,public/card-thumbnails/1DLDSS00519-auto-right.jpg,94c84f70317cf299902d8ece5022f69caaf2e69b88cbeb508749517b77267839,2026-07-28,Human approved current right image,
1DLDSS00520,APPROVE_CLUSTER_CURRENT,right,file:1DLDSS00520-auto-right.jpg,public/card-thumbnails/1DLDSS00520-auto-right.jpg,60a59fc3d1af2a754cbde9197b71e51f233d13c5c53010a49995565599ddc235,2026-07-29,PC-021 exact-signature current image approved; outliers only reviewed,PC-021
1DLDSS00522,APPROVE_CLUSTER_CURRENT,right,file:1DLDSS00522-auto-right.jpg,public/card-thumbnails/1DLDSS00522-auto-right.jpg,7aa378b9d771d76bb6f84b630ac0e64d850ded243c0aa9928bdfa620ecaaaee1,2026-07-29,PC-021 exact-signature current image approved; outliers only reviewed,PC-021
1DRPT00114,APPLY_CLUSTER_SAMPLE_RULE_WITH_QUALITY_GATE,sample,url:https://pics.dmm.co.jp/digital/video/1drpt00114/1drpt00114jp-1.jpg,tmp/card-thumbnail-v2-dry-run/cache/ee3668696c5ae0405ed7ef401393e7c30ebd0183.jpg,1a29e16fbeea084f7b7136f4d560008cf9485bbdc20471f21e6fb89c6dfbcc13,2026-07-29,Existing exact sample candidate retained under PC-029 quality gate,PC-029
1DRPT00118,APPLY_CLUSTER_SAMPLE_RULE_WITH_QUALITY_GATE,sample,url:https://pics.dmm.co.jp/digital/video/1drpt00118/1drpt00118jp-1.jpg,tmp/card-thumbnail-v2-dry-run/cache/df6ef39078e0b461a96f542982aa44fba0cf8328.jpg,1d4db7b98fdda4e24294ee2d621fafbf67937716716bc31daea24bf77f093bcb,2026-07-29,Existing exact sample candidate retained under PC-029 quality gate,PC-029
1FAVR00001,APPROVE_CLUSTER_CURRENT,right,file:1FAVR00001-auto-right.jpg,public/card-thumbnails/1FAVR00001-auto-right.jpg,229f4fb8b8e44aaef6d8a92f6eba77842d374bb8834244c593c142ed06294697,2026-07-29,PC-021 exact-signature current image approved; outliers only reviewed,PC-021
1FAVR00002,APPROVE_CLUSTER_CURRENT,right,file:1FAVR00002-auto-right.jpg,public/card-thumbnails/1FAVR00002-auto-right.jpg,14e9b981cc692ee8e381a1b772be993b159ca1333c8b3322ac4a58a5bbe6d26b,2026-07-29,PC-021 exact-signature current image approved; outliers only reviewed,PC-021
1FNS00190,APPROVE_CLUSTER_CURRENT,right,file:1FNS00190-auto-right.jpg,public/card-thumbnails/1FNS00190-auto-right.jpg,d485793bc348e2c8bcabfb2e91d040f4e31dca967072ffc26cad1c3df96b4222,2026-07-29,PC-021 exact-signature current image approved; outliers only reviewed,PC-021
1FNS00215,APPROVE_CLUSTER_CURRENT,right,file:1FNS00215-auto-right.jpg,public/card-thumbnails/1FNS00215-auto-right.jpg,9c3202e663c13e3606a3d5927e501adbb189f548f37c532053641777bd059691,2026-07-29,Human approved strict current cluster PC-020,PC-020
1FNS00216,APPROVE_CLUSTER_CURRENT,right,file:1FNS00216-auto-right.jpg,public/card-thumbnails/1FNS00216-auto-right.jpg,299302445291cd1c5d927f9c500d7688995bc0a83a1d27de30c1119e92effadd,2026-07-29,PC-021 exact-signature current image approved; outliers only reviewed,PC-021
1FNS00223,APPROVE_CLUSTER_CURRENT,right,file:1FNS00223-auto-right.jpg,public/card-thumbnails/1FNS00223-auto-right.jpg,a7231a897968d85d776720b37c0a8ea7109fd2b81095f7dd8a263db4436735cb,2026-07-29,PC-021 exact-signature current image approved; outliers only reviewed,PC-021
1FNS00225,APPROVE_CLUSTER_CURRENT,right,file:1FNS00225-auto-right.jpg,public/card-thumbnails/1FNS00225-auto-right.jpg,c30f49eea8609e2549672dcefe70ed22928781dce68c93b8347434400c75a8d3,2026-07-29,PC-021 exact-signature current image approved; outliers only reviewed,PC-021
1FNS00229,APPROVE_CLUSTER_CURRENT,right,file:1FNS00229-auto-right.jpg,public/card-thumbnails/1FNS00229-auto-right.jpg,4afdd20b3b29e8ef259cfca7a405778acf3376ec4ff79e7ef40be086d527a5f7,2026-07-29,PC-021 exact-signature current image approved; outliers only reviewed,PC-021
1FTHTD00200,CURRENT_OK,right,file:1FTHTD00200-auto-right.jpg,public/card-thumbnails/1FTHTD00200-auto-right.jpg,6dd3ebc9b121616632b4c74fb1b2332fc62344604fdcc06aa2576ae1c37a7e47,2026-07-29,Human approved current image,
1FTHTD00218,CURRENT_OK,right,file:1FTHTD00218-auto-right.jpg,public/card-thumbnails/1FTHTD00218-auto-right.jpg,6013c591fc13874cda271b21eb52debb11f9a5e2f144d4c248003feb83b4856c,2026-07-29,Human approved current image,
1HBAD00736,APPROVE_CLUSTER_CURRENT,right,file:1HBAD00736-auto-right.jpg,public/card-thumbnails/1HBAD00736-auto-right.jpg,56db092c9a2642392eb7c47314ca95306d0c395432794ef28eccacb41dbe5466,2026-07-29,Human approved strict current cluster PC-015,PC-015
1HBAD00737,APPROVE_CLUSTER_CURRENT,right,file:1HBAD00737-auto-right.jpg,public/card-thumbnails/1HBAD00737-auto-right.jpg,e28fd477e3d75dd7cc3d57e26c8af4c7297fc7b6155fa5578de7c7d6d67ecd30,2026-07-29,Human approved strict current cluster PC-015,PC-015
1HNAMH00025,APPLY_CLUSTER_SAMPLE_RULE_WITH_QUALITY_GATE,sample,url:https://pics.dmm.co.jp/digital/video/1hnamh00025/1hnamh00025jp-1.jpg,tmp/card-thumbnail-v2-dry-run/cache/c26eae3dba847e32ac50e1e5333d9dc0445d1747.jpg,006286788b16dabab442bcfc8a2d9ab5f91203bf087288edff4290955c637027,2026-07-29,Existing exact sample candidate retained under PC-029 quality gate,PC-029
1IENF00451,APPROVE_CLUSTER_CURRENT,right,file:1IENF00451-auto-right.jpg,public/card-thumbnails/1IENF00451-auto-right.jpg,9d1a7b5dc2aa42ca7c1417ed6ebc2834f579b534b92cd1394cfb3b325a048dfe,2026-07-29,Human approved strict current cluster PC-015,PC-015
1IENF00452,APPROVE_CLUSTER_CURRENT,right,file:1IENF00452-auto-right.jpg,public/card-thumbnails/1IENF00452-auto-right.jpg,913ae24232851cd725d158a9372a9968313873ec761c909bc4a7b3032a74932f,2026-07-29,Human approved strict current cluster PC-015,PC-015
1IESP00761,APPROVE_CLUSTER_CURRENT,right,file:1IESP00761-auto-right.jpg,public/card-thumbnails/1IESP00761-auto-right.jpg,b50ddcea9919e8c40e83d75b20cf09470fb03e1839ae35f04d5942dbe26f6dc4,2026-07-29,Human approved strict current cluster PC-015,PC-015
1JERA00036,APPROVE_CLUSTER_CURRENT,right,file:1JERA00036-auto-right.jpg,public/card-thumbnails/1JERA00036-auto-right.jpg,56117a506f27af3e838bc33d834e654e020ecd3bb63818d6466fd820b1b9d4cd,2026-07-29,Human approved strict current cluster PC-015,PC-015
1JERA00040,APPROVE_CLUSTER_CURRENT,right,file:1JERA00040-auto-right.jpg,public/card-thumbnails/1JERA00040-auto-right.jpg,c7fca0b5e41ba55f5a642630500f6a7a1aa77fe25aff44ea3825f39876fc16f0,2026-07-29,Human approved strict current cluster PC-015,PC-015
1JERA00042,APPROVE_CLUSTER_CURRENT,right,file:1JERA00042-auto-right.jpg,public/card-thumbnails/1JERA00042-auto-right.jpg,4190ca21c3bad9108868794503e2e6b530978a3c585f381ce2811682b8f515d7,2026-07-29,Human approved strict current cluster PC-015,PC-015
1MGOLD00049,APPROVE_CLUSTER_CURRENT,right,file:1MGOLD00049-auto-right.jpg,public/card-thumbnails/1MGOLD00049-auto-right.jpg,2319fe7166133917187dfed952930d90526fb5b0eec53390b0cdbda1df4c84aa,2026-07-29,PC-021 exact-signature current image approved; outliers only reviewed,PC-021
1MGOLD00062,CURRENT_OK,right,file:1MGOLD00062-auto-right.jpg,public/card-thumbnails/1MGOLD00062-auto-right.jpg,407b92dd48cbb08870e9e59c432e6f3f9aa12e57f6558c6e3257996b098c3941,2026-07-28,Human approved current right image,
1MIST00522,APPROVE_CLUSTER_CURRENT,right,file:1MIST00522-auto-right.jpg,public/card-thumbnails/1MIST00522-auto-right.jpg,cfe2c07dbcdd0e041f73f391fafa56b831a42a98b109d1ba1cc3db5f11c551a8,2026-07-29,Human approved strict current cluster PC-019,PC-019
1MIST00523,APPROVE_CLUSTER_CURRENT,right,file:1MIST00523-auto-right.jpg,public/card-thumbnails/1MIST00523-auto-right.jpg,37d3958b7143f74ceadc8143263c3c67976af5da2f84a3d934bdf8a1e8ab09d9,2026-07-29,Human approved strict current cluster PC-015,PC-015
1MIST00525,APPROVE_CLUSTER_CURRENT,right,file:1MIST00525-auto-right.jpg,public/card-thumbnails/1MIST00525-auto-right.jpg,79775bc7f5e1ed6bd4bcbab1a36594f8a4a634907180b49788f88ebf2b4b55a7,2026-07-29,Human approved strict current cluster PC-015,PC-015
1NAMH00069,APPROVE_CLUSTER_CURRENT,right,file:1NAMH00069-auto-right.jpg,public/card-thumbnails/1NAMH00069-auto-right.jpg,46df68bfbf053d87acffa47aea69ff763ca919e6c893b0e5f5b4665b85f03000,2026-07-29,Human approved strict current cluster PC-016,PC-016
1NAMHS00006,RIGHT,right,dvd:right,public/card-thumbnails/1NAMHS00006-auto-right.jpg,0a4e63642ec70b09ca3da56d9d5ca2f145a014352e87b4336d2f38f39e3a40cb,2026-07-29,Human approved standalone right-side cover as final selection,FINAL-ONE-RIGHT-2026-07-29
1NHVR00226,APPLY_CLUSTER_SAMPLE_RULE_WITH_QUALITY_GATE,sample,url:https://pics.dmm.co.jp/digital/video/1nhvr00226/1nhvr00226jp-1.jpg,tmp/card-thumbnail-v2-dry-run/cache/79432a4a04e728ffcfd855ba831cfcaf025375c8.jpg,332f587acfa70e26bb91ac8421dcb3b942e6e28ec4903cce933ffdff83aea4f6,2026-07-29,Existing exact sample candidate retained under PC-029 quality gate,PC-029
1OKB00192,APPROVE_CLUSTER_CURRENT,right,file:1OKB00192-auto-right.jpg,public/card-thumbnails/1OKB00192-auto-right.jpg,3f329b409b19cc263e0cc3aec74856aef1421d7a9bf2ae790cf067fe9bead8f0,2026-07-29,Human approved strict current cluster PC-015,PC-015
1OKL00013,APPROVE_CLUSTER_CURRENT,right,file:1OKL00013-auto-right.jpg,public/card-thumbnails/1OKL00013-auto-right.jpg,f2d4db87041deb1524fa300c544e9804bc0829e7e9eebef2c4e3948b0f986247,2026-07-29,Human approved strict current cluster PC-015,PC-015
1OZZ00001,CURRENT_OK,right,file:1OZZ00001-auto-right.jpg,public/card-thumbnails/1OZZ00001-auto-right.jpg,1fd3add3093439c94243fef4b046e2aafd04c0d9ec90950963823b7b8d18e92a,2026-07-29,Human approved current image,
1OZZ00002,CURRENT_OK,right,file:1OZZ00002-auto-right.jpg,public/card-thumbnails/1OZZ00002-auto-right.jpg,991d3671679ea2759defde84af402c16151819afa8a27a7e272f60cf80f3cd57,2026-07-29,Human approved current image,
1OZZ00003,CURRENT_OK,right,file:1OZZ00003-auto-right.jpg,public/card-thumbnails/1OZZ00003-auto-right.jpg,59153f20e8e32e4f59f7dcb8ff32e13af1b41bc3a057e01663583b987ebe43ee,2026-07-29,Human approved current image,
1RCTD00746,APPROVE_CLUSTER_CURRENT,right,file:1RCTD00746-auto-right.jpg,public/card-thumbnails/1RCTD00746-auto-right.jpg,ee7f2afcb27ae5ee2082eed2c779d844bc42946bf0e83f904bb22dd3326e0b15,2026-07-29,Human approved strict current cluster PC-015,PC-015
1RCTD00747,APPROVE_CLUSTER_CURRENT,right,file:1RCTD00747-auto-right.jpg,public/card-thumbnails/1RCTD00747-auto-right.jpg,8dee319dacf965892b3e6f636ff7566c4ac9717316760d2ce2a143c5b3e58ba3,2026-07-29,Human approved strict current cluster PC-015,PC-015
1RCTD00748,APPROVE_CLUSTER_CURRENT,right,file:1RCTD00748-auto-right.jpg,public/card-thumbnails/1RCTD00748-auto-right.jpg,d28566fc9925b848c880f74da7a62eba01108e81b56cc2cf150b8566fb759a1b,2026-07-29,Human approved strict current cluster PC-015,PC-015
1RCTD00749,APPROVE_CLUSTER_CURRENT,right,file:1RCTD00749-auto-right.jpg,public/card-thumbnails/1RCTD00749-auto-right.jpg,c4f1dcac9547c410213046511b336f6662d0de241dd9ddd53a35e7bb4e149e9f,2026-07-29,Human approved strict current cluster PC-016,PC-016
1RCTD00750,APPROVE_CLUSTER_CURRENT,right,file:1RCTD00750-auto-right.jpg,public/card-thumbnails/1RCTD00750-auto-right.jpg,7e4dd69b5f4b7963498a465296b18d3462a3f5d6deea0d035cbc2100fcb493b1,2026-07-29,Human approved strict current cluster PC-015,PC-015
1RCTD00751,APPROVE_CLUSTER_CURRENT,right,file:1RCTD00751-auto-right.jpg,public/card-thumbnails/1RCTD00751-auto-right.jpg,b5991c5dc71b48690e6dfe668a7e4fb0f9f6866be63fa1a17c1567f3ba330b67,2026-07-29,Human approved strict current cluster PC-015,PC-015
1SBGVR00011,CURRENT_OK,sample,url:https://pics.dmm.co.jp/digital/video/1sbgvr00011/1sbgvr00011jp-1.jpg,tmp/card-thumbnail-v3-dry-run/cache/82d92ace956fac2e051017ebe27559fe3c8b8f30.jpg,3227114f1c73686d702cc50b443bd5f2905eb864a83e3c0ccceabd2d449985b5,2026-07-28,Human approved current sample image,
1SBP00395,CURRENT_OK,scene_portrait,scene_portrait:revised,public/card-thumbnails/1SBP00395-scene-portrait-v4.jpg,023556f342d0357d80de37d87ab42372efc2cd0c0bb671219a4abc4c373bd88f,2026-07-28,Human approved current scene_portrait image,
1SBP00396,CURRENT_OK,scene_portrait,scene_portrait,public/card-thumbnails/1SBP00396-scene-portrait-v4.jpg,96a3e91835e02f3be6027ae8984169cca15a41d590ce362750d819a92577cf4a,2026-07-28,Human approved current scene_portrait image,
1SBP00397,CURRENT_OK,scene_portrait,scene_portrait,public/card-thumbnails/1SBP00397-scene-portrait-v4.jpg,8fc963af48aa20f644e8370776e5cd851675ebeae819916c70b5a05de3a41a36,2026-07-28,Human approved current scene_portrait image,
1SBP00398,CURRENT_OK,scene_portrait,scene_portrait,public/card-thumbnails/1SBP00398-scene-portrait-v4.jpg,61be87e0bae307c67f03a98335adf5049d7c57f473c69521117f7c058881f73f,2026-07-28,Human approved current scene_portrait image,
1SBP00399,CURRENT_OK,scene_portrait,scene_portrait:revised,public/card-thumbnails/1SBP00399-scene-portrait-v4.jpg,778e7cf590192fdeffd1abfcf2f292c4ed0ac9ce2bf55ce29cea37202f92c4d8,2026-07-28,Human approved current scene_portrait image,
1SBP00400,CURRENT_OK,scene_portrait,scene_portrait,public/card-thumbnails/1SBP00400-scene-portrait-v4.jpg,c4904a23e3bcde7f46f574d893457ae320266a93ae64b859666314dbd7ff4152,2026-07-28,Human approved current scene_portrait image,
1SBP00401,APPROVE_CLUSTER_CURRENT,scene_portrait,scene_portrait,public/card-thumbnails/1SBP00401-scene-portrait-v4.jpg,29ac523596aa748491206bf1d07bdbfa77edbe0967dfb5d41af631bc54934a14,2026-07-29,Human approved strict current cluster PC-035,PC-035
1SBP00402,CURRENT_OK,scene_portrait,scene_portrait,public/card-thumbnails/1SBP00402-scene-portrait-v4.jpg,cc32df1b54f18ade62c15e61ee482732e71a595a160451beca1ce2e56a3713b0,2026-07-28,Human approved current scene_portrait image,
1SBP00403,CURRENT_OK,scene_portrait,scene_portrait,public/card-thumbnails/1SBP00403-scene-portrait-v4.jpg,ae656e36c6304dab1520f1d2b963b433a7069c04afe0d97de88e9af366322feb,2026-07-28,Human approved current scene_portrait image,
1SBP00404,CURRENT_OK,scene_portrait,scene_portrait,public/card-thumbnails/1SBP00404-scene-portrait-v4.jpg,d986d9b12d79a6a6b80637979e6a266ba31aafbe3cbddad3a96efdb781c38d3e,2026-07-28,Human approved current scene_portrait image,
1SBP00405,CURRENT_OK,scene_portrait,scene_portrait,public/card-thumbnails/1SBP00405-scene-portrait-v4.jpg,12cde16548e37e9f957885c1fce5f4951ba4128e9aa4ad4826d0053a8f170087,2026-07-28,Human approved current scene_portrait image,
1SBP00406,CURRENT_OK,scene_portrait,scene_portrait,public/card-thumbnails/1SBP00406-scene-portrait-v4.jpg,df1a807e44426514f81992ebe856c5bac7c7e84c47dfe7f313aae28f087ee93c,2026-07-28,Human approved current scene_portrait image,
1SBP00407,CURRENT_OK,scene_portrait,scene_portrait,public/card-thumbnails/1SBP00407-scene-portrait-v4.jpg,eac227184ce5e6a9a93200ae07ac599d935d8d0c07522143920679510f3a9263,2026-07-29,Human approved current scene portrait composition,scene_portrait_valid_subject_v1
1SBP00408,CURRENT_OK,scene_portrait,scene_portrait,public/card-thumbnails/1SBP00408-scene-portrait-v4.jpg,5ca8edc027172ba19ae168091a56ba592597bbc096f3dfb4338ed3deb8f89d18,2026-07-29,Human approved current scene portrait composition,scene_portrait_valid_subject_v1
1SBP00409,CURRENT_OK,scene_portrait,scene_portrait,public/card-thumbnails/1SBP00409-scene-portrait-v4.jpg,0486a44fe2eccff423a85736707a164c855e1a52e286aee3c76f494298a1b8bf,2026-07-29,Human approved current scene portrait composition,scene_portrait_valid_subject_v1
1SBP00410,CURRENT_OK,scene_portrait,scene_portrait,public/card-thumbnails/1SBP00410-scene-portrait-v4.jpg,91489bb490539d03e9037bb08f0072167ab605b95a4bc4aa64ddfd8512504af0,2026-07-29,Human approved current scene portrait composition,scene_portrait_valid_subject_v1
1SBP00411,CURRENT_OK,scene_portrait,scene_portrait,public/card-thumbnails/1SBP00411-scene-portrait-v4.jpg,33455810cb756565d06878838dde108f93fdb2b234b7263d2158c23a893ec78a,2026-07-29,Human approved current scene portrait composition,scene_portrait_valid_subject_v1
1SBP00412,CURRENT_OK,scene_portrait,scene_portrait,public/card-thumbnails/1SBP00412-scene-portrait-v4.jpg,829682a561182cc43819d015b20b4636ec2725f7f4bcae9e00a4dfbb7a489e96,2026-07-29,Human approved current scene portrait composition,scene_portrait_valid_subject_v1
1SBP00413,CURRENT_OK,scene_portrait,scene_portrait,public/card-thumbnails/1SBP00413-scene-portrait-v4.jpg,1defbfaecd91bde8850e982786b07fc288268d8b24ba36f98853cf88a562006f,2026-07-29,Human approved current scene portrait composition,scene_portrait_valid_subject_v1
1SBP00414,APPROVE_CLUSTER_CURRENT,scene_portrait,scene_portrait,public/card-thumbnails/1SBP00414-scene-portrait-v4.jpg,879c3a5cbb797e88a0c5c72d5580eaf0408d33ba4b5598c98728bbe447aa19d6,2026-07-29,Human approved strict current cluster PC-035,PC-035
1SBP00415,CURRENT_OK,scene_portrait,scene_portrait,public/card-thumbnails/1SBP00415-scene-portrait-v4.jpg,2b7f150f210b56ae7ff84b7e973e518b7aae7fae62383d9ecb8110bf1da3a077,2026-07-29,Human approved current scene portrait composition,scene_portrait_valid_subject_v1
1SBP00416,CURRENT_OK,scene_portrait,scene_portrait,public/card-thumbnails/1SBP00416-scene-portrait-v4.jpg,6a3598824bb0474b673e49360fec5af8aa17ab5c3cb01cb2a468d322c65bec71,2026-07-29,Human approved current scene portrait composition,scene_portrait_valid_subject_v1
1SBP00417,CURRENT_OK,scene_portrait,scene_portrait,public/card-thumbnails/1SBP00417-scene-portrait-v4.jpg,f4fd1c5056a81e46d413afb12420bb65e8ae8ff49b128ee811a12a1b2aec5b27,2026-07-29,Human approved current scene portrait composition,scene_portrait_valid_subject_v1
1SBP00418,CURRENT_OK,scene_portrait,scene_portrait,public/card-thumbnails/1SBP00418-scene-portrait-v4.jpg,8eb82525484bdbfc5bdbf29b88533608ddbe44a6028836d880fe4dde1aeb35ee,2026-07-29,Human approved current scene portrait composition,scene_portrait_valid_subject_v1
1SBP00419,CURRENT_OK,right,file:1SBP00419-auto-right.jpg,public/card-thumbnails/1SBP00419-auto-right.jpg,463986de08b593252d0e1cdfce5b91f99b4c79aba4f4f82b0054641a00e41364,2026-07-29,Human approved current image in final exception review,FINAL-EXCEPTION-CURRENT-2026-07-29
1SBP00420,CURRENT_OK,scene_portrait,scene_portrait,public/card-thumbnails/1SBP00420-scene-portrait-v4.jpg,6e7e22e8766dc493677243a5a46f3a4959db9f197d98ff01ec8a31d1764417cc,2026-07-29,Human approved current scene portrait composition,scene_portrait_valid_subject_v1
1SBP00421,CURRENT_OK,right,file:1SBP00421-auto-right.jpg,public/card-thumbnails/1SBP00421-auto-right.jpg,afbad1aca587844eda8aba0d6b69124ac4036e1a3fd18655dd435618602cb440,2026-07-29,Human approved current image in final exception review,FINAL-EXCEPTION-CURRENT-2026-07-29
1SBP00422,CURRENT_OK,scene_portrait,scene_portrait,public/card-thumbnails/1SBP00422-scene-portrait-v4.jpg,c4e96fd3b5d882f4dd42e7d6988f3c5888c20ec5e794fc94f6378e327099b31a,2026-07-29,Human approved current scene portrait composition,scene_portrait_valid_subject_v1
1SBP00423,APPROVE_CLUSTER_CURRENT,right,file:1SBP00423-auto-right.jpg,public/card-thumbnails/1SBP00423-auto-right.jpg,b293be3b95fea441b4f5ea2a99136c145b35dc34c8c86f41ae4d289731a74a2a,2026-07-29,PC-021 exact-signature current image approved; outliers only reviewed,PC-021
1SBP00424,CURRENT_OK,scene_portrait,scene_portrait:rotate_clockwise_b,public/card-thumbnails/1SBP00424-scene-portrait-v4.jpg,160f809f1fee99f77fd9716050a12946289ec0534ee7f28727f88b3a0fa62984,2026-07-28,Human approved current scene_portrait image,
1SBP00425,CURRENT_OK,scene_portrait,scene_portrait,public/card-thumbnails/1SBP00425-scene-portrait-v4.jpg,943683fd5ade41daa78db7c57d7c22ef8fe285255a9f31669a6402a5089e0383,2026-07-29,Human approved current scene portrait composition,scene_portrait_valid_subject_v1
1SBP00426,APPROVE_CLUSTER_CURRENT,rotated,file:1SBP00426-rotated.jpg,public/card-thumbnails/1SBP00426-rotated.jpg,e4239e6879037a8245e23abdbf6c27f47227c79fae626de010412de9d8117867,2026-07-29,Human approved strict current cluster PC-026,PC-026
1SBP00427,APPROVE_CLUSTER_CURRENT,rotated,file:1SBP00427-rotated.jpg,public/card-thumbnails/1SBP00427-rotated.jpg,551de6c9e9c74909255eb99464e2c11fed4fc6445ab1ab4162f0f921c92e2143,2026-07-29,Human approved strict current cluster PC-026,PC-026
1SBP00428,APPROVE_CLUSTER_CURRENT,rotated,file:1SBP00428-rotated.jpg,public/card-thumbnails/1SBP00428-rotated.jpg,2e9891be99c704055df756b0efd0b9cd7d92e19ae80e1fc0d15f1a03ce8be98d,2026-07-29,Human approved strict current cluster PC-026,PC-026
1SDJS00378,APPLY_CLUSTER_SAMPLE_RULE_WITH_QUALITY_GATE,sample,url:https://pics.dmm.co.jp/digital/video/1sdjs00378/1sdjs00378jp-1.jpg,tmp/card-thumbnail-v3-dry-run/cache/a67ddbccc018ed387f4fb61f8dafe78794e4f796.jpg,f7b226c3659cb51bef81d193491a923e44b8fb629026e1bc36cc434425013647,2026-07-29,Existing exact sample candidate retained under PC-029 quality gate,PC-029
1SDJS00378V,APPLY_CLUSTER_SAMPLE_RULE_WITH_QUALITY_GATE,sample,url:https://pics.dmm.co.jp/digital/video/1sdjs00378v/1sdjs00378vjp-1.jpg,tmp/card-thumbnail-v3-dry-run/cache/ff569a918b4b950d3e57e639a04094bcfa2e28ac.jpg,b82b9b4740c1f2ec4b11935eaf8c7ee98c2a1a0567f16a9120b9a204070fbc0a,2026-07-29,Existing exact sample candidate retained under PC-029 quality gate,PC-029
1SDMS00110AI,APPROVE_CLUSTER_CURRENT,full,url:https://pics.dmm.co.jp/digital/video/1sdms00110ai/1sdms00110aipl.jpg,tmp/card-thumbnail-v3-dry-run/cache/c7d65e9abb13d16dd055e60569eee9f3cca1bf79.jpg,c1ccdb4a1fc8e05f5f151914a2310d8bc00f2cd158526a950a9224b21ab4a863,2026-07-29,Human approved strict current cluster PC-007,PC-007
1SEVEN00036,APPLY_CLUSTER_SAMPLE_RULE_WITH_QUALITY_GATE,sample,url:https://pics.dmm.co.jp/digital/video/1seven00036/1seven00036jp-1.jpg,tmp/card-thumbnail-v2-dry-run/cache/61cac06a53a337e0ccf986a4e70f788aadf6db85.jpg,8db168667dc70bb6d898c61d8d0b082a1b1c021895855498b241405823b2b47b,2026-07-29,Existing exact sample candidate retained under PC-029 quality gate,PC-029
1SGKI00093B,APPLY_CLUSTER_SAMPLE_RULE_WITH_QUALITY_GATE,sample,url:https://pics.dmm.co.jp/digital/video/1sgki00093b/1sgki00093bjp-1.jpg,tmp/card-thumbnail-v2-dry-run/cache/586646fd06857510110c040d7c2c25ef7ccfc290.jpg,21e565982bfd853f783f3a92dd765d3c2f4b22842a1b17c24e7b6d3c81a32b8d,2026-07-29,Existing exact sample candidate retained under PC-029 quality gate,PC-029
1SILK00199,APPROVE_CLUSTER_CURRENT,right,file:1SILK00199-auto-right.jpg,public/card-thumbnails/1SILK00199-auto-right.jpg,900ce99f992b8ca01f5505229c509b2bcf4c6df2c3a87d65b82c3b0248bbf480,2026-07-29,Human approved strict current cluster PC-019,PC-019
1SILK02031,CURRENT_OK,full,file:1SILK02031-full-v3.jpg,public/card-thumbnails/1SILK02031-full-v3.jpg,80e472e2ea632d29159d2a3cadf34c082eed1f6c0a6016c27eb6e6241b0fde16,2026-07-28,Human approved current full image,
1SNSDE00060,APPROVE_CLUSTER_CURRENT,right,file:1SNSDE00060-auto-right.jpg,public/card-thumbnails/1SNSDE00060-auto-right.jpg,ed71948bbda19f2a460f5560dd470c06abc72bd2e1d9f7767d6e366742faaab2,2026-07-29,Human approved strict current cluster PC-015,PC-015
1START00567,APPROVE_CLUSTER_CURRENT,right,file:1START00567-auto-right.jpg,public/card-thumbnails/1START00567-auto-right.jpg,74bab3bbec27e18e018a0d89397d4713f05040165129ddf4578cbea7bbe288c1,2026-07-29,Human approved strict current cluster PC-014,PC-014
1START00570,APPROVE_CLUSTER_CURRENT,right,file:1START00570-auto-right.jpg,public/card-thumbnails/1START00570-auto-right.jpg,cac74a528b95c11911fd747c00b299be94a0616281dfff588accaa67e768b16d,2026-07-29,Human approved strict current cluster PC-015,PC-015
1START00594,APPROVE_CLUSTER_CURRENT,right,file:1START00594-auto-right.jpg,public/card-thumbnails/1START00594-auto-right.jpg,3ca25f5402e12990bf4a4ad41ad5f9fdbb81fc177d721e0fe5997d4d3b475bf3,2026-07-29,Human approved strict current cluster PC-015,PC-015
1START00605,APPROVE_CLUSTER_CURRENT,right,file:1START00605-auto-right.jpg,public/card-thumbnails/1START00605-auto-right.jpg,45b4f4144c546d441a16d4fc8d97e63937e27fc45a8ec6559ba030a1ed771614,2026-07-29,Human approved strict current cluster PC-015,PC-015
1START00606,APPROVE_CLUSTER_CURRENT,right,file:1START00606-auto-right.jpg,public/card-thumbnails/1START00606-auto-right.jpg,98b76cd2223c49c3f8ce1d919db04b55596d92a8e22b2d330eb916b3765004da,2026-07-29,Human approved strict current cluster PC-014,PC-014
1START00608,APPROVE_CLUSTER_CURRENT,right,file:1START00608-auto-right.jpg,public/card-thumbnails/1START00608-auto-right.jpg,41ab56a8ee17f6793532fd0d99af6aca72de8aae310ab1819ab9e97bcffa4cc3,2026-07-29,Human approved strict current cluster PC-015,PC-015
1STCVS00050,CURRENT_OK,sample,url:https://pics.dmm.co.jp/digital/video/1stcvs00050/1stcvs00050jp-3.jpg,tmp/card-thumbnail-v3-dry-run/cache/78eeccf2b4a5bcc4b61299758ff2e23089157524.jpg,33af624828189069e017c31d7053e9012a0de1d6a8486a5c074fdc1660a7d093,2026-07-28,Human approved current sample image,
1SVACE00005,APPROVE_CLUSTER_CURRENT,right,file:1SVACE00005-auto-right.jpg,public/card-thumbnails/1SVACE00005-auto-right.jpg,60ce396fddc9765114b72c7ce716494a47ec6f720735269b9adc756514b05528,2026-07-29,Human approved strict current cluster PC-015,PC-015
1TLDC00056,APPLY_CLUSTER_SAMPLE_RULE_WITH_QUALITY_GATE,sample,url:https://pics.dmm.co.jp/digital/video/1tldc00056/1tldc00056jp-1.jpg,tmp/card-thumbnail-v2-dry-run/cache/34c63752db93c71e8c3dd91bea144035830c2fa6.jpg,82cbd31c7aed94cec7b81282a9a73115d8340d0a88005f49cf3d95caf7c85075,2026-07-29,Existing exact sample candidate retained under PC-029 quality gate,PC-029
1VRNC00094,APPROVE_CLUSTER_CURRENT,full,dvd:full,public/card-thumbnails/1VRNC00094-full-v4.jpg,1a226d8a20448c0c137e94fb39bfbf80706d6eb73fba6d5f634e307be0724649,2026-07-29,Human approved strict current cluster PC-005,PC-005
1VSPDS00199AI,APPROVE_CLUSTER_CURRENT,right,file:1VSPDS00199AI-auto-right.jpg,public/card-thumbnails/1VSPDS00199AI-auto-right.jpg,ec69ee4295d3c906e583479edb6de8a9c1989eace224b961b274b3915a038aa6,2026-07-29,Human approved strict current cluster PC-015,PC-015
1VSPDS00208AI,APPROVE_CLUSTER_CURRENT,right,file:1VSPDS00208AI-auto-right.jpg,public/card-thumbnails/1VSPDS00208AI-auto-right.jpg,08443e35121692671f314349d68e7543d5f7332d73f098bbd48673f81eb338a8,2026-07-29,Human approved strict current cluster PC-015,PC-015
1VSPDS00209AI,APPROVE_CLUSTER_CURRENT,right,file:1VSPDS00209AI-auto-right.jpg,public/card-thumbnails/1VSPDS00209AI-auto-right.jpg,4de73649a5ce143540ac36c6d6e4e81e4ab03bb9c5d24ae949bf0b4b57e8cc3b,2026-07-29,Human approved strict current cluster PC-015,PC-015
1VSPDS00216AI,APPROVE_CLUSTER_CURRENT,right,file:1VSPDS00216AI-auto-right.jpg,public/card-thumbnails/1VSPDS00216AI-auto-right.jpg,d7e6403e88a9a77cbc77fdfa74e05de5f4bfbd294054b1689b72c6480894d173,2026-07-29,Human approved strict current cluster PC-015,PC-015
301MBDD02186,CURRENT_OK,right,file:301MBDD02186-auto-right.jpg,public/card-thumbnails/301MBDD02186-auto-right.jpg,ba8c083b99e12e5a04ba6ed7d769915ddc1292e5b6e794ad3f03fbb9e3dad983,2026-07-28,Human approved current right image,
301MBDD02187,CURRENT_OK,right,file:301MBDD02187-auto-right.jpg,public/card-thumbnails/301MBDD02187-auto-right.jpg,b751ce43ca395ac803a659d147149989268def553db6e38c48a75d6716b28fca,2026-07-28,Human approved current right image,
36DOKS00682,APPROVE_CLUSTER_CURRENT,right,file:36DOKS00682-auto-right.jpg,public/card-thumbnails/36DOKS00682-auto-right.jpg,1f5e7e3941ecd6120edc65e9a1f29539c33f8b25f90ef120a9dc9a245b45ab8d,2026-07-29,Human approved strict current cluster PC-015,PC-015
5534ID00019,APPROVE_CLUSTER_CURRENT,right,file:5534ID00019-auto-right.jpg,public/card-thumbnails/5534ID00019-auto-right.jpg,6a5900e19be514de7d5cc15dc18da5bbfe50139d94fbc8ce8f80fe4136be89af,2026-07-29,Human approved strict current cluster PC-015,PC-015
5561HTMA00016,APPROVE_CLUSTER_CURRENT,right,file:5561HTMA00016-auto-right.jpg,public/card-thumbnails/5561HTMA00016-auto-right.jpg,f0587c7b98a8cc13c4e9d9f6cf854e666ddf0b8b501487af6b1d4386cb184bff,2026-07-29,Human approved strict current cluster PC-012,PC-012
5561HTMA00017,APPROVE_CLUSTER_CURRENT,right,file:5561HTMA00017-auto-right.jpg,public/card-thumbnails/5561HTMA00017-auto-right.jpg,cf5fe761d9c9e4b763e120832bf18397916dabc4e6d6d964c9b8f4edd82038ba,2026-07-29,Human approved strict current cluster PC-012,PC-012
5561HTMA00019,APPROVE_CLUSTER_CURRENT,right,file:5561HTMA00019-auto-right.jpg,public/card-thumbnails/5561HTMA00019-auto-right.jpg,35b5ccbf947ddfc04955f7b2172f70def7c432b6af87e26238a1625ed5acd3e5,2026-07-29,Human approved strict current cluster PC-012,PC-012
5561SGKT00003,APPROVE_CLUSTER_CURRENT,right,file:5561SGKT00003-auto-right.jpg,public/card-thumbnails/5561SGKT00003-auto-right.jpg,0cf505d83bf058bd0d843d48a190a87c5a2ad8ed45b25f56144dc4c6b043ee70,2026-07-29,Human approved strict current cluster PC-012,PC-012
5561SOSY00002,APPROVE_CLUSTER_CURRENT,right,file:5561SOSY00002-auto-right.jpg,public/card-thumbnails/5561SOSY00002-auto-right.jpg,1387586d8a71a1b4582f32f9022f0af9863d4f1a7333d136cac56fe0601d207d,2026-07-29,Human approved strict current cluster PC-012,PC-012
5561SOSY00003,CURRENT_OK,right,file:5561SOSY00003-auto-right.jpg,public/card-thumbnails/5561SOSY00003-auto-right.jpg,8966ccb3099b01243ba14d46939c00f0cfce117d0c82231e845d7284a15f94fa,2026-07-28,Human approved current right image,
5561ZSMX00001,APPROVE_CLUSTER_CURRENT,right,file:5561ZSMX00001-auto-right.jpg,public/card-thumbnails/5561ZSMX00001-auto-right.jpg,0c974b39902af42040f4c15d2edcf25d48a2ae1d9304c66074b97d7fef071b95,2026-07-29,Human approved strict current cluster PC-012,PC-012
5561ZSMX00002,APPROVE_CLUSTER_CURRENT,right,file:5561ZSMX00002-auto-right.jpg,public/card-thumbnails/5561ZSMX00002-auto-right.jpg,37b020c7a478f85672905fd6d91e911a45249d0cbbf16b2ec40eaf09fe14e047,2026-07-29,Human approved strict current cluster PC-012,PC-012
5561ZSMX00003,APPROVE_CLUSTER_CURRENT,right,file:5561ZSMX00003-auto-right.jpg,public/card-thumbnails/5561ZSMX00003-auto-right.jpg,1780ad666c7bee330a0a517f4d5065b71b16d6871c3da9234fd246962ebdc06e,2026-07-29,Human approved strict current cluster PC-011,PC-011
5561ZSMX00004,APPROVE_CLUSTER_CURRENT,right,file:5561ZSMX00004-auto-right.jpg,public/card-thumbnails/5561ZSMX00004-auto-right.jpg,fa8b565d5e5585a5adc2e7532b102b472247e436bc652069ad58449a6cd0bd21,2026-07-29,Human approved strict current cluster PC-012,PC-012
55T3800066,APPROVE_CLUSTER_CURRENT,right,file:55T3800066-auto-right.jpg,public/card-thumbnails/55T3800066-auto-right.jpg,84c2b0f56fae9503875f70472554884fe78296e56c1d124545ba24ec10e82650,2026-07-29,Human approved strict current cluster PC-015,PC-015
55T3800067,APPROVE_CLUSTER_CURRENT,right,file:55T3800067-auto-right.jpg,public/card-thumbnails/55T3800067-auto-right.jpg,78d8cb30bb30aa2544027d05cba81e5c23874fa2469e8cf2207c3f6734e152c5,2026-07-29,Human approved strict current cluster PC-015,PC-015
55TMAVR00285,APPLY_CLUSTER_SAMPLE_RULE_WITH_QUALITY_GATE,sample,url:https://pics.dmm.co.jp/digital/video/55tmavr00285/55tmavr00285jp-1.jpg,tmp/card-thumbnail-v3-dry-run/cache/a83ce9e6e3df33144906a9ffcccd5dc8286b72b8.jpg,ee008de8d348ccc982af277db745aaaa604323328e8c5ddef30a7f7c96901766,2026-07-29,Existing exact sample candidate retained under PC-029 quality gate,PC-029
5642HODV22089,APPROVE_CLUSTER_CURRENT,right,file:5642HODV22089-auto-right.jpg,public/card-thumbnails/5642HODV22089-auto-right.jpg,f2383f3b3d5e345c1c0c8c6d83c04238c0abd8e54b16e9726b8f001cbc6f50c2,2026-07-29,Human approved strict current cluster PC-022,PC-022
5642HODV22090,APPROVE_CLUSTER_CURRENT,right,file:5642HODV22090-auto-right.jpg,public/card-thumbnails/5642HODV22090-auto-right.jpg,c621ccedb0caeb8b3322f799ae6de5eeccd18186b4c9ae7c007dd651ed086fc1,2026-07-29,Human approved strict current cluster PC-022,PC-022
5642HODV22099,CURRENT_OK,right,file:5642HODV22099-auto-right.jpg,public/card-thumbnails/5642HODV22099-auto-right.jpg,2e0fbcc031802b0ccd05c7c83e37a60c4526ae23b28dcd81f655ef736f9a658a,2026-07-29,Human approved current image,
59HEZ00900,APPROVE_CLUSTER_CURRENT,right,file:59HEZ00900-auto-right.jpg,public/card-thumbnails/59HEZ00900-auto-right.jpg,fa80d3f20e033e364ed2c52f0fff617f8b5e2016ab8c099c71976182838db392,2026-07-29,Human approved strict current cluster PC-015,PC-015
59HEZ00901,APPROVE_CLUSTER_CURRENT,right,file:59HEZ00901-auto-right.jpg,public/card-thumbnails/59HEZ00901-auto-right.jpg,6a0a41d87111b177c0a6bfb1308849950da4972b3fad8f13aff750b0b832eccb,2026-07-29,Human approved strict current cluster PC-015,PC-015
61RMD00593AI,APPROVE_CLUSTER_CURRENT,right,file:61RMD00593AI-auto-right.jpg,public/card-thumbnails/61RMD00593AI-auto-right.jpg,c1079c12523879b88ac0fb9a2ed5cf7ace3b1128406de6d46b7c626cd5cd68f4,2026-07-29,Human approved strict current cluster PC-015,PC-015
61RMD00595AI,APPROVE_CLUSTER_CURRENT,right,file:61RMD00595AI-auto-right.jpg,public/card-thumbnails/61RMD00595AI-auto-right.jpg,abc517b8e65da5809f05352775f0fd0af88b4b3d9146d7569c11b20bced20b91,2026-07-29,Human approved strict current cluster PC-015,PC-015
84RMILD00565AI,APPROVE_CLUSTER_CURRENT,right,file:84RMILD00565AI-auto-right.jpg,public/card-thumbnails/84RMILD00565AI-auto-right.jpg,7f7efc2170bcb182e782bd813597086930f4fafa634506bf336b312b18a83b6d,2026-07-29,Human approved strict current cluster PC-015,PC-015
84ROKAD00134AI,APPROVE_CLUSTER_CURRENT,right,file:84ROKAD00134AI-auto-right.jpg,public/card-thumbnails/84ROKAD00134AI-auto-right.jpg,fbfa8a1df56c956baa77e1f84d445077d500620bf0d8f545f4e6c141bab84ce9,2026-07-29,Human approved strict current cluster PC-015,PC-015
AARM00356,APPROVE_CLUSTER_CURRENT,right,file:AARM00356-auto-right.jpg,public/card-thumbnails/AARM00356-auto-right.jpg,810f496f3d60b0c03aefa84226b60745e2238bb02c7140e627d22f8e9d6e1d07,2026-07-29,Human approved strict current cluster PC-015,PC-015
ADVO00235,APPROVE_CLUSTER_CURRENT,right,file:ADVO00235-auto-right.jpg,public/card-thumbnails/ADVO00235-auto-right.jpg,e7f93f4bfe13716e5c38b819d0f5a2ee91894ee56eacfd62db3b73e26b151b2d,2026-07-29,Human approved strict current cluster PC-015,PC-015
AGEOM00035,CURRENT_OK,right,file:AGEOM00035-auto-right.jpg,public/card-thumbnails/AGEOM00035-auto-right.jpg,f808b91bdfee7f03fc87c50d4fa2af7491c2561ab78a4aad9baecf061929f9b9,2026-07-29,Human approved current image in final exception review,FINAL-EXCEPTION-CURRENT-2026-07-29
AGMX00269,CURRENT_OK,full,dvd:full,public/card-thumbnails/AGMX00269-full-v4.jpg,d06b5999ca8e2f51fc66dd68bf1b0d249e13a2f4d74ea4bb2e9e4b51b8df366a,2026-07-28,Human approved current full image,
AIDVPRN00004,APPROVE_CLUSTER_CURRENT,right,file:AIDVPRN00004-auto-right.jpg,public/card-thumbnails/AIDVPRN00004-auto-right.jpg,98bb93c793934d0016c46a7a3ff3e98b810a041966530837b392fdfd8bbc459f,2026-07-29,Human approved strict current cluster PC-015,PC-015
AIDVPRN00005,CURRENT_OK,right,file:AIDVPRN00005-auto-right.jpg,public/card-thumbnails/AIDVPRN00005-auto-right.jpg,36553f665ac0158afc05350a395a9833a7d0df655e51f685e04b032fc9a043fe,2026-07-28,Human approved current right image,
AIDVPRN00007,CURRENT_OK,right,file:AIDVPRN00007-auto-right.jpg,public/card-thumbnails/AIDVPRN00007-auto-right.jpg,b7d6e86bf026b99df95c311689fd39bd4d767363e0eb65c3a7912406831944ff,2026-07-28,Human approved current right image,
AIDVPRN00010,APPROVE_CLUSTER_CURRENT,right,file:AIDVPRN00010-auto-right.jpg,public/card-thumbnails/AIDVPRN00010-auto-right.jpg,8b3525a3822e8fab8d45010a9074709460414b47216b26e15bd9938cdbc7f279,2026-07-29,Human approved strict current cluster PC-015,PC-015
AIDVPRN00011,APPROVE_CLUSTER_CURRENT,right,file:AIDVPRN00011-auto-right.jpg,public/card-thumbnails/AIDVPRN00011-auto-right.jpg,3d87e5aec53f6718adab55758d3c828a780a1c0188ed21534d2e686679d13d00,2026-07-29,Human approved strict current cluster PC-015,PC-015
AJVR00321,APPLY_CLUSTER_SAMPLE_RULE_WITH_QUALITY_GATE,sample,url:https://pics.dmm.co.jp/digital/video/ajvr00321/ajvr00321jp-1.jpg,tmp/card-thumbnail-v3-dry-run/cache/5190a2d4c793b761f3e9e95d8038b86dac935d5f.jpg,2f67e3aa5d0a0b3ebc492c2e35ca12501b5062e5bcd9bd7ef929245b6d692ef2,2026-07-29,Existing exact sample candidate retained under PC-029 quality gate,PC-029
AQUCO00184,APPROVE_CLUSTER_CURRENT,sample,url:https://pics.dmm.co.jp/digital/video/aquco00184/aquco00184jp-7.jpg,tmp/card-thumbnail-v3-dry-run/cache/4b8ab8309c3bc75f3f0cfec0a808a8f6ab9b1e31.jpg,5e95c51ca33c34e4de507957889f850c87c76b5d38d4c6095e7d36c7bf23f9be,2026-07-29,Human approved strict current cluster PC-028,PC-028
AQUGL00004,CURRENT_OK,sample,sample:12,tmp/card-thumbnail-v3-dry-run/cache/b7f305ea21fb715f2b98b124b42340d6f4413675.jpg,85b6fe7a484af6e4176982e7751dadece1c6eda5e19be4bb246fe0e3c36ae275,2026-07-29,Human approved current image in final exception review,FINAL-EXCEPTION-CURRENT-2026-07-29
AQULA00134,APPROVE_CLUSTER_CURRENT,right,file:AQULA00134-auto-right.jpg,public/card-thumbnails/AQULA00134-auto-right.jpg,0b52a9c5f39a3a043b3c7c648defc7a4090ff191dccc531d8e37c49b56e8f51e,2026-07-29,Human approved strict current cluster PC-015,PC-015
AQUMA00151,APPROVE_CLUSTER_CURRENT,right,file:AQUMA00151-auto-right.jpg,public/card-thumbnails/AQUMA00151-auto-right.jpg,55d5680052cd290f38342700c74727a0d250636a005ca4739ab50723077ffb84,2026-07-29,Human approved strict current cluster PC-015,PC-015
AQUMAM00039,APPROVE_CLUSTER_CURRENT,sample,url:https://pics.dmm.co.jp/digital/video/aqumam00039/aqumam00039jp-14.jpg,tmp/card-thumbnail-v3-dry-run/cache/cafcdf934a8a3ea55171ddca0da778c8f85a5080.jpg,cc3be928021f942cb4cd4e77423b0b22ec4e56c80f6bb27e11a3ae4c834911aa,2026-07-29,Human approved strict current cluster PC-028,PC-028
ARAN00113,APPROVE_CLUSTER_CURRENT,right,file:ARAN00113-auto-right.jpg,public/card-thumbnails/ARAN00113-auto-right.jpg,80076f87efbbe7063c6c54bf82f710d5ab1adff5bb7dd23b8ef63aa6966ed56c,2026-07-29,Human approved strict current cluster PC-015,PC-015
ASIA00129,APPROVE_CLUSTER_CURRENT,right,file:ASIA00129-auto-right.jpg,public/card-thumbnails/ASIA00129-auto-right.jpg,4d57af2c75ae3d7045ad017a1b516fd60d0709c9bf5bb51990e0b79682adc1af,2026-07-29,Human approved strict current cluster PC-015,PC-015
ATVR00069,APPROVE_CLUSTER_CURRENT,right,file:ATVR00069-auto-right.jpg,public/card-thumbnails/ATVR00069-auto-right.jpg,9445faeb1a762b29b0cfe835f874ee841f7497874e6d922e7ff25436a68dee56,2026-07-29,PC-021 exact-signature current image approved; outliers only reviewed,PC-021
ATYA00044,APPROVE_CLUSTER_CURRENT,right,file:ATYA00044-auto-right.jpg,public/card-thumbnails/ATYA00044-auto-right.jpg,1a05bee43db1d6b8e63f29a49461d1068e4618a64dd559c899bae82372f24ea9,2026-07-29,Human approved strict current cluster PC-015,PC-015
AVSA00443,APPROVE_CLUSTER_CURRENT,right,file:AVSA00443-auto-right.jpg,public/card-thumbnails/AVSA00443-auto-right.jpg,e4900d9c5ad2e25b664b42d84841130d490726687b25b98dadbe77f42c5ac4ab,2026-07-29,PC-021 exact-signature current image approved; outliers only reviewed,PC-021
AVSA00444,APPROVE_CLUSTER_CURRENT,right,file:AVSA00444-auto-right.jpg,public/card-thumbnails/AVSA00444-auto-right.jpg,95185c2a0a7b83a404a5898408b044fe0254ab61064ac7ce3723b8db2e9b07f3,2026-07-29,PC-021 exact-signature current image approved; outliers only reviewed,PC-021
AVSA00445,APPROVE_CLUSTER_CURRENT,right,file:AVSA00445-auto-right.jpg,public/card-thumbnails/AVSA00445-auto-right.jpg,b88ae25c4ac0c941915db6d4c2fa8b15561e32aa94b2c6e49ac0d19a41c9244e,2026-07-29,PC-021 exact-signature current image approved; outliers only reviewed,PC-021
BACJ00185,APPROVE_CLUSTER_CURRENT,right,file:BACJ00185-auto-right.jpg,public/card-thumbnails/BACJ00185-auto-right.jpg,1e20e2111c8da31d28899e094ba705a651a9f99da5bae4d2a78f65dc7154d699,2026-07-29,Human approved strict current cluster PC-015,PC-015
BACJ00186,APPROVE_CLUSTER_CURRENT,right,file:BACJ00186-auto-right.jpg,public/card-thumbnails/BACJ00186-auto-right.jpg,f79804ce707bf1e2c20b5d3460566fc8c68d55d639d88ff0a868b8c4a3202f13,2026-07-29,Human approved strict current cluster PC-015,PC-015
BBAN00581,APPROVE_CLUSTER_CURRENT,right,file:BBAN00581-auto-right.jpg,public/card-thumbnails/BBAN00581-auto-right.jpg,07f9fca7942c727eb163fafd8be90279f5d01e4a6359e997d0e9ac5cd3e00e09,2026-07-29,Human approved strict current cluster PC-015,PC-015
BBAN00593,APPROVE_CLUSTER_CURRENT,right,file:BBAN00593-auto-right.jpg,public/card-thumbnails/BBAN00593-auto-right.jpg,e01b810556fe43ee57bd80c76289416bb7853bf4da637c7954029450e4cc86f7,2026-07-29,Human approved strict current cluster PC-020,PC-020
BBAN00598,APPROVE_CLUSTER_CURRENT,right,file:BBAN00598-auto-right.jpg,public/card-thumbnails/BBAN00598-auto-right.jpg,2d2f747e23db637d93bd20368793cbd250168e5cd741196131159d81e8e159c0,2026-07-29,Human approved strict current cluster PC-015,PC-015
BBTU00117,APPLY_CLUSTER_SAMPLE_RULE_WITH_QUALITY_GATE,sample,sample:1,tmp/card-thumbnail-v3-dry-run/cache/d6569bdf56871323ddb43fda398bbe570006832f.jpg,20d360fc24e22f3edd7dc78be983a04290e443a8d4de664ed8ef3786f71ee2b2,2026-07-29,Saved sample:1 passed PC-017 quality gate,PC-017
BEBL00057,APPLY_CLUSTER_SAMPLE_RULE_WITH_QUALITY_GATE,sample,url:https://pics.dmm.co.jp/digital/video/bebl00057/bebl00057jp-12.jpg,tmp/card-thumbnail-v3-dry-run/cache/8cef65acb6675dec32bac60887e4b9aa4e8146c0.jpg,062d6dfc490c731101ac8d664eb49f1013bc3292e1b24f4ddcf595234030a6c6,2026-07-29,Existing exact sample candidate retained under PC-029 quality gate,PC-029
BEBL00059,APPROVE_CLUSTER_CURRENT,right,file:BEBL00059-auto-right.jpg,public/card-thumbnails/BEBL00059-auto-right.jpg,fd06a968cb8b8331873bc4483a4be970b51e00b05b0117497c1115c1d108ad66,2026-07-29,Human approved strict current cluster PC-010,PC-010
BIBIVR00170,APPLY_CLUSTER_SAMPLE_RULE_WITH_QUALITY_GATE,sample,url:https://pics.dmm.co.jp/digital/video/bibivr00170/bibivr00170jp-1.jpg,tmp/card-thumbnail-v3-dry-run/cache/3836f2fed5da97cc6ae075e060f95dc49a6390ff.jpg,4981dc6e5882248882deda8ef9783998cb5506503b148312e46b2b25b15c74be,2026-07-29,Existing exact sample candidate retained under PC-031 quality gate,PC-031
BIBIVR00171,APPROVE_CLUSTER_CURRENT,right,file:BIBIVR00171-auto-right.jpg,public/card-thumbnails/BIBIVR00171-auto-right.jpg,847d81d6957e995752419544338e76ee10351b0c36751ce2c736e7a867cb842a,2026-07-29,PC-021 exact-signature current image approved; outliers only reviewed,PC-021
BIBIVR00172,CURRENT_OK,sample,url:https://pics.dmm.co.jp/digital/video/bibivr00172/bibivr00172jp-1.jpg,tmp/card-thumbnail-v3-dry-run/cache/4101163e02ac9f393b8f8c89fc293ba2fb20bde2.jpg,d81aa8252484479e02a5305353cd202e7a60d4185bd4b6b752ea61230fa7cbb0,2026-07-28,Human approved current sample image,
BIBIVR00175,APPLY_CLUSTER_SAMPLE_RULE_WITH_QUALITY_GATE,sample,url:https://pics.dmm.co.jp/digital/video/bibivr00175/bibivr00175jp-1.jpg,tmp/card-thumbnail-v3-dry-run/cache/786f7dcc1055d33761a04a9e28306aac8a582ac4.jpg,5a578c1722aee7d636f33dfa6400f23da4f783f4a505de9bed7abe9f33259205,2026-07-29,Existing exact sample candidate retained under PC-029 quality gate,PC-029
BJD00058,APPROVE_CLUSTER_CURRENT,right,file:BJD00058-auto-right.jpg,public/card-thumbnails/BJD00058-auto-right.jpg,58c0f32ffea909c707025cc58fcb18c74677953e7511cc88c4d4ccf18a66ea22,2026-07-29,Human approved strict current cluster PC-013,PC-013
BKH00369,CURRENT_OK,right,file:BKH00369-auto-right.jpg,public/card-thumbnails/BKH00369-auto-right.jpg,b3b5cfeb61f86e8b1ef2d814c49ec498b888fe53cf9e01a2ed3bcc619b8f4565,2026-07-29,Human approved current image,
BOKD00318,APPROVE_CLUSTER_CURRENT,right,file:BOKD00318-auto-right.jpg,public/card-thumbnails/BOKD00318-auto-right.jpg,516bbb6a8b123b6182b09dc565b90bf90db17f13eec7b5b75e5a2b94faf619ad,2026-07-29,Human approved strict current cluster PC-015,PC-015
BONY00198,CURRENT_OK,right,file:BONY00198-auto-right.jpg,public/card-thumbnails/BONY00198-auto-right.jpg,371e98794d7fc19173c6065937d5b65139b68726531fe5529419235ae38971c4,2026-07-29,Human approved current image,
CADV00951,APPROVE_CLUSTER_CURRENT,right,file:CADV00951-auto-right.jpg,public/card-thumbnails/CADV00951-auto-right.jpg,17a497dcf079c8b6997f5e06ea6dac442ad8bfee4f5267b43c9ecbef46611e45,2026-07-29,Human approved strict current cluster PC-015,PC-015
CEAD00756,APPROVE_CLUSTER_CURRENT,right,file:CEAD00756-auto-right.jpg,public/card-thumbnails/CEAD00756-auto-right.jpg,5adb0aa54f86d743f99a2115c8a0673872e0842dd4f719dfcdd339da58f4f236,2026-07-29,Human approved strict current cluster PC-015,PC-015
CEAD00757,APPROVE_CLUSTER_CURRENT,right,file:CEAD00757-auto-right.jpg,public/card-thumbnails/CEAD00757-auto-right.jpg,163f7bd8546362cb43756358f90fc4782431aa7ef4b229068b531ef76639da00,2026-07-29,Human approved strict current cluster PC-014,PC-014
CEAD00758,CURRENT_OK,right,file:CEAD00758-auto-right.jpg,public/card-thumbnails/CEAD00758-auto-right.jpg,0687e2aed9399145554a084d535252ab61d790bd7360f56e3b6e43f26d3965dd,2026-07-29,Human approved current image,
CEMD00861,APPROVE_CLUSTER_CURRENT,right,file:CEMD00861-auto-right.jpg,public/card-thumbnails/CEMD00861-auto-right.jpg,57ef4ef74f1346ea4fab4be3d1a23f61e6fe49a0790a7ab988e3b4dce68347fa,2026-07-29,Human approved strict current cluster PC-015,PC-015
CEMD00862,APPROVE_CLUSTER_CURRENT,right,file:CEMD00862-auto-right.jpg,public/card-thumbnails/CEMD00862-auto-right.jpg,19c59a0f5ee6146204c032aea3350e76b1d4481b4299620b2d292be423a5311b,2026-07-29,Human approved strict current cluster PC-015,PC-015
CEMD00863,APPROVE_CLUSTER_CURRENT,right,file:CEMD00863-auto-right.jpg,public/card-thumbnails/CEMD00863-auto-right.jpg,0b921cd9232d0822a20c7be9e8b9b4dfb0770c6d793a94d9e0a6904707179614,2026-07-29,Human approved strict current cluster PC-016,PC-016
CEMD00864,APPROVE_CLUSTER_CURRENT,right,file:CEMD00864-auto-right.jpg,public/card-thumbnails/CEMD00864-auto-right.jpg,6bbb567ed582c3133cc095c8601ea1d3d0766bf941044c6259cce010190538e6,2026-07-29,Human approved strict current cluster PC-015,PC-015
CEMD00865,APPROVE_CLUSTER_CURRENT,right,file:CEMD00865-auto-right.jpg,public/card-thumbnails/CEMD00865-auto-right.jpg,3cdd714f611ad208bb4b43f27f29444269fb31bc3e19e8902ab9469cb4ab5e82,2026-07-29,Human approved strict current cluster PC-016,PC-016
CEMD00866,APPROVE_CLUSTER_CURRENT,right,file:CEMD00866-auto-right.jpg,public/card-thumbnails/CEMD00866-auto-right.jpg,ddf9988e80e2481c9e1925afb6368c455a73ce7df7b9d7232f9e922c30fa17af,2026-07-29,Human approved strict current cluster PC-015,PC-015
CEMD00867,APPROVE_CLUSTER_CURRENT,right,file:CEMD00867-auto-right.jpg,public/card-thumbnails/CEMD00867-auto-right.jpg,c3015dee18d5ea70595aabe5cfb071df6fb4e25c87654cecc6aa6459ea1a1e77,2026-07-29,Human approved strict current cluster PC-015,PC-015
CEMD00868,CURRENT_OK,right,file:CEMD00868-auto-right.jpg,public/card-thumbnails/CEMD00868-auto-right.jpg,636ca9827c5068b9a9122b1626b9e2fc3a478e4e3f90ff7f9673b3de40115043,2026-07-29,Human approved current image,
CEMD00872,CURRENT_OK,right,file:CEMD00872-auto-right.jpg,public/card-thumbnails/CEMD00872-auto-right.jpg,049d1885ef57a43036511d158cdc58be9bba19ea088cb566574f161ee7df5701,2026-07-29,Human approved current image,
CJOB00211,APPROVE_CLUSTER_CURRENT,right,file:CJOB00211-auto-right.jpg,public/card-thumbnails/CJOB00211-auto-right.jpg,2e4665607e03a2f1a6a3821cf0191b1af5da0a20e333143d937cee89de4b4920,2026-07-29,PC-021 exact-signature current image approved; outliers only reviewed,PC-021
CJOD00524,APPROVE_CLUSTER_CURRENT,right,file:CJOD00524-auto-right.jpg,public/card-thumbnails/CJOD00524-auto-right.jpg,7e852cb1c592e7908ca66a0df36f098f754611c3e42c2aa340e5d8ecb20ee0da,2026-07-29,Human approved strict current cluster PC-015,PC-015
CJOD00534,APPROVE_CLUSTER_CURRENT,right,file:CJOD00534-auto-right.jpg,public/card-thumbnails/CJOD00534-auto-right.jpg,67d41c5aa9f727b85cd89277939511293199131dfebd49c94cf86dbe47aa95c5,2026-07-29,Human approved strict current cluster PC-015,PC-015
CMJU00004,CURRENT_OK,right,file:CMJU00004-auto-right.jpg,public/card-thumbnails/CMJU00004-auto-right.jpg,192698c02acec7e9b78c1a13c5097eb665f1c82d33e38e0bce61851a7aadc99d,2026-07-29,Human approved current image,
CMN00264,APPROVE_CLUSTER_CURRENT,right,file:CMN00264-auto-right.jpg,public/card-thumbnails/CMN00264-auto-right.jpg,e891615c4b4579b131acf9c68ea651d542c2ab8083b9e9fc60bceea9c1012b2f,2026-07-29,Human approved strict current cluster PC-015,PC-015
CMV00208,APPROVE_CLUSTER_CURRENT,right,file:CMV00208-auto-right.jpg,public/card-thumbnails/CMV00208-auto-right.jpg,001d117f4fd570eeb11e8b198ce88fdf40dd0da848ef0e9a965e7ce4e50f5d39,2026-07-29,Human approved strict current cluster PC-015,PC-015
CMV00209,APPROVE_CLUSTER_CURRENT,right,file:CMV00209-auto-right.jpg,public/card-thumbnails/CMV00209-auto-right.jpg,b051f34f1669d6b66d1c64b90500609ab9ea3f5883a3144c84261df8ad486fd3,2026-07-29,Human approved strict current cluster PC-015,PC-015
CRFV00023,APPROVE_CLUSTER_CURRENT,right,file:CRFV00023-auto-right.jpg,public/card-thumbnails/CRFV00023-auto-right.jpg,f0d9a7ac84515cf3a97345f7ca016779cf84c12480d33a027622f3aadbe70f09,2026-07-29,Human approved strict current cluster PC-015,PC-015
CRVR00418,APPLY_CLUSTER_SAMPLE_RULE_WITH_QUALITY_GATE,sample,url:https://pics.dmm.co.jp/digital/video/crvr00418/crvr00418jp-1.jpg,tmp/card-thumbnail-v3-dry-run/cache/26b1c2aa9b8c0d1f7c6c27033850bfa0ab60b04d.jpg,752c0e03c761dd026f7b918af4898dcdedd31ac4e5b63439ceb8c943f0a9f151,2026-07-29,Existing exact sample candidate retained under PC-029 quality gate,PC-029
DASS00932,APPROVE_CLUSTER_CURRENT,right,file:DASS00932-auto-right.jpg,public/card-thumbnails/DASS00932-auto-right.jpg,5f6e9469d98e046ac00a8350947d1ac73f995df96666b5199defcb9e93200000,2026-07-29,PC-021 exact-signature current image approved; outliers only reviewed,PC-021
DASS00936,APPROVE_CLUSTER_CURRENT,right,file:DASS00936-auto-right.jpg,public/card-thumbnails/DASS00936-auto-right.jpg,b14c3fda78ff73ff207ce9b205597e73e45fdfea8232d8d272b0c1a1781e076a,2026-07-29,Human approved strict current cluster PC-015,PC-015
DASS00965,APPROVE_CLUSTER_CURRENT,right,file:DASS00965-auto-right.jpg,public/card-thumbnails/DASS00965-auto-right.jpg,de83baaf6429af86e7e3666ebed80485d95773dd72485c7cbba110d62c8a1f80,2026-07-29,PC-021 exact-signature current image approved; outliers only reviewed,PC-021
DASS00985,APPROVE_CLUSTER_CURRENT,right,file:DASS00985-auto-right.jpg,public/card-thumbnails/DASS00985-auto-right.jpg,84b7dd47a11a55312499eecfe6a69c96f15a17e92a3eaee50752eee69d9ddcda,2026-07-29,Human approved strict current cluster PC-015,PC-015
DASS00989,APPROVE_CLUSTER_CURRENT,right,file:DASS00989-auto-right.jpg,public/card-thumbnails/DASS00989-auto-right.jpg,efdd1b7c37f8d0dd50e72af7e1a2c2be35aba81f74065a9441c5c451769a5b1a,2026-07-29,PC-021 exact-signature current image approved; outliers only reviewed,PC-021
DASS00996,APPROVE_CLUSTER_CURRENT,right,file:DASS00996-auto-right.jpg,public/card-thumbnails/DASS00996-auto-right.jpg,c62cb88bb2c78332d4a185d94a6f4f8d60ca94dbfe92fd5709ef9a56032d83d1,2026-07-29,Human approved strict current cluster PC-015,PC-015
DASS00999,APPROVE_CLUSTER_CURRENT,right,file:DASS00999-auto-right.jpg,public/card-thumbnails/DASS00999-auto-right.jpg,aec32071796d3983c42bb756d377bc5ab3cb427281ddec61aacfa5c6f955364f,2026-07-29,PC-021 exact-signature current image approved; outliers only reviewed,PC-021
DAZD00300,APPROVE_CLUSTER_CURRENT,right,file:DAZD00300-auto-right.jpg,public/card-thumbnails/DAZD00300-auto-right.jpg,3a7670099e9f8b0ac8258977eb2cd85eeffcdb5272145ed9ee5e486909aab2e2,2026-07-29,Human approved strict current cluster PC-020,PC-020
DDFF00053,APPROVE_CLUSTER_CURRENT,right,file:DDFF00053-auto-right.jpg,public/card-thumbnails/DDFF00053-auto-right.jpg,0c14c3d936cf77dcce9c286d94432603986c6ee66a2a3eba85e3b1ee3ef24adf,2026-07-29,Human approved strict current cluster PC-015,PC-015
DNJR00160,APPROVE_CLUSTER_CURRENT,right,file:DNJR00160-auto-right.jpg,public/card-thumbnails/DNJR00160-auto-right.jpg,9b6ff6471ae585cc1cb1d9888ce56a79f5d91fd22cd4e0b4855217d887bc9828,2026-07-29,Human approved strict current cluster PC-015,PC-015
DSOD00004,APPROVE_CLUSTER_CURRENT,right,file:DSOD00004-auto-right.jpg,public/card-thumbnails/DSOD00004-auto-right.jpg,2c01cb6f9bce4ece554c717e75d33d672fa712c444eb212041e262b772c529d9,2026-07-29,Human approved strict current cluster PC-015,PC-015
DSOD00012,APPROVE_CLUSTER_CURRENT,right,file:DSOD00012-auto-right.jpg,public/card-thumbnails/DSOD00012-auto-right.jpg,0e142be47eb3c51742b006232f3e7b313f462f2dfda239e0d265f928ddbb815b,2026-07-29,PC-021 exact-signature current image approved; outliers only reviewed,PC-021
DSOD00014,APPROVE_CLUSTER_CURRENT,right,file:DSOD00014-auto-right.jpg,public/card-thumbnails/DSOD00014-auto-right.jpg,6860c33fcc66dc7c6ea78e9f4a6dc19153d7c37052f3bba3bd43a2f7a6f08260,2026-07-29,Human approved strict current cluster PC-020,PC-020
DSOD00018,APPROVE_CLUSTER_CURRENT,right,file:DSOD00018-auto-right.jpg,public/card-thumbnails/DSOD00018-auto-right.jpg,72b9cdb856c8e588cee3306ae9aee8a1a9d62a63ec3e05fdb55e9a5756cdf21d,2026-07-29,PC-021 exact-signature current image approved; outliers only reviewed,PC-021
DSOD00019,APPROVE_CLUSTER_CURRENT,right,file:DSOD00019-auto-right.jpg,public/card-thumbnails/DSOD00019-auto-right.jpg,d4312ca55baa8b9c2d67dc17dfcd68c616805a8b4c6ae5913b7ac09da56940cc,2026-07-29,PC-021 exact-signature current image approved; outliers only reviewed,PC-021
DSOD00021,APPROVE_CLUSTER_CURRENT,right,file:DSOD00021-auto-right.jpg,public/card-thumbnails/DSOD00021-auto-right.jpg,96b953aa304de313cff88fe51ff9d54c0fe3e861aed70b4a5091fd56b45cee82,2026-07-29,PC-021 exact-signature current image approved; outliers only reviewed,PC-021
DSOD00025,APPROVE_CLUSTER_CURRENT,right,file:DSOD00025-auto-right.jpg,public/card-thumbnails/DSOD00025-auto-right.jpg,bd84c6267e8bf94bd3ce0e154917fab4806f29b744903f55f06e7595c01779ef,2026-07-29,PC-021 exact-signature current image approved; outliers only reviewed,PC-021
DSOD00028,APPROVE_CLUSTER_CURRENT,right,file:DSOD00028-auto-right.jpg,public/card-thumbnails/DSOD00028-auto-right.jpg,9e6dfea0ef4b337f2e8897253a70ff5d9248257afc3e8c967f3915d9a47c858e,2026-07-29,PC-021 exact-signature current image approved; outliers only reviewed,PC-021
DSOD00029,APPROVE_CLUSTER_CURRENT,right,file:DSOD00029-auto-right.jpg,public/card-thumbnails/DSOD00029-auto-right.jpg,861698722fe5183bbfe1f0e58b4e6eb22d3366df056dff0cdd1e798ec471dc64,2026-07-29,PC-021 exact-signature current image approved; outliers only reviewed,PC-021
DSOD00034,APPROVE_CLUSTER_CURRENT,right,file:DSOD00034-auto-right.jpg,public/card-thumbnails/DSOD00034-auto-right.jpg,43acf4c1bb5e1b6be8c7f1d4450493f81ce993dac329c74c5024b7e41ecc3c43,2026-07-29,Human approved strict current cluster PC-015,PC-015
DSOD00036,APPROVE_CLUSTER_CURRENT,right,file:DSOD00036-auto-right.jpg,public/card-thumbnails/DSOD00036-auto-right.jpg,ce645d791b3aecc69972b1006d6d65bce78ff1ed1846247134b4435b849350f9,2026-07-29,Human approved strict current cluster PC-015,PC-015
DSOD00042,APPROVE_CLUSTER_CURRENT,right,file:DSOD00042-auto-right.jpg,public/card-thumbnails/DSOD00042-auto-right.jpg,b337e292ebc2f64d0717f2a44877ad413d109c13d9920b1d6abcfa43b2c5d29e,2026-07-29,Human approved strict current cluster PC-015,PC-015
DSUVR00003,APPROVE_CLUSTER_CURRENT,sample,url:https://pics.dmm.co.jp/digital/video/dsuvr00003/dsuvr00003jp-2.jpg,tmp/card-thumbnail-v2-dry-run/cache/c71cac7a45f935a5e2a81fc5b0676954d89e7db9.jpg,3b221452ba187d3858155fffa2d1e2ad1679eda42dc52cc1dfa820afb56dcc11,2026-07-29,Human approved strict current cluster PC-028,PC-028
DSVR00064,CURRENT_OK,sample,sample:1_high_resolution,public/card-thumbnails/DSVR00064-sample-v4.jpg,086ddbb754966cf33790c177daf4cca2b24a81c3ecf996888ba9c437850e3ff3,2026-07-28,Human approved current sample image,
DVAJ00747,APPROVE_CLUSTER_CURRENT,right,file:DVAJ00747-auto-right.jpg,public/card-thumbnails/DVAJ00747-auto-right.jpg,e21715e8c5f71a87dc21f7797511e9bdf859ca3335451147b55be174c2848521,2026-07-29,Human approved strict current cluster PC-015,PC-015
DVAJ00748,APPROVE_CLUSTER_CURRENT,right,file:DVAJ00748-auto-right.jpg,public/card-thumbnails/DVAJ00748-auto-right.jpg,88755a6b95f8fe47d90d54108fd6ed7ad479734b1a2e18abac32b411ae7e30ed,2026-07-29,Human approved strict current cluster PC-015,PC-015
DVAJ00749,APPROVE_CLUSTER_CURRENT,right,file:DVAJ00749-auto-right.jpg,public/card-thumbnails/DVAJ00749-auto-right.jpg,afb5204a9360edf73de9120d60342363c0601f94543cf6a6290d7ae44a456ffa,2026-07-29,PC-021 exact-signature current image approved; outliers only reviewed,PC-021
DVMM00420,APPROVE_CLUSTER_CURRENT,right,file:DVMM00420-auto-right.jpg,public/card-thumbnails/DVMM00420-auto-right.jpg,0daf23123dbf0068ae8b31177d45cc0652eb53d6100d0b5771a8ce8bf95d3a4f,2026-07-29,Human approved strict current cluster PC-015,PC-015
DVMM00421,APPROVE_CLUSTER_CURRENT,right,file:DVMM00421-auto-right.jpg,public/card-thumbnails/DVMM00421-auto-right.jpg,864e521faa369c73a6db0d8aa64f3b51f590fa87f07fcafdef82013566be6e66,2026-07-29,Human approved strict current cluster PC-015,PC-015
DVMM00422,APPROVE_CLUSTER_CURRENT,right,file:DVMM00422-auto-right.jpg,public/card-thumbnails/DVMM00422-auto-right.jpg,9d9184f7b948ba567898cbf6fb8448bfcf2e106880c2b0a063b4a9d296ce2030,2026-07-29,Human approved strict current cluster PC-015,PC-015
DVMM00423,APPROVE_CLUSTER_CURRENT,right,file:DVMM00423-auto-right.jpg,public/card-thumbnails/DVMM00423-auto-right.jpg,4bf0d609d3f2a3bf67539e176bae33bea1a3d46e95893c0d4c8ae2193279f3d4,2026-07-29,Human approved strict current cluster PC-015,PC-015
EBWH00339,APPROVE_CLUSTER_CURRENT,right,file:EBWH00339-auto-right.jpg,public/card-thumbnails/EBWH00339-auto-right.jpg,546f91209b7fe9eaeaffa53f52a7d74912490ba064dc326d6f1c4f01564b3a95,2026-07-29,Human approved strict current cluster PC-015,PC-015
EBWH00341,APPROVE_CLUSTER_CURRENT,right,file:EBWH00341-auto-right.jpg,public/card-thumbnails/EBWH00341-auto-right.jpg,e322814ba22feb306f331f3f48ec3f378f5af3fd90af61023ea8e9f4f47b83c3,2026-07-29,PC-021 exact-signature current image approved; outliers only reviewed,PC-021
EBWH00342,APPROVE_CLUSTER_CURRENT,right,file:EBWH00342-auto-right.jpg,public/card-thumbnails/EBWH00342-auto-right.jpg,632ed3d65f194b25c511bbe9e9f7c26ad4b311646ba0bf3fe9df5e88cf550314,2026-07-29,Human approved strict current cluster PC-015,PC-015
EBWH00345,APPROVE_CLUSTER_CURRENT,sample,url:https://pics.dmm.co.jp/digital/video/ebwh00345/ebwh00345jp-3.jpg,tmp/card-thumbnail-v3-dry-run/cache/abb604785549b8ee54e6c36fcfdcf96a3305bfed.jpg,5523f5fe0f3320426eb72e12896c9a4b9c8dac21a38d962326d32c8a089b5a1a,2026-07-29,Human approved strict current cluster PC-030,PC-030
EBWH00349,APPROVE_CLUSTER_CURRENT,right,file:EBWH00349-auto-right.jpg,public/card-thumbnails/EBWH00349-auto-right.jpg,b059dbfe21ec506f79fcc5816916b7824d8d3e5e268bfe2181b67f22d463acc2,2026-07-29,PC-021 exact-signature current image approved; outliers only reviewed,PC-021
EBWH00359,APPROVE_CLUSTER_CURRENT,right,file:EBWH00359-auto-right.jpg,public/card-thumbnails/EBWH00359-auto-right.jpg,a980a556d312455f0a5e40e839c36aa117d84433e52851df0ce41da04db141d3,2026-07-29,Human approved strict current cluster PC-025,PC-025
EKDV00823,APPROVE_CLUSTER_CURRENT,right,file:EKDV00823-auto-right.jpg,public/card-thumbnails/EKDV00823-auto-right.jpg,68d23f550fd4d9d287c7e474a12b650701d565080c6fcf4fe89c72908748a2e4,2026-07-29,Human approved strict current cluster PC-015,PC-015
EMLB00092,CURRENT_OK,right,file:EMLB00092-auto-right.jpg,public/card-thumbnails/EMLB00092-auto-right.jpg,7104288c79e3f7de8f6a225eb1192982f9e8cc5232ccef562928408a9379f6e7,2026-07-29,Human approved current image,
FEM00035,CURRENT_OK,right,file:FEM00035-auto-right.jpg,public/card-thumbnails/FEM00035-auto-right.jpg,4da551a8d5d8aea2dad7fee19a2f29037889f8e9808b3cbb9abe499f1ca03cf2,2026-07-28,Human approved current right image,
FLAV00423,APPROVE_CLUSTER_CURRENT,right,file:FLAV00423-auto-right.jpg,public/card-thumbnails/FLAV00423-auto-right.jpg,4fc1fbb6d809df7a35a6628cca425d419420ab201ee04849fcd2e6628fb94bfd,2026-07-29,Human approved strict current cluster PC-015,PC-015
FLAV00424,APPROVE_CLUSTER_CURRENT,right,file:FLAV00424-auto-right.jpg,public/card-thumbnails/FLAV00424-auto-right.jpg,2e2f23faa52f934123dc219ae49bae8fd87b5a617bb95d8bc4259905b0de99f7,2026-07-29,Human approved strict current cluster PC-015,PC-015
FPRE00238,APPROVE_CLUSTER_CURRENT,right,file:FPRE00238-auto-right.jpg,public/card-thumbnails/FPRE00238-auto-right.jpg,a231db7470c4d83da5c7d84c7b8bd86b4a52f746f0eaa7553f3b62bf7ef6ba39,2026-07-29,Human approved strict current cluster PC-015,PC-015
FSTU00031,APPROVE_CLUSTER_CURRENT,right,file:FSTU00031-auto-right.jpg,public/card-thumbnails/FSTU00031-auto-right.jpg,bad0cd27f33c6703c442d0bcde978094e635121346e7d0f8557f8d8b18023546,2026-07-29,Human approved strict current cluster PC-015,PC-015
FSTU00032,APPROVE_CLUSTER_CURRENT,right,file:FSTU00032-auto-right.jpg,public/card-thumbnails/FSTU00032-auto-right.jpg,b0f46345b3195e030045c4fe825a8c7b455cbf0f8fa14242439349c17baf0c62,2026-07-29,Human approved strict current cluster PC-015,PC-015
FWAY00098,APPROVE_CLUSTER_CURRENT,right,file:FWAY00098-auto-right.jpg,public/card-thumbnails/FWAY00098-auto-right.jpg,df573fe07bd2aaef06ced6d6382e9521cb00abd9a02aa4a2ef7a727fd9522276,2026-07-29,PC-021 exact-signature current image approved; outliers only reviewed,PC-021
GAJK00037,APPROVE_CLUSTER_CURRENT,right,file:GAJK00037-auto-right.jpg,public/card-thumbnails/GAJK00037-auto-right.jpg,bf98e025ba1124c3ea2a7d23811043a7cddba7f216a182ac5ab545950a8dcf34,2026-07-29,Human approved strict current cluster PC-015,PC-015
GARA00024,APPROVE_CLUSTER_CURRENT,right,file:GARA00024-auto-right.jpg,public/card-thumbnails/GARA00024-auto-right.jpg,d22f8b8bd99f8f118eefb2e069bded81b9fa5b6142dd28b6eee7cffacbb027cf,2026-07-29,Human approved strict current cluster PC-015,PC-015
GKOK00004,APPROVE_CLUSTER_CURRENT,right,file:GKOK00004-auto-right.jpg,public/card-thumbnails/GKOK00004-auto-right.jpg,a2dc543126973504d722bca4b5abc8722b9ca0b2d3c72aae68f3f20a39cbc0a3,2026-07-29,Human approved strict current cluster PC-012,PC-012
GMA00098,APPROVE_CLUSTER_CURRENT,right,file:GMA00098-auto-right.jpg,public/card-thumbnails/GMA00098-auto-right.jpg,5512e4087cbe54c8e7a4dc2f0cd69f453bb343a1ed67d3ad870056e5881f349c,2026-07-29,Human approved strict current cluster PC-015,PC-015
GMA00099,APPROVE_CLUSTER_CURRENT,right,file:GMA00099-auto-right.jpg,public/card-thumbnails/GMA00099-auto-right.jpg,7508fb688e611ad249bba98b9bac6f2fae15630042d3ebeec59fbad02073617d,2026-07-29,Human approved strict current cluster PC-015,PC-015
GVH00860,APPROVE_CLUSTER_CURRENT,right,file:GVH00860-auto-right.jpg,public/card-thumbnails/GVH00860-auto-right.jpg,6f4d0d8a18aba6110119dd783196edcbb6cbfa382c04265865aa04792897d5e8,2026-07-29,Human approved strict current cluster PC-015,PC-015
GVH00861,APPROVE_CLUSTER_CURRENT,right,file:GVH00861-auto-right.jpg,public/card-thumbnails/GVH00861-auto-right.jpg,75e94bbc5bdf6c513268cc9f646fb71d55fa017b47698f57402365a95e5308f4,2026-07-29,Human approved strict current cluster PC-015,PC-015
GVH00862,APPROVE_CLUSTER_CURRENT,right,file:GVH00862-auto-right.jpg,public/card-thumbnails/GVH00862-auto-right.jpg,6246367f211e7e3c90ca9550845619e9f45f94d3ec000ffe21da1123cc8803b7,2026-07-29,Human approved strict current cluster PC-015,PC-015
GVH00863,APPROVE_CLUSTER_CURRENT,right,file:GVH00863-auto-right.jpg,public/card-thumbnails/GVH00863-auto-right.jpg,113760c088839e3f19dd3729974667ca02b5b8405c1c597b3d4ff945db26f0b9,2026-07-29,Human approved strict current cluster PC-015,PC-015
H_019TIMD00038,APPROVE_CLUSTER_CURRENT,right,file:H_019TIMD00038-auto-right.jpg,public/card-thumbnails/H_019TIMD00038-auto-right.jpg,b169d2836a5f3c15106bccea9af5bb2ef2bd9bb473bd5480003e48dbd37e4509,2026-07-29,Human approved strict current cluster PC-015,PC-015
H_068MXDLP00333,APPROVE_CLUSTER_CURRENT,right,file:H_068MXDLP00333-auto-right.jpg,public/card-thumbnails/H_068MXDLP00333-auto-right.jpg,c9147d0f28368cbbd7925e759613065b480788425701318e8b84b1d32825feb1,2026-07-29,Human approved strict current cluster PC-018,PC-018
H_068MXDLP00334,CURRENT_OK,right,file:H_068MXDLP00334-auto-right.jpg,public/card-thumbnails/H_068MXDLP00334-auto-right.jpg,62105f9a764531eaaab129a40a0f36b6c7ac8966bd051b64800bf9fb52f8a2d5,2026-07-29,Human approved current image,
H_068MXDLP00336,CURRENT_OK,full,file:H_068MXDLP00336-full-v3.jpg,public/card-thumbnails/H_068MXDLP00336-full-v3.jpg,1a56b31ed323383251636f0deaf016693866b3f7549645ab75c5d1a6c37c4c83,2026-07-28,Human approved current full image,
H_068MXGS01436,APPROVE_CLUSTER_CURRENT,right,file:H_068MXGS01436-auto-right.jpg,public/card-thumbnails/H_068MXGS01436-auto-right.jpg,498dc382acdbade84f86b6adb8c46692bd75a995785e56939af4fe6b28540cc9,2026-07-29,Human approved strict current cluster PC-015,PC-015
H_068MXGS01437,APPROVE_CLUSTER_CURRENT,right,file:H_068MXGS01437-auto-right.jpg,public/card-thumbnails/H_068MXGS01437-auto-right.jpg,3293b3a5745b1bbfde2e217b26e6f2bb83c085f78bf9d816f6cadda4424b3fd7,2026-07-29,Human approved strict current cluster PC-015,PC-015
H_068MXGS01439,APPROVE_CLUSTER_CURRENT,right,file:H_068MXGS01439-auto-right.jpg,public/card-thumbnails/H_068MXGS01439-auto-right.jpg,03f6d2ba251a639da85fb70d4847669be0ef8f7417b40a64b76327b17e68ce4a,2026-07-29,Human approved strict current cluster PC-015,PC-015
H_086HONE00297,APPROVE_CLUSTER_CURRENT,right,file:H_086HONE00297-auto-right.jpg,public/card-thumbnails/H_086HONE00297-auto-right.jpg,75e2d36d1f2eb952f005811109f1cc944d1fdaa9cd6604999531595f889f0c15,2026-07-29,Human approved strict current cluster PC-015,PC-015
H_086JRZE00307,APPLY_CLUSTER_SAMPLE_RULE_WITH_QUALITY_GATE,sample,url:https://pics.dmm.co.jp/digital/video/h_086jrze00307/h_086jrze00307jp-1.jpg,tmp/card-thumbnail-v3-dry-run/cache/fbaa719c1b1224a443cfd799258712131cf9cb0a.jpg,eb61caf6e9617feecb28e9fc83f269b9be8630c385aefbd63dfcdc4c9d9b0391,2026-07-29,Existing exact sample candidate retained under PC-029 quality gate,PC-029
H_086JRZE00308,APPLY_CLUSTER_SAMPLE_RULE_WITH_QUALITY_GATE,sample,url:https://pics.dmm.co.jp/digital/video/h_086jrze00308/h_086jrze00308jp-1.jpg,tmp/card-thumbnail-v3-dry-run/cache/81202d0ab6c3e0021b10f8ac7a78e842b20c7a85.jpg,c6b11e5aa9d04318412e8cba4fb423e95c365b8b97a1f3844b37262bd7a54c9a,2026-07-29,Existing exact sample candidate retained under PC-029 quality gate,PC-029
H_086JRZE00309,APPLY_CLUSTER_SAMPLE_RULE_WITH_QUALITY_GATE,sample,url:https://pics.dmm.co.jp/digital/video/h_086jrze00309/h_086jrze00309jp-1.jpg,tmp/card-thumbnail-v3-dry-run/cache/3be63bb4d92f0744a453cb25c5e9250010528816.jpg,aa4c0217a856fdcc12bbce9e54f8e6e31edab0a236204f82b25336e4e9e91873,2026-07-29,Existing exact sample candidate retained under PC-029 quality gate,PC-029
H_086JURA00202,APPLY_CLUSTER_SAMPLE_RULE_WITH_QUALITY_GATE,sample,url:https://pics.dmm.co.jp/digital/video/h_086jura00202/h_086jura00202jp-1.jpg,tmp/card-thumbnail-v3-dry-run/cache/3cff1d9a467f01c0b149bcc9e475dc3ad8527de8.jpg,7d492986435267a194e51c60e3821d61eb51153b957d5685ed8fd1df519122c6,2026-07-29,Existing exact sample candidate retained under PC-029 quality gate,PC-029
H_086JURA00203,CURRENT_OK,sample,url:https://pics.dmm.co.jp/digital/video/h_086jura00203/h_086jura00203jp-1.jpg,tmp/card-thumbnail-v3-dry-run/cache/599aaf942f102931550b8445ecf5b82a5eac4812.jpg,3ca419efb6f10d8fb8e927879e7fcff36f29df43976545d07abb02eeaebd0b05,2026-07-29,Human approved current sample image,current_sample_visually_valid_v1
H_086JURA00204,APPLY_CLUSTER_SAMPLE_RULE_WITH_QUALITY_GATE,sample,url:https://pics.dmm.co.jp/digital/video/h_086jura00204/h_086jura00204jp-1.jpg,tmp/card-thumbnail-v3-dry-run/cache/db49dc8deea86b8bafe8b156114922f16b521355.jpg,c410c7fb05b64715647c6c215268dbfc65d8723764d88b697b51be7f5a1ff9e1,2026-07-29,Existing exact sample candidate retained under PC-029 quality gate,PC-029
H_086NUKA00083,APPROVE_CLUSTER_CURRENT,right,file:H_086NUKA00083-auto-right.jpg,public/card-thumbnails/H_086NUKA00083-auto-right.jpg,0e2abfe2b3e218678b22344cd9cedb094ab9674d595945faa034bfbd5e8a5793,2026-07-29,Human approved strict current cluster PC-015,PC-015
H_086XMOM00117,APPROVE_CLUSTER_CURRENT,right,file:H_086XMOM00117-auto-right.jpg,public/card-thumbnails/H_086XMOM00117-auto-right.jpg,f172cc3ef353e27e4fa68cb94f9517e58e0cd515a625df1368b63475cb557a18,2026-07-29,Human approved strict current cluster PC-015,PC-015
H_086XMOM00118,APPROVE_CLUSTER_CURRENT,right,file:H_086XMOM00118-auto-right.jpg,public/card-thumbnails/H_086XMOM00118-auto-right.jpg,88494149a4dd0b980d91c77ea59f7726814f29439bf3756849b19e279d873b97,2026-07-29,Human approved strict current cluster PC-015,PC-015
H_086YOCH00033,APPROVE_CLUSTER_CURRENT,right,file:H_086YOCH00033-auto-right.jpg,public/card-thumbnails/H_086YOCH00033-auto-right.jpg,a144335526c666ccef589c5b831c7501365a06a53f4a84270000b3f01e482cc9,2026-07-29,Human approved strict current cluster PC-015,PC-015
H_1060VSED00286,APPROVE_CLUSTER_CURRENT,right,file:H_1060VSED00286-auto-right.jpg,public/card-thumbnails/H_1060VSED00286-auto-right.jpg,2e6673d029b26ac78373c5a2568b932a957920293d1242f171fd1ce347c9ce70,2026-07-29,Human approved strict current cluster PC-015,PC-015
H_1060VSED00288,CURRENT_OK,right,file:H_1060VSED00288-auto-right.jpg,public/card-thumbnails/H_1060VSED00288-auto-right.jpg,437bd6b8814d98e954920d62720732858c11cddb6e7da82d3745845f22bbbff7,2026-07-29,Human approved current image,
H_1060VSED00289,APPROVE_CLUSTER_CURRENT,right,file:H_1060VSED00289-auto-right.jpg,public/card-thumbnails/H_1060VSED00289-auto-right.jpg,d576e2a651971434a88a03054ae9762d03baf9ed2d00ed347619819e1910b8f8,2026-07-29,Human approved strict current cluster PC-015,PC-015
H_1342NSM00073,APPROVE_CLUSTER_CURRENT,right,file:H_1342NSM00073-auto-right.jpg,public/card-thumbnails/H_1342NSM00073-auto-right.jpg,8df3ddc311e53a0c19ce3278853bd611bfa247504846bc56d56d350b8f771985,2026-07-29,Human approved strict current cluster PC-016,PC-016
H_1435CLO00376,APPROVE_CLUSTER_CURRENT,full,url:https://pics.dmm.co.jp/digital/video/h_1435clo00376/h_1435clo00376pl.jpg,tmp/card-thumbnail-v3-dry-run/cache/d5c81a02765f820a667f3acbd116b01cb31e30c5.jpg,99ddb3caf82908472a04e6920d300d69a69ec56dd3cc7933cfbf0be342aa9984,2026-07-29,Human approved strict current cluster PC-007,PC-007
H_1489J9900767A,CURRENT_OK,full,url:https://pics.dmm.co.jp/digital/video/h_1489j9900767a/h_1489j9900767apl.jpg,tmp/card-thumbnail-v3-dry-run/cache/f25901a2522d15a31291c5cb2e71d1861a7b3954.jpg,bf74c6afe4f4d3b5985da02fb074cf47ddf777552e2d7aea85064978d8652e76,2026-07-28,Human approved current full image,
H_1489J9900767B,CURRENT_OK,full,url:https://pics.dmm.co.jp/digital/video/h_1489j9900767b/h_1489j9900767bpl.jpg,tmp/card-thumbnail-v3-dry-run/cache/c1649679b3038e05132de57f11494f69f94c8c0a.jpg,8e589583edd3eae66c32677c3548450acaa6c1143ed39fd9bc245772dc6f3b67,2026-07-28,Human approved current full image,
H_1489J9900767C,CURRENT_OK,full,url:https://pics.dmm.co.jp/digital/video/h_1489j9900767c/h_1489j9900767cpl.jpg,tmp/card-thumbnail-v3-dry-run/cache/4111980f9fe64207b06e4c49917d0bee1b15c3bf.jpg,f399bbe030dad0284f0278eedda06ef389ff9b8dbdeeb39582258b67181083a2,2026-07-29,Human approved current full image,current_full_visually_valid_v1
H_1489J9900770A,CURRENT_OK,full,url:https://pics.dmm.co.jp/digital/video/h_1489j9900770a/h_1489j9900770apl.jpg,tmp/card-thumbnail-v3-dry-run/cache/b94ad39e0a476036fcf5147e67de95ae169eaabf.jpg,8f5a2414ebe088f6af76d4957c45577750b7fb6cdb7798581c9e3577d743bbaa,2026-07-29,Human approved current full image,current_full_visually_valid_v1
H_1489J9900770B,APPROVE_CLUSTER_CURRENT,full,url:https://pics.dmm.co.jp/digital/video/h_1489j9900770b/h_1489j9900770bpl.jpg,tmp/card-thumbnail-v3-dry-run/cache/a87599a6a633a7ce452ecf333beab1a06b896739.jpg,617555384a91335c45dda3cbbcc921a963707c471f7a38e696d9801408658d91,2026-07-29,Human approved strict current cluster PC-007,PC-007
H_1489J9900771A,APPROVE_CLUSTER_CURRENT,full,url:https://pics.dmm.co.jp/digital/video/h_1489j9900771a/h_1489j9900771apl.jpg,tmp/card-thumbnail-v3-dry-run/cache/f35965d1114faf5fbd6d773cce826b896e91f086.jpg,8a9d1bf8a85e400952d5c03207d2cd07e3c18e4b1ae8b110186827c28de5e831,2026-07-29,Human approved strict current cluster PC-008,PC-008
H_1601HFC00043,APPROVE_CLUSTER_CURRENT,full,url:https://pics.dmm.co.jp/digital/video/h_1601hfc00043/h_1601hfc00043pl.jpg,tmp/card-thumbnail-v3-dry-run/cache/63a34107248a5b94091ebb13a3c757ee9b33b258.jpg,8db9e995c43d230c321751e5263a5160842bf06067e3f75fd954051dafc49897,2026-07-29,Human approved strict current cluster PC-009,PC-009
H_1650EMBM00052,APPROVE_CLUSTER_CURRENT,right,file:H_1650EMBM00052-auto-right.jpg,public/card-thumbnails/H_1650EMBM00052-auto-right.jpg,a9db71fdd423226a1d87fd569394fab32e4c8b99e6c26759ccd234c7ea60773b,2026-07-29,Human approved strict current cluster PC-015,PC-015
H_1664HNBR00013,APPROVE_CLUSTER_CURRENT,right,file:H_1664HNBR00013-auto-right.jpg,public/card-thumbnails/H_1664HNBR00013-auto-right.jpg,e1e438ff4713fe96800933d0ae312a658df985e90fc3de7d17c15a8d34ff5f49,2026-07-29,Human approved strict current cluster PC-015,PC-015
H_1664KIR00077,APPROVE_CLUSTER_CURRENT,right,file:H_1664KIR00077-auto-right.jpg,public/card-thumbnails/H_1664KIR00077-auto-right.jpg,a72ea209bfef4f4e533db6c8451b4d6839a21df01d6c87cbbb73f2006a77239c,2026-07-29,Human approved strict current cluster PC-015,PC-015
H_1664KIR00078,APPROVE_CLUSTER_CURRENT,right,file:H_1664KIR00078-auto-right.jpg,public/card-thumbnails/H_1664KIR00078-auto-right.jpg,5b818fefaae9dc75508776dd4e050a5edb25fbc6b852b34229bd83d1e8efa180,2026-07-29,Human approved strict current cluster PC-015,PC-015
H_1664OFKU00248,APPROVE_CLUSTER_CURRENT,right,file:H_1664OFKU00248-auto-right.jpg,public/card-thumbnails/H_1664OFKU00248-auto-right.jpg,f7ba8dde9c93e96e4039ef3ffe009b007699f99276a70bc8aa5f06b41eb95228,2026-07-29,Human approved strict current cluster PC-015,PC-015
H_1664VNDS03442,APPROVE_CLUSTER_CURRENT,right,file:H_1664VNDS03442-auto-right.jpg,public/card-thumbnails/H_1664VNDS03442-auto-right.jpg,a6835395dc125ed58ff8dad70d22de2e367d77fb831e74f0d583b750634814ac,2026-07-29,Human approved strict current cluster PC-016,PC-016
H_1711DOAC00001,APPLY_CLUSTER_SAMPLE_RULE_WITH_QUALITY_GATE,sample,url:https://pics.dmm.co.jp/digital/video/h_1711doac00001/h_1711doac00001jp-1.jpg,tmp/card-thumbnail-v3-dry-run/cache/b2cc94b37c6fccb1bf6f81f4c044fbcc75645b57.jpg,62793dfbaffb4d07b2d1d76b5375b4cded0745bae26f80bb4d5163e9fe0f42eb,2026-07-29,Existing exact sample candidate retained under PC-029 quality gate,PC-029
H_1711MAAN01183,APPROVE_CLUSTER_CURRENT,right,file:H_1711MAAN01183-auto-right.jpg,public/card-thumbnails/H_1711MAAN01183-auto-right.jpg,3381b3b460a9e7ac380e7a9d28cca618954f143657bb1b1fbfba0ee08adca269,2026-07-29,PC-021 exact-signature current image approved; outliers only reviewed,PC-021
H_1711MFDZ00006,APPLY_CLUSTER_SAMPLE_RULE_WITH_QUALITY_GATE,sample,url:https://pics.dmm.co.jp/digital/video/h_1711mfdz00006/h_1711mfdz00006jp-1.jpg,tmp/card-thumbnail-v3-dry-run/cache/1070f44be29460695cece76c1283de88d82414ab.jpg,295849eb3b0142346822195f42ee4e78b6b057d785b69459a27622bdfea90639,2026-07-29,Existing exact sample candidate retained under PC-029 quality gate,PC-029
H_1711MFOZ00003,APPLY_CLUSTER_SAMPLE_RULE_WITH_QUALITY_GATE,sample,url:https://pics.dmm.co.jp/digital/video/h_1711mfoz00003/h_1711mfoz00003jp-1.jpg,tmp/card-thumbnail-v3-dry-run/cache/4e1f62fc0c6b83646d97cb8751669ff3c787fb44.jpg,c5a47f042b0df1a305d6e0e87bffe6b5b51aecb2e0850f090cde75b0e7567eaf,2026-07-29,Existing exact sample candidate retained under PC-029 quality gate,PC-029
H_1711SIOZ00003,APPLY_CLUSTER_SAMPLE_RULE_WITH_QUALITY_GATE,sample,url:https://pics.dmm.co.jp/digital/video/h_1711sioz00003/h_1711sioz00003jp-1.jpg,tmp/card-thumbnail-v3-dry-run/cache/8d6b46f61d92b4865385404594424b89aa848ace.jpg,e8fe4439524936587786727fa61422d3182d2632cce56a29aa881abd36b340ff,2026-07-29,Existing exact sample candidate retained under PC-029 quality gate,PC-029
H_1753SUMU00007,APPROVE_CLUSTER_CURRENT,right,file:H_1753SUMU00007-auto-right.jpg,public/card-thumbnails/H_1753SUMU00007-auto-right.jpg,797c3d822d919c9771a669e62d5e72bbc8af8dd3d608d46b155262e322198efd,2026-07-29,Human approved strict current cluster PC-015,PC-015
H_1753TEND00034,APPROVE_CLUSTER_CURRENT,right,file:H_1753TEND00034-auto-right.jpg,public/card-thumbnails/H_1753TEND00034-auto-right.jpg,873f37996abb86c6d151312bb6c96765066f9b7ec710c96ca0c59c17c8aeaf1b,2026-07-29,Human approved strict current cluster PC-015,PC-015
H_1753TEND00035,APPROVE_CLUSTER_CURRENT,right,file:H_1753TEND00035-auto-right.jpg,public/card-thumbnails/H_1753TEND00035-auto-right.jpg,381357d0f5f97f9bd9a8e245cfbf8d7250a711fbd63e43f8b4df69ccf281df2a,2026-07-29,Human approved strict current cluster PC-015,PC-015
H_1758JJGG00004,APPROVE_CLUSTER_CURRENT,right,file:H_1758JJGG00004-auto-right.jpg,public/card-thumbnails/H_1758JJGG00004-auto-right.jpg,49d5e1f230fb8ce40ca23c1916192745ed111eb1c95f5cbe54452bbb911a7d5e,2026-07-29,Human approved strict current cluster PC-015,PC-015
H_1780GDPDX00020,APPROVE_CLUSTER_CURRENT,right,file:H_1780GDPDX00020-auto-right.jpg,public/card-thumbnails/H_1780GDPDX00020-auto-right.jpg,493d7b6146b7f69f3277a689f8ccb5dd99277504a2245363e094cb6ad4005959,2026-07-29,Human approved strict current cluster PC-015,PC-015
H_1780GMDMS00006,APPROVE_CLUSTER_CURRENT,right,file:H_1780GMDMS00006-auto-right.jpg,public/card-thumbnails/H_1780GMDMS00006-auto-right.jpg,f587bfdef7c5411ba8b1d1fbc99993941a7ff23be73acbebf19d0e9264f6df9d,2026-07-29,Human approved strict current cluster PC-014,PC-014
H_1780GPPBY00023,CURRENT_OK,full,dvd:full,public/card-thumbnails/H_1780GPPBY00023-full-v4.jpg,aa35f827b70c44c31164e6dd5b11b170996c9f9d2d6dc79d8e793574930983f7,2026-07-29,Human approved current full image,current_full_visually_valid_v1
H_1780GTOBP00022,APPROVE_CLUSTER_CURRENT,right,file:H_1780GTOBP00022-auto-right.jpg,public/card-thumbnails/H_1780GTOBP00022-auto-right.jpg,88691468c0d5d219a747318988130edfd25874b08f7c5586d80a2e71b91f41ab,2026-07-29,Human approved strict current cluster PC-015,PC-015
H_1784FTO00062,APPROVE_CLUSTER_CURRENT,right,file:H_1784FTO00062-auto-right.jpg,public/card-thumbnails/H_1784FTO00062-auto-right.jpg,cc3119fb8436bdbf6f836f78ece466d498dcf16f6f35062612770cd4807f5757,2026-07-29,Human approved strict current cluster PC-015,PC-015
H_1784FTO00063,APPROVE_CLUSTER_CURRENT,right,file:H_1784FTO00063-auto-right.jpg,public/card-thumbnails/H_1784FTO00063-auto-right.jpg,c12334041b45bcb5e670246eed606f4861bb4f6ff6901e651aaefb022e4e086f,2026-07-29,Human approved strict current cluster PC-015,PC-015
H_1784FTO00064,APPROVE_CLUSTER_CURRENT,right,file:H_1784FTO00064-auto-right.jpg,public/card-thumbnails/H_1784FTO00064-auto-right.jpg,9b0d4282bc3554ed9e36b5c30a0b7f78e7b1177e570134b55a2db3a8272802d0,2026-07-29,Human approved strict current cluster PC-015,PC-015
H_1812MEMO00012,APPROVE_CLUSTER_CURRENT,right,file:H_1812MEMO00012-auto-right.jpg,public/card-thumbnails/H_1812MEMO00012-auto-right.jpg,5de50aa44a6d728f960771211b5dba34d10fd6a2b76c70ad6b0cae74ae574f9d,2026-07-29,Human approved strict current cluster PC-015,PC-015
H_1814NMSL00043,APPROVE_CLUSTER_CURRENT,right,file:H_1814NMSL00043-auto-right.jpg,public/card-thumbnails/H_1814NMSL00043-auto-right.jpg,dd62406adeebd296992b967304c5c842d8fb2722f76c03e12d96ac11eeacfba0,2026-07-29,Human approved strict current cluster PC-015,PC-015
H_1834TK00084,APPROVE_CLUSTER_CURRENT,right,file:H_1834TK00084-auto-right.jpg,public/card-thumbnails/H_1834TK00084-auto-right.jpg,81f7bac672c975fe8ae0cff0bbf90905612e4b6a4e7406f3767084f572259b6d,2026-07-29,Human approved strict current cluster PC-022,PC-022
H_1834TK00086,APPROVE_CLUSTER_CURRENT,right,file:H_1834TK00086-auto-right.jpg,public/card-thumbnails/H_1834TK00086-auto-right.jpg,bbe73ed4aa081526a53cb6e847d4c2b4a1aa09dded8ab7d4d838858c8492a68c,2026-07-29,PC-021 exact-signature current image approved; outliers only reviewed,PC-021
H_237HDKA00334,APPLY_CLUSTER_SAMPLE_RULE_WITH_QUALITY_GATE,sample,url:https://pics.dmm.co.jp/digital/video/h_237hdka00334/h_237hdka00334jp-1.jpg,tmp/card-thumbnail-v3-dry-run/cache/b390c278177d2a873abd68de88e382cd7e8f3217.jpg,d4214dd6b0394855b44168d3b883a69f046c93620042e6f2e9a9567e0c385ffa,2026-07-29,Existing exact sample candidate retained under PC-029 quality gate,PC-029
H_237NACT00154,APPROVE_CLUSTER_CURRENT,right,file:H_237NACT00154-auto-right.jpg,public/card-thumbnails/H_237NACT00154-auto-right.jpg,833a1849a670f50d1cecd88d96582578e8f86a56e4815c98951de0fb247bbdeb,2026-07-29,Human approved strict current cluster PC-015,PC-015
H_237NACT00155,APPROVE_CLUSTER_CURRENT,right,file:H_237NACT00155-auto-right.jpg,public/card-thumbnails/H_237NACT00155-auto-right.jpg,5697e97a64e7059f5cc2f2e0d7ba2383c26f247f8fe9b0eb112bc26ebaebba70,2026-07-29,Human approved strict current cluster PC-015,PC-015
H_237NACT00156,APPROVE_CLUSTER_CURRENT,right,file:H_237NACT00156-auto-right.jpg,public/card-thumbnails/H_237NACT00156-auto-right.jpg,63e2c529571572576bdfeee3fd0d7536f89609af612ee709a71d1f8bdaa6b149,2026-07-29,Human approved strict current cluster PC-015,PC-015
H_237NACT00157,APPROVE_CLUSTER_CURRENT,right,file:H_237NACT00157-auto-right.jpg,public/card-thumbnails/H_237NACT00157-auto-right.jpg,0e63244c193ccffdce0357f7738312717bc3957b010cc60e08275544e2868e91,2026-07-29,Human approved strict current cluster PC-015,PC-015
H_237NACT00158,APPROVE_CLUSTER_CURRENT,right,file:H_237NACT00158-auto-right.jpg,public/card-thumbnails/H_237NACT00158-auto-right.jpg,33b4c8fcafeaeeadaae472738312e64a8a7b16c8594ca9bd88db211f2d02cb0f,2026-07-29,Human approved strict current cluster PC-015,PC-015
H_237NACT00159,APPROVE_CLUSTER_CURRENT,right,file:H_237NACT00159-auto-right.jpg,public/card-thumbnails/H_237NACT00159-auto-right.jpg,1981efdc5f894a5bef31fdb61348bfd1bb8abe672215afcdc8b845798341899e,2026-07-29,Human approved strict current cluster PC-015,PC-015
H_237NACT00160,APPROVE_CLUSTER_CURRENT,right,file:H_237NACT00160-auto-right.jpg,public/card-thumbnails/H_237NACT00160-auto-right.jpg,d113e87db449c4e0c7895cd6a76dd863f11af479e65cd41eae9866df869ec88b,2026-07-29,Human approved strict current cluster PC-015,PC-015
H_237NACT00161,APPLY_CLUSTER_SAMPLE_RULE_WITH_QUALITY_GATE,sample,url:https://pics.dmm.co.jp/digital/video/h_237nact00161/h_237nact00161jp-1.jpg,tmp/card-thumbnail-v3-dry-run/cache/2d08ddb832961a61938de027ea1cb2791a6b3a29.jpg,93fb69018c65db537ff1ae68b408275822fe7dd36a55ab802d61eb5dde94227f,2026-07-29,Existing exact sample candidate retained under PC-029 quality gate,PC-029
H_237ZMAR00164,APPLY_CLUSTER_SAMPLE_RULE_WITH_QUALITY_GATE,sample,sample:2,tmp/card-thumbnail-v3-dry-run/cache/164881b46874451e76c6e30af3cf3b4583c05cb7.jpg,ad5f20f4df02a3a4a0f761992c7d7be6650ce5913781ffad987d9d195df4b60d,2026-07-29,Saved sample:2 passed PC-017 quality gate,PC-017
H_283PMFT00435,APPROVE_CLUSTER_CURRENT,scene_portrait,scene_portrait,public/card-thumbnails/H_283PMFT00435-scene-portrait-v4.jpg,f6c49433d01527ec3cbe11b9e0c6b7697e1550a6180626f1f2016e48719bb892,2026-07-29,Human approved strict current cluster PC-034,PC-034
H_283PMFT00441,APPROVE_CLUSTER_CURRENT,right,file:H_283PMFT00441-auto-right.jpg,public/card-thumbnails/H_283PMFT00441-auto-right.jpg,247f125363941d47c8a2e3679ffe97e40344d2283031ab5ce989881d6ae6df4d,2026-07-29,Human approved strict current cluster PC-015,PC-015
H_283PYM00572,APPROVE_CLUSTER_CURRENT,right,file:H_283PYM00572-auto-right.jpg,public/card-thumbnails/H_283PYM00572-auto-right.jpg,b705f890b3cb28c24b5e5e6d9239a47d8e2296d3d2e9784d5b49067c49a7bdb9,2026-07-29,Human approved strict current cluster PC-015,PC-015
H_346REBD01046,APPROVE_CLUSTER_CURRENT,right,file:H_346REBD01046-auto-right.jpg,public/card-thumbnails/H_346REBD01046-auto-right.jpg,626f141d26f0182bd283d1317f287b2b81ca46e81206eebf28d7d33cc17b82bc,2026-07-29,Human approved strict current cluster PC-015,PC-015
H_346REBD01050,APPROVE_CLUSTER_CURRENT,right,file:H_346REBD01050-auto-right.jpg,public/card-thumbnails/H_346REBD01050-auto-right.jpg,92fdca933c598071ce96267db061d330fadf892f8a710042a4713539f620b62a,2026-07-29,Human approved strict current cluster PC-015,PC-015
H_346REBD01051,CURRENT_OK,right,file:H_346REBD01051-auto-right.jpg,public/card-thumbnails/H_346REBD01051-auto-right.jpg,4c74cea2489396917f182d518149594a300d6c8cf300ff5338906e94fa0a04e7,2026-07-28,Human approved current right image,
H_346REBD01053,CURRENT_OK,right,file:H_346REBD01053-auto-right.jpg,public/card-thumbnails/H_346REBD01053-auto-right.jpg,01df0d0fdc049153578c17185c85b8372b226d5dd1f056cb6d7cc6154951d90e,2026-07-28,Human approved current right image,
H_458HSM00088,APPROVE_CLUSTER_CURRENT,right,file:H_458HSM00088-auto-right.jpg,public/card-thumbnails/H_458HSM00088-auto-right.jpg,c9d876452842077b1deef0185b32ab6036a9a175c4e2547354fa4a8865e98bf7,2026-07-29,Human approved strict current cluster PC-015,PC-015
H_491FSBK00025,APPROVE_CLUSTER_CURRENT,right,file:H_491FSBK00025-auto-right.jpg,public/card-thumbnails/H_491FSBK00025-auto-right.jpg,acaf0e1aa02a7d396c4c57397a15e9ed9c6903e1bd880e97a7fdc3b255cbbab1,2026-07-29,Human approved strict current cluster PC-015,PC-015
H_491KDMN00050,CURRENT_OK,right,file:H_491KDMN00050-auto-right.jpg,public/card-thumbnails/H_491KDMN00050-auto-right.jpg,5a9be6eff2a4c2e2ae5d46ec315bdf7355fae08364e4d71cbb28f44efba88120,2026-07-29,Human approved current image in final exception review,FINAL-EXCEPTION-CURRENT-2026-07-29
H_491KDMN00051,CURRENT_OK,right,file:H_491KDMN00051-auto-right.jpg,public/card-thumbnails/H_491KDMN00051-auto-right.jpg,40f423be9e9364af1e7d01a6f0c3442ef4d735d2087697aaf42e39da87f874f6,2026-07-29,Human approved current image in final exception review,FINAL-EXCEPTION-CURRENT-2026-07-29
H_491LOCK00013,APPROVE_CLUSTER_CURRENT,right,file:H_491LOCK00013-auto-right.jpg,public/card-thumbnails/H_491LOCK00013-auto-right.jpg,5f10027a4136fe39f884611db124e6967c96c044210615ea4a23db71d3114002,2026-07-29,Human approved strict current cluster PC-015,PC-015
HMIX00058,CURRENT_OK,right,file:HMIX00058-auto-right.jpg,public/card-thumbnails/HMIX00058-auto-right.jpg,309546fe39976fbedb5e3a4008e84b68a8e5917a1eedb6477872768a10368068,2026-07-29,Human approved current image,
HMN00860,APPROVE_CLUSTER_CURRENT,right,file:HMN00860-auto-right.jpg,public/card-thumbnails/HMN00860-auto-right.jpg,19ef5da3bf72d49b1f588e0d0ae11761e735f2aabd3c8deef6d3e2b5f5169434,2026-07-29,PC-021 exact-signature current image approved; outliers only reviewed,PC-021
HMN00866,APPROVE_CLUSTER_CURRENT,right,file:HMN00866-auto-right.jpg,public/card-thumbnails/HMN00866-auto-right.jpg,38c082b362917402f9d9432c8d85b1909fefddf1fa1b3b1a9fcd831a1322e28f,2026-07-29,PC-021 exact-signature current image approved; outliers only reviewed,PC-021
HMN00869,APPROVE_CLUSTER_CURRENT,right,file:HMN00869-auto-right.jpg,public/card-thumbnails/HMN00869-auto-right.jpg,6ebb51fa9c503e04f19b9b48da53dd7424d21af06779d04045efc83e638dca4c,2026-07-29,PC-021 exact-signature current image approved; outliers only reviewed,PC-021
HMN00870,CURRENT_OK,right,file:HMN00870-auto-right.jpg,public/card-thumbnails/HMN00870-auto-right.jpg,cb8634859984461750bde3b3a295d353cf52089e4d4db1b8203d609a35650f88,2026-07-29,Human approved current image in final exception review,FINAL-EXCEPTION-CURRENT-2026-07-29
HMN00878,APPROVE_CLUSTER_CURRENT,right,file:HMN00878-auto-right.jpg,public/card-thumbnails/HMN00878-auto-right.jpg,77124f4c65198675a3ef778e35e084e0ee71a9f68d8732ba153495cb51e11cf8,2026-07-29,Human approved strict current cluster PC-015,PC-015
HMN00880,APPROVE_CLUSTER_CURRENT,right,file:HMN00880-auto-right.jpg,public/card-thumbnails/HMN00880-auto-right.jpg,09a543c1d416890b2a554fc419ccf0e28fdfdbff44ed51a3d78f6591566978bd,2026-07-29,PC-021 exact-signature current image approved; outliers only reviewed,PC-021
HMN00885,APPROVE_CLUSTER_CURRENT,sample,url:https://pics.dmm.co.jp/digital/video/hmn00885/hmn00885jp-4.jpg,tmp/card-thumbnail-v3-dry-run/cache/8cf556c69e44f4959551853bc08b9b27852842b1.jpg,f1afae0b09da3a3f1741a9186a0e746237e95d75bed55fadadaebd2f82b243eb,2026-07-29,Human approved strict current cluster PC-030,PC-030
HMN00888,APPROVE_CLUSTER_CURRENT,right,file:HMN00888-auto-right.jpg,public/card-thumbnails/HMN00888-auto-right.jpg,9b310f7b836972d152ed6e787bdf8df972326fb41c5cf222ffa5f07b1e671050,2026-07-29,PC-021 exact-signature current image approved; outliers only reviewed,PC-021
HMN00890,APPROVE_CLUSTER_CURRENT,right,file:HMN00890-auto-right.jpg,public/card-thumbnails/HMN00890-auto-right.jpg,a6f4186184826f6291805b0ebe3bf6d2304332f745363cf93b07a1cedd5cb42a,2026-07-29,PC-021 exact-signature current image approved; outliers only reviewed,PC-021
HMN00892,APPROVE_CLUSTER_CURRENT,right,file:HMN00892-auto-right.jpg,public/card-thumbnails/HMN00892-auto-right.jpg,c5b9b84df4f07c982d4437ead29c43f39efa0ef774c5be1d63faefae5b5bf447,2026-07-29,PC-021 exact-signature current image approved; outliers only reviewed,PC-021
HOKS00230,APPROVE_CLUSTER_CURRENT,right,file:HOKS00230-auto-right.jpg,public/card-thumbnails/HOKS00230-auto-right.jpg,4737d6b032fc14ec5a19e49dc517df9ec5c93b66bf2fee2c585ab7eb8f1d720e,2026-07-29,Human approved strict current cluster PC-015,PC-015
HOKS00231,APPROVE_CLUSTER_CURRENT,right,file:HOKS00231-auto-right.jpg,public/card-thumbnails/HOKS00231-auto-right.jpg,f976c797189972f918be3b15d00d22c561fc46558b51bbb045665cf274f4c953,2026-07-29,Human approved strict current cluster PC-014,PC-014
HSODA00124,APPROVE_CLUSTER_CURRENT,right,file:HSODA00124-auto-right.jpg,public/card-thumbnails/HSODA00124-auto-right.jpg,0b2a70237711d8b32cd95290fc83717c24e4e18b00548f9db77c05c497d4baea,2026-07-29,Human approved strict current cluster PC-015,PC-015
HSODA00125,APPROVE_CLUSTER_CURRENT,right,file:HSODA00125-auto-right.jpg,public/card-thumbnails/HSODA00125-auto-right.jpg,fc8ee09e249a08c775777be58f406663f4eb96a00df63f951d17c85926e25922,2026-07-29,Human approved strict current cluster PC-015,PC-015
IPOK00023,APPROVE_CLUSTER_CURRENT,right,file:IPOK00023-auto-right.jpg,public/card-thumbnails/IPOK00023-auto-right.jpg,d7003f11f364e07a95cd6c11e9f8b7e318fc9f8b8040cc57e125c8fdafa89f16,2026-07-29,Human approved strict current cluster PC-015,PC-015
IPOK00024,APPROVE_CLUSTER_CURRENT,right,file:IPOK00024-auto-right.jpg,public/card-thumbnails/IPOK00024-auto-right.jpg,716ef119b4b77084045510ec41ee10f03c08108c73b17ec3ec38757128c1942e,2026-07-29,Human approved strict current cluster PC-015,PC-015
IPVR00374,CURRENT_OK,sample,url:https://pics.dmm.co.jp/digital/video/ipvr00374/ipvr00374jp-3.jpg,tmp/card-thumbnail-v3-dry-run/cache/a995da53b7a5d441f8fa863a04100bc0421004b0.jpg,069db69c9e4b0a645d5cef1df928270a6080aee75bdb94aff496d33040817713,2026-07-28,Human approved current sample image,
IPZZ00855,APPROVE_CLUSTER_CURRENT,right,file:IPZZ00855-auto-right.jpg,public/card-thumbnails/IPZZ00855-auto-right.jpg,379fd7d67c12351ad728972268faf1e552e71fc58a9337c21f9a66ba4e3f47fb,2026-07-29,Human approved strict current cluster PC-015,PC-015
IPZZ00859,APPROVE_CLUSTER_CURRENT,right,file:IPZZ00859-auto-right.jpg,public/card-thumbnails/IPZZ00859-auto-right.jpg,4dce05a4ada0f5219862e0abebca3cac0d4dc1ef948b3c7e4697da7f60034a45,2026-07-29,Human approved strict current cluster PC-015,PC-015
IPZZ00862,APPROVE_CLUSTER_CURRENT,right,file:IPZZ00862-auto-right.jpg,public/card-thumbnails/IPZZ00862-auto-right.jpg,810ca4c25d0468d04b53e3c6ecb2c5a88019986a951343ed3ac85e0d5779c6ff,2026-07-29,Human approved strict current cluster PC-015,PC-015
IPZZ00876,APPROVE_CLUSTER_CURRENT,right,file:IPZZ00876-auto-right.jpg,public/card-thumbnails/IPZZ00876-auto-right.jpg,ae6cf417728c79d4eb8de5f58f0b08f74ba98d20c7349b2138f38a9aaeb50719,2026-07-29,Human approved strict current cluster PC-015,PC-015
IPZZ00879,APPROVE_CLUSTER_CURRENT,right,file:IPZZ00879-auto-right.jpg,public/card-thumbnails/IPZZ00879-auto-right.jpg,15e657acf1263a3b24c1e95567f902e33a19041f79718984df454ff45efcd1ae,2026-07-29,Human approved strict current cluster PC-015,PC-015
IPZZ00886,APPROVE_CLUSTER_CURRENT,right,file:IPZZ00886-auto-right.jpg,public/card-thumbnails/IPZZ00886-auto-right.jpg,a6bbb06b07deef1162c319ba104d3e57716d526d86ed8fab50340e996a5804d5,2026-07-29,PC-021 exact-signature current image approved; outliers only reviewed,PC-021
IPZZ00889,CURRENT_OK,right,file:IPZZ00889-auto-right.jpg,public/card-thumbnails/IPZZ00889-auto-right.jpg,fd1128c4a5196dcb16632e110109ac8af96aec29c70ca0ca1a0098af89bfbc28,2026-07-28,Human approved current right image,
IPZZ00893,APPLY_CLUSTER_SAMPLE_RULE_WITH_QUALITY_GATE,sample,sample:3,tmp/card-thumbnail-v3-dry-run/cache/401d3e6b8055ed870c2058b7381efdacf55726e8.jpg,bf739f110b14b75d8f568a975d9e5df75a4e6af54255291ede6af33d19629593,2026-07-29,Saved sample:3 passed PC-023 quality gate,PC-023
IPZZ00895,APPROVE_CLUSTER_CURRENT,right,file:IPZZ00895-auto-right.jpg,public/card-thumbnails/IPZZ00895-auto-right.jpg,d56630b028bccf469124695efaa27ddc254e9dbec35e6ebb58c7396e121a7ca3,2026-07-29,Human approved strict current cluster PC-015,PC-015
IPZZ00898,APPROVE_CLUSTER_CURRENT,right,file:IPZZ00898-auto-right.jpg,public/card-thumbnails/IPZZ00898-auto-right.jpg,a6de9a03a08e0f5a48d6368db44fc2f8f3d2b401e984cfc232741ad4d1b26507,2026-07-29,Human approved strict current cluster PC-015,PC-015
IPZZ00900,APPROVE_CLUSTER_CURRENT,right,file:IPZZ00900-auto-right.jpg,public/card-thumbnails/IPZZ00900-auto-right.jpg,0b1e3cb79c43ee062585fca08afd32e02a7ee8b6e501267af308dbb938b123cd,2026-07-29,Human approved strict current cluster PC-015,PC-015
IPZZ00903,APPLY_CLUSTER_SAMPLE_RULE_WITH_QUALITY_GATE,sample,sample:6,tmp/card-thumbnail-v3-dry-run/cache/abd10f52203d87c3e9a07b37737b8cf577289acf.jpg,82467daeeeb06c733c04f8e36f6119e71ab6fb7e81a783900136b43a059f86c8,2026-07-29,Saved sample:6 passed PC-023 quality gate,PC-023
IPZZ00905,APPROVE_CLUSTER_CURRENT,right,file:IPZZ00905-auto-right.jpg,public/card-thumbnails/IPZZ00905-auto-right.jpg,ef7ca86e053630354e8a66c9522d7d1a62bc60d123d05c2d3672a18a2d7348e4,2026-07-29,Human approved strict current cluster PC-014,PC-014
IPZZ00906,APPROVE_CLUSTER_CURRENT,right,file:IPZZ00906-auto-right.jpg,public/card-thumbnails/IPZZ00906-auto-right.jpg,bd61ced986fc64dbcbd8733d4f984aa398c18e2dbf00f319ebca2f87613f5892,2026-07-29,PC-021 exact-signature current image approved; outliers only reviewed,PC-021
IPZZ00928,APPROVE_CLUSTER_CURRENT,right,file:IPZZ00928-auto-right.jpg,public/card-thumbnails/IPZZ00928-auto-right.jpg,46a4eb59e2ff242e8e99ff113b50944b8b3d34d04636ba05196ecf113d236ce9,2026-07-29,Human approved strict current cluster PC-015,PC-015
JFB00510,APPROVE_CLUSTER_CURRENT,right,file:JFB00510-auto-right.jpg,public/card-thumbnails/JFB00510-auto-right.jpg,c8e770778918ef7f2bfa20bc3331f19515efd313a526f652afdd93b14251661b,2026-07-29,Human approved strict current cluster PC-012,PC-012
JJEX00010,APPROVE_CLUSTER_CURRENT,right,file:JJEX00010-auto-right.jpg,public/card-thumbnails/JJEX00010-auto-right.jpg,b61022523f00e27198ec5e42216c39ea22fc369d2a0148e3e2c47e3eb34152dd,2026-07-29,Human approved strict current cluster PC-015,PC-015
JUMS00178,APPROVE_CLUSTER_CURRENT,right,file:JUMS00178-auto-right.jpg,public/card-thumbnails/JUMS00178-auto-right.jpg,ac7fa7d7f5242d655dd1d5dec5a34fe45314a628bca4fb319c8abe6e248adda2,2026-07-29,PC-021 exact-signature current image approved; outliers only reviewed,PC-021
JUR00096,APPROVE_CLUSTER_CURRENT,right,file:JUR00096-auto-right.jpg,public/card-thumbnails/JUR00096-auto-right.jpg,846764b0af4d934f5e25c568747192ae094c5f3975a5c15aa7dc40490bac002e,2026-07-29,PC-021 exact-signature current image approved; outliers only reviewed,PC-021
JUR00714,APPROVE_CLUSTER_CURRENT,right,file:JUR00714-auto-right.jpg,public/card-thumbnails/JUR00714-auto-right.jpg,61d535394337d139177372851f347d1f1888365f7f425ea053e3206289484ede,2026-07-29,PC-021 exact-signature current image approved; outliers only reviewed,PC-021
JUR00740,APPROVE_CLUSTER_CURRENT,right,file:JUR00740-auto-right.jpg,public/card-thumbnails/JUR00740-auto-right.jpg,7b4280a68a8e879a37bfaff0770938c541774dbe645d8775c071e7034f093080,2026-07-29,PC-021 exact-signature current image approved; outliers only reviewed,PC-021
JUR00746,APPROVE_CLUSTER_CURRENT,right,file:JUR00746-auto-right.jpg,public/card-thumbnails/JUR00746-auto-right.jpg,8dbe542af98c5fd35ae49c1a21f9a0e1386c3f85d35eb7d6b07e7208b698acb9,2026-07-29,Human approved strict current cluster PC-024,PC-024
JUR00765,APPROVE_CLUSTER_CURRENT,right,file:JUR00765-auto-right.jpg,public/card-thumbnails/JUR00765-auto-right.jpg,ff5f46d58fbdbae997e81fc254228cf3851fdc33063e6f5b9fcf2910bfe4fb3e,2026-07-29,PC-021 exact-signature current image approved; outliers only reviewed,PC-021
JUR00766,APPROVE_CLUSTER_CURRENT,right,file:JUR00766-auto-right.jpg,public/card-thumbnails/JUR00766-auto-right.jpg,190db7256753c58c8afccd1b3f1433e9e418633df554f5de056001e4fd157380,2026-07-29,PC-021 exact-signature current image approved; outliers only reviewed,PC-021
JUR00768,APPROVE_CLUSTER_CURRENT,right,file:JUR00768-auto-right.jpg,public/card-thumbnails/JUR00768-auto-right.jpg,4f38a060e9b15ad8f99dda3e0673fc8ec713d6bf734b545710b2b2ab72b6992f,2026-07-29,Human approved strict current cluster PC-025,PC-025
JUR00777,APPROVE_CLUSTER_CURRENT,right,file:JUR00777-auto-right.jpg,public/card-thumbnails/JUR00777-auto-right.jpg,2bc30b3b9ec8c1140af8a5b9f08c01def5d417742bb939eadb20acd6061917e2,2026-07-29,PC-021 exact-signature current image approved; outliers only reviewed,PC-021
JUR00781,APPROVE_CLUSTER_CURRENT,right,file:JUR00781-auto-right.jpg,public/card-thumbnails/JUR00781-auto-right.jpg,904cdc7a72ebf11b73ff44266aebe95ca19ab313c1364742a9c3537c41512028,2026-07-29,PC-021 exact-signature current image approved; outliers only reviewed,PC-021
JUR00782,APPROVE_CLUSTER_CURRENT,right,file:JUR00782-auto-right.jpg,public/card-thumbnails/JUR00782-auto-right.jpg,144e0d77b3b4bc2b327426ac622e447c7dd8d068269b62c7242e5fa524305ca2,2026-07-29,PC-021 exact-signature current image approved; outliers only reviewed,PC-021
JUR00785,APPROVE_CLUSTER_CURRENT,right,file:JUR00785-auto-right.jpg,public/card-thumbnails/JUR00785-auto-right.jpg,a165f9c15dff7f2616d1666e463f2b9b8298137f096a5cc7c059ae728f2a9f9c,2026-07-29,Human approved strict current cluster PC-020,PC-020
JUR00793,APPROVE_CLUSTER_CURRENT,right,file:JUR00793-auto-right.jpg,public/card-thumbnails/JUR00793-auto-right.jpg,33a7eb91211eb1e40fc9bb9995c08a7475e7a52f2124a335fef8f43e87a72326,2026-07-29,PC-021 exact-signature current image approved; outliers only reviewed,PC-021
JUR00800,APPROVE_CLUSTER_CURRENT,right,file:JUR00800-auto-right.jpg,public/card-thumbnails/JUR00800-auto-right.jpg,b4a4ba2c0901d92acda2c42e6d607802ddb692e64db692dd02237b3022d2f3b4,2026-07-29,PC-021 exact-signature current image approved; outliers only reviewed,PC-021
JUR00808,APPROVE_CLUSTER_CURRENT,right,file:JUR00808-auto-right.jpg,public/card-thumbnails/JUR00808-auto-right.jpg,5f3ce0037063d07320f53b106bbe450f77e92a02e4d56796f9fdfa7cc99321a3,2026-07-29,PC-021 exact-signature current image approved; outliers only reviewed,PC-021
JUR00813,APPROVE_CLUSTER_CURRENT,right,file:JUR00813-auto-right.jpg,public/card-thumbnails/JUR00813-auto-right.jpg,bf8bdf66ce223a9e559eac798806ef51bb87d8f18ac3c23cd3f076b24b9bd697,2026-07-29,PC-021 exact-signature current image approved; outliers only reviewed,PC-021
JUR00817,APPROVE_CLUSTER_CURRENT,right,file:JUR00817-auto-right.jpg,public/card-thumbnails/JUR00817-auto-right.jpg,46ee47d1bebbdbb79cadd9ce1eabcae9f0e78540b0735ded467bbce667263fb4,2026-07-29,PC-021 exact-signature current image approved; outliers only reviewed,PC-021
JUR00826,APPROVE_CLUSTER_CURRENT,right,file:JUR00826-auto-right.jpg,public/card-thumbnails/JUR00826-auto-right.jpg,e698d56681a5a3ec7b4b5738fe76e673f34013632c76def0e8b5e912def21c4f,2026-07-29,PC-021 exact-signature current image approved; outliers only reviewed,PC-021
KAM00279,APPROVE_CLUSTER_CURRENT,right,file:KAM00279-auto-right.jpg,public/card-thumbnails/KAM00279-auto-right.jpg,8285435de4547724071dc0fc712f2ef04f44c1b43b94e03e3e3147604daa227d,2026-07-29,Human approved strict current cluster PC-015,PC-015
KAVR00499,APPLY_CLUSTER_SAMPLE_RULE_WITH_QUALITY_GATE,sample,url:https://pics.dmm.co.jp/digital/video/kavr00499/kavr00499jp-1.jpg,tmp/card-thumbnail-v3-dry-run/cache/8b42d6617354714ebbc5339d4e7aaddea6072230.jpg,ae38fd1bdf4d14d2ad3ea6ebdd2ef9854ee10c23c9cf9cf980967e559f09d807,2026-07-29,Existing exact sample candidate retained under PC-029 quality gate,PC-029
KAVR00502,CURRENT_OK,full,file:KAVR00502-full-v3.jpg,public/card-thumbnails/KAVR00502-full-v3.jpg,c7368aca1e9c5ca1b8a4ff4f54f18add6f696cc477f705c9892ab803af91c774,2026-07-29,Human approved current image,
KAVR00509,APPROVE_CLUSTER_CURRENT,right,file:KAVR00509-auto-right.jpg,public/card-thumbnails/KAVR00509-auto-right.jpg,db27197b3924bd6e42ca3a9fb89f612cb570f7266c63a5dbdca3d19f9f2dca15,2026-07-29,Human approved strict current cluster PC-015,PC-015
KIWVR00888,APPLY_CLUSTER_SAMPLE_RULE_WITH_QUALITY_GATE,sample,url:https://pics.dmm.co.jp/digital/video/kiwvr00888/kiwvr00888jp-1.jpg,tmp/card-thumbnail-v3-dry-run/cache/01da20b7b4f67d0e9641f1755fd5946d50d6d524.jpg,9259e8ebf23c53d7751b3147d9efbe7983bc0b470ca0361990c4f0613db0b5cd,2026-07-29,Existing exact sample candidate retained under PC-029 quality gate,PC-029
KIWVR00895,CURRENT_OK,sample,url:https://pics.dmm.co.jp/digital/video/kiwvr00895/kiwvr00895jp-1.jpg,tmp/card-thumbnail-v3-dry-run/cache/9632372fd7bedce4fcbd04116fe2576eaf645d2e.jpg,135c4c23f0bbbb383ccfb084208e7e592a165268dff5ffaf925ca7694f42f508,2026-07-28,Human approved current sample image,
KIWVR00901,CURRENT_OK,sample,url:https://pics.dmm.co.jp/digital/video/kiwvr00901/kiwvr00901jp-1.jpg,tmp/card-thumbnail-v3-dry-run/cache/999a10c009fc1452c4223bff24143c1e8caa591d.jpg,f65f7b20c843df8cc6acd5e7792cebcb6890960da75961aff2082bd47fdaa874,2026-07-29,Human approved current image,
KIWVR00907,APPLY_CLUSTER_SAMPLE_RULE_WITH_QUALITY_GATE,sample,url:https://pics.dmm.co.jp/digital/video/kiwvr00907/kiwvr00907jp-1.jpg,tmp/card-thumbnail-v3-dry-run/cache/4e1ebbc9cd5c67fd097c65354bf401a3f7636828.jpg,6617d270aaca3b1072f2537894ef854d972dde127094c7d717ddff6981cdacf8,2026-07-29,Existing exact sample candidate retained under PC-029 quality gate,PC-029
KRBV00477,APPROVE_CLUSTER_CURRENT,right,file:KRBV00477-auto-right.jpg,public/card-thumbnails/KRBV00477-auto-right.jpg,bd7bafdad0d22a5a5affc7463b4ee9e1d31ec302695e6c349b6e177f1e6aa699,2026-07-29,PC-021 exact-signature current image approved; outliers only reviewed,PC-021
KSBJ00437,APPROVE_CLUSTER_CURRENT,right,file:KSBJ00437-auto-right.jpg,public/card-thumbnails/KSBJ00437-auto-right.jpg,9a1f79cf376ad41b3256ccdbf78798f961464d117bf5b6840b649f8a2878367c,2026-07-29,Human approved strict current cluster PC-015,PC-015
KSBJ00438,APPROVE_CLUSTER_CURRENT,right,file:KSBJ00438-auto-right.jpg,public/card-thumbnails/KSBJ00438-auto-right.jpg,481109b65bb79874170737c91cc66c8e4b73a79f769b6eb8bfee1b4683d4ac75,2026-07-29,Human approved strict current cluster PC-015,PC-015
KTRA00790,APPROVE_CLUSTER_CURRENT,right,file:KTRA00790-auto-right.jpg,public/card-thumbnails/KTRA00790-auto-right.jpg,5d0d0337c8f615fab0b5c75c2c350ae62ad4c2322f30ad7345c29d14da2f8cbe,2026-07-29,Human approved strict current cluster PC-015,PC-015
KTRA00791,APPROVE_CLUSTER_CURRENT,right,file:KTRA00791-auto-right.jpg,public/card-thumbnails/KTRA00791-auto-right.jpg,f869d19048e26388a7041b00d58b227a355a242206bbe8afb11c14de9a6b2b55,2026-07-29,Human approved strict current cluster PC-015,PC-015
LUCY00029,APPLY_CLUSTER_SAMPLE_RULE_WITH_QUALITY_GATE,sample,url:https://pics.dmm.co.jp/digital/video/lucy00029/lucy00029jp-1.jpg,tmp/card-thumbnail-v2-dry-run/cache/f93503cc93e783889ec130296de505cc9e4f270b.jpg,428ed0e1dc8c0714c371672f5287b4c1cfcc67561d52740f9ec10e5b6867c203,2026-07-29,Existing exact sample candidate retained under PC-029 quality gate,PC-029
MADV00636,APPROVE_CLUSTER_CURRENT,right,file:MADV00636-auto-right.jpg,public/card-thumbnails/MADV00636-auto-right.jpg,82ba8ccc9d7d3291a351c526e0302cfa31acc1033cd983468ceefea3e0b7d498,2026-07-29,Human approved strict current cluster PC-015,PC-015
MADV00637,APPROVE_CLUSTER_CURRENT,right,file:MADV00637-auto-right.jpg,public/card-thumbnails/MADV00637-auto-right.jpg,d45327fa20d6958622d2bc565ab3b263adfe63b6a313214d5d0f77deb00b9038,2026-07-29,Human approved strict current cluster PC-015,PC-015
MANX00033,APPLY_CLUSTER_SAMPLE_RULE_WITH_QUALITY_GATE,sample,sample:1,tmp/card-thumbnail-v3-dry-run/cache/7386fc0db6b924d83079db824fceeb2243ec7320.jpg,6be758be32fa599b315890cf55884b2a76d0dadd73412251dd3563294499c94d,2026-07-29,Saved sample:1 passed PC-017 quality gate,PC-017
MDBK00422,APPROVE_CLUSTER_CURRENT,right,file:MDBK00422-auto-right.jpg,public/card-thumbnails/MDBK00422-auto-right.jpg,4ce951b53624c6a127f6651b5596c6bd66690418b5ad9d037c11a8f2022d51dc,2026-07-29,Human approved strict current cluster PC-015,PC-015
MDBK00426,APPROVE_CLUSTER_CURRENT,right,file:MDBK00426-auto-right.jpg,public/card-thumbnails/MDBK00426-auto-right.jpg,693692f877552de13c722ea728b664b6d86dbca0796219109aa7e2ef4b92aaa3,2026-07-29,Human approved strict current cluster PC-015,PC-015
MDTM00882,APPROVE_CLUSTER_CURRENT,right,file:MDTM00882-auto-right.jpg,public/card-thumbnails/MDTM00882-auto-right.jpg,4f8ccab127452fd9b93983b42f3e0e8356349942d65253310086c967501e388f,2026-07-29,Human approved strict current cluster PC-015,PC-015
MDVR00437,CURRENT_OK,right,file:MDVR00437-auto-right.jpg,public/card-thumbnails/MDVR00437-auto-right.jpg,82ffba0312f9c64eb11ecdd5591bf149b89bd1aa776ee25e9a6175f9f2b2990e,2026-07-29,Human approved current right image,current_right_visually_valid_v1
MFYD00159,APPROVE_CLUSTER_CURRENT,right,file:MFYD00159-auto-right.jpg,public/card-thumbnails/MFYD00159-auto-right.jpg,2aa3ec8427adb5c1928196144f09eee93686ad29add52915f8c5d1ebdacbfa16,2026-07-29,Human approved strict current cluster PC-015,PC-015
MFYD00161,APPROVE_CLUSTER_CURRENT,right,file:MFYD00161-auto-right.jpg,public/card-thumbnails/MFYD00161-auto-right.jpg,33ec57f815dafa7c9e3845ad8e8c5585fe36546130b7d7dc29d1e2330a5895c4,2026-07-29,Human approved strict current cluster PC-015,PC-015
MFYD00163,APPROVE_CLUSTER_CURRENT,right,file:MFYD00163-auto-right.jpg,public/card-thumbnails/MFYD00163-auto-right.jpg,f3d26cfd739fb8a1287a6fc880c631231fde5268f87c315cbe9474fd01f31931,2026-07-29,Human approved strict current cluster PC-015,PC-015
MFYD00164,CURRENT_OK,sample,url:https://pics.dmm.co.jp/digital/video/mfyd00164/mfyd00164jp-7.jpg,tmp/card-thumbnail-v3-dry-run/cache/4dc710673e8691b4e1f24ee8260b6f9654d80aa0.jpg,1774db6f7da458369c1112f4950d26821c7a0ab6c5c059f8db33286f8fbe966a,2026-07-28,Human approved current sample image,
MFYD00167,APPROVE_CLUSTER_CURRENT,right,file:MFYD00167-auto-right.jpg,public/card-thumbnails/MFYD00167-auto-right.jpg,c07bdcaaac0a0b1eddb995d25e6a0c223a566f267b5cd5226aff5b1b5b576bf0,2026-07-29,PC-021 exact-signature current image approved; outliers only reviewed,PC-021
MFYD00168,CURRENT_OK,right,file:MFYD00168-auto-right.jpg,public/card-thumbnails/MFYD00168-auto-right.jpg,24af9d739b20ccebcf65663da6066d730ce94f01f7a955bce471d66cdee1acd2,2026-07-28,Human approved current right image,
MFYD00169,APPLY_CLUSTER_SAMPLE_RULE_WITH_QUALITY_GATE,sample,url:https://pics.dmm.co.jp/digital/video/mfyd00169/mfyd00169jp-4.jpg,tmp/card-thumbnail-v3-dry-run/cache/41cedc36c3075bbbf371daa78825adef44d99884.jpg,f293dd875050aeedb487644db1ded0d0f4013319028e2d8c66bc5cea825ae9a5,2026-07-29,Existing exact sample candidate retained under PC-031 quality gate,PC-031
MGHT00390,APPROVE_CLUSTER_CURRENT,right,file:MGHT00390-auto-right.jpg,public/card-thumbnails/MGHT00390-auto-right.jpg,0ce723c3671e2ad3a01b8202f95a019e1db75dd2bc2430393719d50a752fad7e,2026-07-29,Human approved strict current cluster PC-015,PC-015
MGMJ00085,APPROVE_CLUSTER_CURRENT,right,file:MGMJ00085-auto-right.jpg,public/card-thumbnails/MGMJ00085-auto-right.jpg,371d8fffed873770a11bca5a2401f590f7c618bc396d726fc09d0e82890b590f,2026-07-29,Human approved strict current cluster PC-015,PC-015
MGMQ00170,APPROVE_CLUSTER_CURRENT,right,file:MGMQ00170-auto-right.jpg,public/card-thumbnails/MGMQ00170-auto-right.jpg,906c227e96a30f7163df33daf0c4ff7163375bdab71f7518653b1c9e7f9270f9,2026-07-29,Human approved strict current cluster PC-012,PC-012
MIBB00082,APPROVE_CLUSTER_CURRENT,right,file:MIBB00082-auto-right.jpg,public/card-thumbnails/MIBB00082-auto-right.jpg,f6a8351520a54487c33ca10bdca24f13bc8822f820569a7487cb7a50b023e070,2026-07-29,Human approved strict current cluster PC-015,PC-015
MIBB00083,APPROVE_CLUSTER_CURRENT,right,file:MIBB00083-auto-right.jpg,public/card-thumbnails/MIBB00083-auto-right.jpg,d753f6cf8c3577dd877f5bfbdd48f09f14e57de472b2256c91000726a46197b5,2026-07-29,Human approved strict current cluster PC-015,PC-015
MIDA00677,APPROVE_CLUSTER_CURRENT,right,file:MIDA00677-auto-right.jpg,public/card-thumbnails/MIDA00677-auto-right.jpg,ea5924208dce38ee3b8e0e797a430d5bca1ca43550768182e6b74f4005899dbc,2026-07-29,Human approved strict current cluster PC-015,PC-015
MIDA00702,APPROVE_CLUSTER_CURRENT,right,file:MIDA00702-auto-right.jpg,public/card-thumbnails/MIDA00702-auto-right.jpg,07a08b9deba33a5f71049c96b6cc2bba5754c70eac5352668aff33de9f655292,2026-07-29,Human approved strict current cluster PC-015,PC-015
MIDA00705,APPROVE_CLUSTER_CURRENT,right,file:MIDA00705-auto-right.jpg,public/card-thumbnails/MIDA00705-auto-right.jpg,c35476890340395e0d6e5e48e5bb91680ea0093a502a8fdb298964e40c3285a6,2026-07-29,Human approved strict current cluster PC-015,PC-015
MIDA00706,APPROVE_CLUSTER_CURRENT,right,file:MIDA00706-auto-right.jpg,public/card-thumbnails/MIDA00706-auto-right.jpg,11659aed0990505d0059f29631568acde673d133ffb170ab73c5565ca2dd2002,2026-07-29,PC-021 exact-signature current image approved; outliers only reviewed,PC-021
MIDA00707,APPROVE_CLUSTER_CURRENT,right,file:MIDA00707-auto-right.jpg,public/card-thumbnails/MIDA00707-auto-right.jpg,bdd925dc38fa3237662746b93b258ec656c10a2972532bdef9597f55832cb728,2026-07-29,Human approved strict current cluster PC-015,PC-015
MIDA00708,APPROVE_CLUSTER_CURRENT,right,file:MIDA00708-auto-right.jpg,public/card-thumbnails/MIDA00708-auto-right.jpg,22e7bf44189e3548ff1cad0263871c192ca725b6e9db331cab6c6fc1ef36dbd7,2026-07-29,PC-021 exact-signature current image approved; outliers only reviewed,PC-021
MIDA00709,APPROVE_CLUSTER_CURRENT,right,file:MIDA00709-auto-right.jpg,public/card-thumbnails/MIDA00709-auto-right.jpg,4f4aed5cfdb41e827ff399cb35f028d8ac3f4c255ec73cebe28b17c2de04191b,2026-07-29,Human approved strict current cluster PC-015,PC-015
MIDA00711,CURRENT_OK,right,file:MIDA00711-auto-right.jpg,public/card-thumbnails/MIDA00711-auto-right.jpg,1fe3e242e89c3089d0c2264bc5898eba0b43a532a3daa04bc710c5bd3a08d081,2026-07-28,Human approved current right image,
MIDA00717,APPROVE_CLUSTER_CURRENT,right,file:MIDA00717-auto-right.jpg,public/card-thumbnails/MIDA00717-auto-right.jpg,c66b7a35b45a76bb9344003d847962762e8bf236b072eb4fb431cac746214a6b,2026-07-29,Human approved strict current cluster PC-020,PC-020
MIDA00756,APPROVE_CLUSTER_CURRENT,right,file:MIDA00756-auto-right.jpg,public/card-thumbnails/MIDA00756-auto-right.jpg,488862f45017eeedacc9b32f5f8867e4b51455eed7e12b14065cab352521f4f6,2026-07-29,Human approved strict current cluster PC-025,PC-025
MIHD00006,APPROVE_CLUSTER_CURRENT,right,file:MIHD00006-auto-right.jpg,public/card-thumbnails/MIHD00006-auto-right.jpg,bfe16cc0aef4f98c68916f55b32a6b84a94e2d2d025511a94fb14ca985d78cd7,2026-07-29,Human approved strict current cluster PC-015,PC-015
MIHD00008,APPROVE_CLUSTER_CURRENT,right,file:MIHD00008-auto-right.jpg,public/card-thumbnails/MIHD00008-auto-right.jpg,fb4f8c36f852ab1344b2dd7531ccb89b7bbb9034b88d2496aae38841c1fdd48a,2026-07-29,Human approved strict current cluster PC-015,PC-015
MIKR00109,APPROVE_CLUSTER_CURRENT,right,file:MIKR00109-auto-right.jpg,public/card-thumbnails/MIKR00109-auto-right.jpg,ac863bdbcee4b0f9260db97db37c2939db47e5803858fd8ceae73ef84adce3cb,2026-07-29,PC-021 exact-signature current image approved; outliers only reviewed,PC-021
MIQD00014,APPROVE_CLUSTER_CURRENT,right,file:MIQD00014-auto-right.jpg,public/card-thumbnails/MIQD00014-auto-right.jpg,f1631eb207db28386b70ded0a0755dd9983e0b9fa4010e5e29119b808cd63d82,2026-07-29,PC-021 exact-signature current image approved; outliers only reviewed,PC-021
MIRD00284,APPLY_CLUSTER_SAMPLE_RULE_WITH_QUALITY_GATE,sample,url:https://pics.dmm.co.jp/digital/video/mird00284/mird00284jp-1.jpg,tmp/card-thumbnail-v3-dry-run/cache/784051d4eb2f754b5d56c0df9f90799a9c9957ff.jpg,c17c9e55b52cd6fed5d97c69c9566b20cbb67c2985a7a838a4cd95b6683ec47a,2026-07-29,Existing exact sample candidate retained under PC-031 quality gate,PC-031
MISM00450,CURRENT_OK,right,file:MISM00450-auto-right.jpg,public/card-thumbnails/MISM00450-auto-right.jpg,18976a6628248a4b74248f9ba2fa04357041c7b4aef7b25429713f4046221cfd,2026-07-28,Human approved current right image,
MIZD00531,APPROVE_CLUSTER_CURRENT,right,file:MIZD00531-auto-right.jpg,public/card-thumbnails/MIZD00531-auto-right.jpg,85e959db01902e1bea1e17d0be0cd75601f27befe1b55b6c5d596953b49017b0,2026-07-29,Human approved strict current cluster PC-015,PC-015
MKCK00425,APPROVE_CLUSTER_CURRENT,right,file:MKCK00425-auto-right.jpg,public/card-thumbnails/MKCK00425-auto-right.jpg,308a4b7273114fa7bffa48178079eceac72e070a544152a2fb58dddc4651ec21,2026-07-29,PC-021 exact-signature current image approved; outliers only reviewed,PC-021
MKMP00739,APPROVE_CLUSTER_CURRENT,right,file:MKMP00739-auto-right.jpg,public/card-thumbnails/MKMP00739-auto-right.jpg,c4f3f6091a7442fdfdb9ebe82ff6202891c4baa148ba812c4bb262c70b48ec66,2026-07-29,Human approved strict current cluster PC-015,PC-015
MKMP00741,APPLY_CLUSTER_SAMPLE_RULE_WITH_QUALITY_GATE,sample,sample:14,tmp/card-thumbnail-v3-dry-run/cache/1187d41b1a979cd51b6fde0955d8b488fec6289c.jpg,eff25cf92d587a5b549ccd9eb4c8494278ee11d7f59286aa6de6768b0732c726,2026-07-29,Saved sample:14 passed PC-017 quality gate,PC-017
MKMP00742,CURRENT_OK,right,file:MKMP00742-auto-right.jpg,public/card-thumbnails/MKMP00742-auto-right.jpg,969fa5417ccb26128d231a7854bdf63b19766947bb27772bc41d76a83d60e35d,2026-07-29,Human approved current image in final exception review,FINAL-EXCEPTION-CURRENT-2026-07-29
MKON00143,APPROVE_CLUSTER_CURRENT,right,file:MKON00143-auto-right.jpg,public/card-thumbnails/MKON00143-auto-right.jpg,8822dde96b35a2898b6a7ed034d460da8b0cccbc975227576548d62dfc2d75cb,2026-07-29,Human approved strict current cluster PC-015,PC-015
MKON00144,APPROVE_CLUSTER_CURRENT,right,file:MKON00144-auto-right.jpg,public/card-thumbnails/MKON00144-auto-right.jpg,20bf0bd2b61cd2bf9c0e00ccd7e314325116776114cb3329b4ade3b6bb4e2183,2026-07-29,Human approved strict current cluster PC-015,PC-015
MKON00145,APPROVE_CLUSTER_CURRENT,right,file:MKON00145-auto-right.jpg,public/card-thumbnails/MKON00145-auto-right.jpg,49b894b16f1b8de03ceeb2c61c43db88d0bdb33f3a9191d288e8ca754b34789c,2026-07-29,Human approved strict current cluster PC-015,PC-015
MLMM00093,APPROVE_CLUSTER_CURRENT,right,file:MLMM00093-auto-right.jpg,public/card-thumbnails/MLMM00093-auto-right.jpg,c666e58e5f9f3e8602f93c84b211f9c29a9ae3330f87a9cd345ffd4e46a1d53f,2026-07-29,PC-021 exact-signature current image approved; outliers only reviewed,PC-021
MMPV00004,APPROVE_CLUSTER_CURRENT,right,file:MMPV00004-auto-right.jpg,public/card-thumbnails/MMPV00004-auto-right.jpg,a87290cd0bb85685d795c70890ec9f9eb1f64d3db7b50cbe7f612301e84a458f,2026-07-29,Human approved strict current cluster PC-015,PC-015
MNGS00084,APPROVE_CLUSTER_CURRENT,right,file:MNGS00084-auto-right.jpg,public/card-thumbnails/MNGS00084-auto-right.jpg,0ca8de585a41a64f0ba3d1bc318091432448d0ae648948bbc8e5b7c09b591a6f,2026-07-29,Human approved strict current cluster PC-015,PC-015
MREC00006,APPLY_CLUSTER_SAMPLE_RULE_WITH_QUALITY_GATE,sample,url:https://pics.dmm.co.jp/digital/video/mrec00006/mrec00006jp-1.jpg,tmp/card-thumbnail-v3-dry-run/cache/df16b96a7b42ca2307e4e904b42acf2936f4269b.jpg,86d0ebff72cbc4bdad84857e6c3fe581b48f531582631acbbceaa87a6f9a2ab6,2026-07-29,Existing exact sample candidate retained under PC-029 quality gate,PC-029
MREC00007,APPLY_CLUSTER_SAMPLE_RULE_WITH_QUALITY_GATE,sample,url:https://pics.dmm.co.jp/digital/video/mrec00007/mrec00007jp-1.jpg,tmp/card-thumbnail-v3-dry-run/cache/12fc60d9925bac63d70c3f1428a261e3085852ac.jpg,78f790b7d17a11ad079fb7f50bf5263ee24a0ec1a14865b619ff53a358a5bba2,2026-07-29,Existing exact sample candidate retained under PC-029 quality gate,PC-029
MRSS00189,APPROVE_CLUSTER_CURRENT,right,file:MRSS00189-auto-right.jpg,public/card-thumbnails/MRSS00189-auto-right.jpg,c40a8c3628bab1781c5c2646c60da123be942812ffcafc81ac75a68d6ff04c10,2026-07-29,Human approved strict current cluster PC-015,PC-015
MUCD00358,APPROVE_CLUSTER_CURRENT,right,file:MUCD00358-auto-right.jpg,public/card-thumbnails/MUCD00358-auto-right.jpg,f28da5abbee1497412e25a33a9851414c894f050b782495ae42ae49b32d69f1c,2026-07-29,Human approved strict current cluster PC-015,PC-015
MUCD00359,APPROVE_CLUSTER_CURRENT,right,file:MUCD00359-auto-right.jpg,public/card-thumbnails/MUCD00359-auto-right.jpg,f75a42a8f5726dbf1d13b2dda6bb704ccb849dfcac68f655465c0d1ade8dbbaf,2026-07-29,PC-021 exact-signature current image approved; outliers only reviewed,PC-021
MUCH00204,APPROVE_CLUSTER_CURRENT,right,file:MUCH00204-auto-right.jpg,public/card-thumbnails/MUCH00204-auto-right.jpg,781defd7dfc9cad10a4af981221534c43e0479c220ee9653afd81acf2d58e61e,2026-07-29,Human approved strict current cluster PC-015,PC-015
MUDR00383,APPROVE_CLUSTER_CURRENT,right,file:MUDR00383-auto-right.jpg,public/card-thumbnails/MUDR00383-auto-right.jpg,e563deeab5d7f1a0556d434c0d562cdf5ff1b850eb5e9f93205b36d327a0508a,2026-07-29,Human approved strict current cluster PC-015,PC-015
MUDR00384,CURRENT_OK,right,file:MUDR00384-auto-right.jpg,public/card-thumbnails/MUDR00384-auto-right.jpg,d338089cba4fe41b4f6f30d9f220d211fa8b5fee13864e228e51c189a7be1887,2026-07-28,Human approved current right image,
MUDR00388,APPROVE_CLUSTER_CURRENT,right,file:MUDR00388-auto-right.jpg,public/card-thumbnails/MUDR00388-auto-right.jpg,31781ef9e178ccae29257b35a4a3aa5a4b3838a0e338810cce35950d534de2c0,2026-07-29,PC-021 exact-signature current image approved; outliers only reviewed,PC-021
MUDR00393,CURRENT_OK,right,file:MUDR00393-auto-right.jpg,public/card-thumbnails/MUDR00393-auto-right.jpg,8aae8f0b73df85becf1612602d29a04f6971f39ffe14500d60275852c4832fd3,2026-07-29,Human approved current image in final exception review,FINAL-EXCEPTION-CURRENT-2026-07-29
MUDR00396,APPROVE_CLUSTER_CURRENT,right,file:MUDR00396-auto-right.jpg,public/card-thumbnails/MUDR00396-auto-right.jpg,26699c59ea3552593d76c640b350ef1fc4fb437549810fe5b729a08333be6753,2026-07-29,Human approved strict current cluster PC-015,PC-015
MUFR00009,APPROVE_CLUSTER_CURRENT,right,file:MUFR00009-auto-right.jpg,public/card-thumbnails/MUFR00009-auto-right.jpg,6a7478e4cc19d37b0071dca4b76ff72d59b345b2ebea14d5156a4fae07280139,2026-07-29,Human approved strict current cluster PC-015,PC-015
MUGE00009,APPROVE_CLUSTER_CURRENT,right,file:MUGE00009-auto-right.jpg,public/card-thumbnails/MUGE00009-auto-right.jpg,2e19976f3d7c6de127691c135b4fc65da296517b271efaea9bf410fdcc12aef8,2026-07-29,Human approved strict current cluster PC-015,PC-015
MUKD00580,APPROVE_CLUSTER_CURRENT,right,file:MUKD00580-auto-right.jpg,public/card-thumbnails/MUKD00580-auto-right.jpg,eb6a451b743416a91643fbb6c8d77713e364de70c7b1a7413a0155d0920a69ca,2026-07-29,Human approved strict current cluster PC-015,PC-015
MVBD00196,APPROVE_CLUSTER_CURRENT,right,file:MVBD00196-auto-right.jpg,public/card-thumbnails/MVBD00196-auto-right.jpg,34dd6f356535f02a49a69650490f51fe4f34359a1e0d15a53e9ba8d565eb5baa,2026-07-29,Human approved strict current cluster PC-015,PC-015
MVG00168,APPROVE_CLUSTER_CURRENT,right,file:MVG00168-auto-right.jpg,public/card-thumbnails/MVG00168-auto-right.jpg,710c5f01f5d4b24be9da19b8149b8e301fa86e6809c3d780680f828de47ba9a3,2026-07-29,Human approved strict current cluster PC-015,PC-015
MVG00169,APPROVE_CLUSTER_CURRENT,right,file:MVG00169-auto-right.jpg,public/card-thumbnails/MVG00169-auto-right.jpg,f02642c24394b9079fc2743d0af1817f221467b0432c559b40c08b034f8c1182,2026-07-29,Human approved strict current cluster PC-016,PC-016
MVSD00694,APPROVE_CLUSTER_CURRENT,right,file:MVSD00694-auto-right.jpg,public/card-thumbnails/MVSD00694-auto-right.jpg,d2285cb0b63c687a21c46a95388a81b9350330d86ef51cacf1c12c944fa00d4e,2026-07-29,Human approved strict current cluster PC-015,PC-015
MVSD00696,APPROVE_CLUSTER_CURRENT,right,file:MVSD00696-auto-right.jpg,public/card-thumbnails/MVSD00696-auto-right.jpg,37e047ae76a8f1cf604b00141b8f1556e607db08b872c97919888bdaca76a461,2026-07-29,Human approved strict current cluster PC-015,PC-015
MVSD00702,APPLY_CLUSTER_SAMPLE_RULE_WITH_QUALITY_GATE,sample,url:https://pics.dmm.co.jp/digital/video/mvsd00702/mvsd00702jp-1.jpg,tmp/card-thumbnail-v3-dry-run/cache/eaa91512b58a28b0f1f7f1e3c8de7cffbc7a95e6.jpg,09f6d8c6a942a82c2fc678e3e80f1d7899cd9c51e596be99f10dca077911d313,2026-07-29,Existing exact sample candidate retained under PC-029 quality gate,PC-029
MYBA00096,APPROVE_CLUSTER_CURRENT,right,file:MYBA00096-auto-right.jpg,public/card-thumbnails/MYBA00096-auto-right.jpg,6792916ca3d9d548e031ba8c7310e71d1cc7070dfb912bf2ffdea9633461ccf5,2026-07-29,Human approved strict current cluster PC-015,PC-015
NATR00771,APPLY_CLUSTER_SAMPLE_RULE_WITH_QUALITY_GATE,sample,url:https://pics.dmm.co.jp/digital/video/natr00771/natr00771jp-1.jpg,tmp/card-thumbnail-v2-dry-run/cache/768fd0f8d1277813a0ad81346020972c12af0525.jpg,8b563cc4e95a02888d997336810d9d5f1d9fc2f0172b30e2a51f141fce1a5294,2026-07-29,Existing exact sample candidate retained under PC-029 quality gate,PC-029
NGOD00346,APPROVE_CLUSTER_CURRENT,right,file:NGOD00346-auto-right.jpg,public/card-thumbnails/NGOD00346-auto-right.jpg,85e6456c1d2609d66f3c18770baef82c9baaf013feba6a8a6a7067d40ed1abd6,2026-07-29,Human approved strict current cluster PC-015,PC-015
NGOD00347,APPROVE_CLUSTER_CURRENT,right,file:NGOD00347-auto-right.jpg,public/card-thumbnails/NGOD00347-auto-right.jpg,68e99e0aee10aa0be7970a2958f4a2c59094b52b76e16cf83a833a30fd3f9644,2026-07-29,Human approved strict current cluster PC-015,PC-015
NGOD00348,APPROVE_CLUSTER_CURRENT,right,file:NGOD00348-auto-right.jpg,public/card-thumbnails/NGOD00348-auto-right.jpg,4c6726eca04ee7ccc3fecc9ae43dc491491fd1754abf63bdd19feb8ae76e1610,2026-07-29,Human approved strict current cluster PC-015,PC-015
NGOD00349,APPROVE_CLUSTER_CURRENT,right,file:NGOD00349-auto-right.jpg,public/card-thumbnails/NGOD00349-auto-right.jpg,f1acd9d0cd487fd4e59549d1d046208b5582f6a8e5eec4f0cf884b2970b6c163,2026-07-29,Human approved strict current cluster PC-015,PC-015
NIMA00081,APPROVE_CLUSTER_CURRENT,right,file:NIMA00081-auto-right.jpg,public/card-thumbnails/NIMA00081-auto-right.jpg,2eb5bced5e2449360cba304f75622eb27027c3684196c673dcd1e60bf6a44e4a,2026-07-29,Human approved strict current cluster PC-015,PC-015
NKD00342,APPROVE_CLUSTER_CURRENT,right,file:NKD00342-auto-right.jpg,public/card-thumbnails/NKD00342-auto-right.jpg,d5205faa6d665d4e654ce736a11554ee3fa9f9d62322db134d219ac10d4370e7,2026-07-29,Human approved strict current cluster PC-012,PC-012
NKKD00364,APPROVE_CLUSTER_CURRENT,right,file:NKKD00364-auto-right.jpg,public/card-thumbnails/NKKD00364-auto-right.jpg,eca072e776ea63150a7722175c79dd47d94435c7bf788c949debab434ed9d3dc,2026-07-29,Human approved strict current cluster PC-015,PC-015
NKKVR00193,APPLY_CLUSTER_SAMPLE_RULE_WITH_QUALITY_GATE,sample,url:https://pics.dmm.co.jp/digital/video/nkkvr00193/nkkvr00193jp-1.jpg,tmp/card-thumbnail-v3-dry-run/cache/48b6a8d33def3ddf2104f14cb5a8ee4bd59be440.jpg,a13e978399d3a7b1519b9c15e2a5ccf139f2a9e476fedc48b99f6291ba6c95be,2026-07-29,Existing exact sample candidate retained under PC-029 quality gate,PC-029
NKWMR00026,APPLY_CLUSTER_SAMPLE_RULE_WITH_QUALITY_GATE,sample,url:https://pics.dmm.co.jp/digital/video/nkwmr00026/nkwmr00026jp-1.jpg,tmp/card-thumbnail-v2-dry-run/cache/eaa93335a3b5e7bd86a461dddcea1a6235730b05.jpg,b0d7bb52f24e1f9d7934254270193aeb15eba7eed7ca06eb5ddf58e24941e3a7,2026-07-29,Existing exact sample candidate retained under PC-029 quality gate,PC-029
NOPA00004AI,APPROVE_CLUSTER_CURRENT,right,file:NOPA00004AI-auto-right.jpg,public/card-thumbnails/NOPA00004AI-auto-right.jpg,ae564f45c745d6be2e4028ab575c1bdccc974b930bbaa3abcd528c0dfac8290d,2026-07-29,Human approved strict current cluster PC-015,PC-015
NOPB00001AI,APPROVE_CLUSTER_CURRENT,right,file:NOPB00001AI-auto-right.jpg,public/card-thumbnails/NOPB00001AI-auto-right.jpg,decacd924a20050fc6d66cabb61655ccfabba6808b6f067c3aea4ff1f9be73f6,2026-07-29,Human approved strict current cluster PC-015,PC-015
NSFS00493,APPROVE_CLUSTER_CURRENT,right,file:NSFS00493-auto-right.jpg,public/card-thumbnails/NSFS00493-auto-right.jpg,5bd16c4bdad2800cff4b92eb066bdc721e165a82f973229c1d9d8ccdb80ae25e,2026-07-29,Human approved strict current cluster PC-015,PC-015
NVH00083,APPROVE_CLUSTER_CURRENT,right,file:NVH00083-auto-right.jpg,public/card-thumbnails/NVH00083-auto-right.jpg,b006701f97e6b9cb94c54c6488aa9b8e75992a96799a7869548545d7a7a110c0,2026-07-29,Human approved strict current cluster PC-015,PC-015
OFJE00643,APPROVE_CLUSTER_CURRENT,right,file:OFJE00643-auto-right.jpg,public/card-thumbnails/OFJE00643-auto-right.jpg,e7a2ab3a0fe06af707b4d9520ce2efe927f109e8595a910fd9402c6999f44480,2026-07-29,PC-021 exact-signature current image approved; outliers only reviewed,PC-021
OFJE00645,APPROVE_CLUSTER_CURRENT,right,file:OFJE00645-auto-right.jpg,public/card-thumbnails/OFJE00645-auto-right.jpg,7fa04836355e494a1003681367836139b1cf12ebfe1cd221d18f44e1d07ef2bf,2026-07-29,Human approved strict current cluster PC-015,PC-015
OFJE00646,CURRENT_OK,right,file:OFJE00646-auto-right.jpg,public/card-thumbnails/OFJE00646-auto-right.jpg,a6e7908dcd9b7906da0f7c9ed7ae46d781fbe762cb482dc5a2050d464b4cf55c,2026-07-28,Human approved current right image,
OFJE00653,CURRENT_OK,right,file:OFJE00653-auto-right.jpg,public/card-thumbnails/OFJE00653-auto-right.jpg,693f3f404cfd6d2aad4d0c840c34d1fcea1bb452bf91978e2ffea8eac0e9dc81,2026-07-28,Human approved current right image,
ONSG00108,APPROVE_CLUSTER_CURRENT,right,file:ONSG00108-auto-right.jpg,public/card-thumbnails/ONSG00108-auto-right.jpg,7409badaeea317414304b7c95e2bbeba683a62cb2c6fd47ccd90bc6196f805ad,2026-07-29,Human approved strict current cluster PC-015,PC-015
PBD00521,APPROVE_CLUSTER_CURRENT,right,file:PBD00521-auto-right.jpg,public/card-thumbnails/PBD00521-auto-right.jpg,808c7c5edd284bb470c7c43756df462c75244146bedc195ded1c1e3af3151385,2026-07-29,PC-021 exact-signature current image approved; outliers only reviewed,PC-021
PBD00522,APPROVE_CLUSTER_CURRENT,right,file:PBD00522-auto-right.jpg,public/card-thumbnails/PBD00522-auto-right.jpg,283ffbac9eddb907b7cfa45caa462f83e47697505fa5831782b4a18d645c6d9e,2026-07-29,PC-021 exact-signature current image approved; outliers only reviewed,PC-021
PPBD00321,APPROVE_CLUSTER_CURRENT,right,file:PPBD00321-auto-right.jpg,public/card-thumbnails/PPBD00321-auto-right.jpg,3584069685c2778d718ab7ed8066dd89e92d726ed081f79cbe27efb75bb2acf7,2026-07-29,PC-021 exact-signature current image approved; outliers only reviewed,PC-021
PPPE00422,APPROVE_CLUSTER_CURRENT,right,file:PPPE00422-auto-right.jpg,public/card-thumbnails/PPPE00422-auto-right.jpg,2f94b283a5cc7e41041dbe46a813af7680e42e03706c4a5ae6ebe3734f1f7d5f,2026-07-29,Human approved strict current cluster PC-016,PC-016
PPPE00426,APPROVE_CLUSTER_CURRENT,right,file:PPPE00426-auto-right.jpg,public/card-thumbnails/PPPE00426-auto-right.jpg,96bcb9602ab21bd81017c90a02b074da5fa13dc665aedd2369ce490d483e05ff,2026-07-29,Human approved strict current cluster PC-015,PC-015
PPPE00428,APPROVE_CLUSTER_CURRENT,right,file:PPPE00428-auto-right.jpg,public/card-thumbnails/PPPE00428-auto-right.jpg,79d5211142fea0bbad605ac053d484df0261b133fd574f488a120f79610c0b1c,2026-07-29,PC-021 exact-signature current image approved; outliers only reviewed,PC-021
PPPE00429,APPROVE_CLUSTER_CURRENT,right,file:PPPE00429-auto-right.jpg,public/card-thumbnails/PPPE00429-auto-right.jpg,000a4a39480063a68b3d8a308915913ce66d5f0b34a4bc08a5a3e405884554e9,2026-07-29,Human approved strict current cluster PC-015,PC-015
PPPE00430,APPROVE_CLUSTER_CURRENT,right,file:PPPE00430-auto-right.jpg,public/card-thumbnails/PPPE00430-auto-right.jpg,a38043716a73c605a55e29e133a21f400ff0bb18ed8c9aaa52e0523db6cabbca,2026-07-29,PC-021 exact-signature current image approved; outliers only reviewed,PC-021
PRED00870,APPROVE_CLUSTER_CURRENT,right,file:PRED00870-auto-right.jpg,public/card-thumbnails/PRED00870-auto-right.jpg,41306eee2293466db27efa3db428fc72a2f0790e5ac2c9410894579a3ed76ff0,2026-07-29,PC-021 exact-signature current image approved; outliers only reviewed,PC-021
PRED00878,APPROVE_CLUSTER_CURRENT,right,file:PRED00878-auto-right.jpg,public/card-thumbnails/PRED00878-auto-right.jpg,1c58fe8a034151701a0dea6cb935005a9f75fd1516d20cbe8b46d859d92b3282,2026-07-29,Human approved strict current cluster PC-015,PC-015
PRED00880,APPROVE_CLUSTER_CURRENT,right,file:PRED00880-auto-right.jpg,public/card-thumbnails/PRED00880-auto-right.jpg,a5b10af47bb1c6f6a1fb8b306e920635b4d9bccb5ae146da69f7b3a490bed0d9,2026-07-29,Human approved strict current cluster PC-015,PC-015
PRED00886,APPROVE_CLUSTER_CURRENT,right,file:PRED00886-auto-right.jpg,public/card-thumbnails/PRED00886-auto-right.jpg,03bdc780b795a36813466a2e296f2c8f27c60e9181ab6ef6b7b71a07d7635f66,2026-07-29,Human approved strict current cluster PC-019,PC-019
PRWF00014,APPROVE_CLUSTER_CURRENT,right,file:PRWF00014-auto-right.jpg,public/card-thumbnails/PRWF00014-auto-right.jpg,313e0fd76505cfced5e105eff718f9d8579b79e23e905138e2532b02fd63fc25,2026-07-29,PC-021 exact-signature current image approved; outliers only reviewed,PC-021
PXVR00457,APPLY_CLUSTER_SAMPLE_RULE_WITH_QUALITY_GATE,sample,url:https://pics.dmm.co.jp/digital/video/pxvr00457/pxvr00457jp-1.jpg,tmp/card-thumbnail-v3-dry-run/cache/adb76db1eaaf0883d931cfc52b6dfb0d1739cc4a.jpg,651eb24abfff23c8f69650696d307c4d7d0b4448963990182ec6629a24f50407,2026-07-29,Existing exact sample candidate retained under PC-029 quality gate,PC-029
PXVR00458,APPLY_CLUSTER_SAMPLE_RULE_WITH_QUALITY_GATE,sample,url:https://pics.dmm.co.jp/digital/video/pxvr00458/pxvr00458jp-1.jpg,tmp/card-thumbnail-v3-dry-run/cache/e5ca7374c395ae5835d8dbe05735654e11aaed0f.jpg,94cd5fe1ac31603491465070756d2d0d9e52fccd3d7fddfac18abbf051518814,2026-07-29,Existing exact sample candidate retained under PC-029 quality gate,PC-029
PXVR00459,APPLY_CLUSTER_SAMPLE_RULE_WITH_QUALITY_GATE,sample,url:https://pics.dmm.co.jp/digital/video/pxvr00459/pxvr00459jp-1.jpg,tmp/card-thumbnail-v3-dry-run/cache/2879e69c3eb6b8582592afea0d9047ad10bf2118.jpg,fca96a14b4f064f3388abb91704d4e354c15bb843d87ba1d8559c003cc814f83,2026-07-29,Existing exact sample candidate retained under PC-029 quality gate,PC-029
PXVR00460,APPLY_CLUSTER_SAMPLE_RULE_WITH_QUALITY_GATE,sample,url:https://pics.dmm.co.jp/digital/video/pxvr00460/pxvr00460jp-1.jpg,tmp/card-thumbnail-v3-dry-run/cache/8a4e827a4b660a2533d23cce88356834072ae972.jpg,62fa93ed2f3130c67571482266a151dc432b78655050eec7dd53c8410943a305,2026-07-29,Existing exact sample candidate retained under PC-029 quality gate,PC-029
PXVR00462,APPLY_CLUSTER_SAMPLE_RULE_WITH_QUALITY_GATE,sample,url:https://pics.dmm.co.jp/digital/video/pxvr00462/pxvr00462jp-1.jpg,tmp/card-thumbnail-v3-dry-run/cache/75d2f13b63346f246faa1a87b3650d0d507a808b.jpg,423b100dc9ef24e89136e99d288a5fce648424e2269689e950b23af62a14acaa,2026-07-29,Existing exact sample candidate retained under PC-029 quality gate,PC-029
PXVR00463,APPLY_CLUSTER_SAMPLE_RULE_WITH_QUALITY_GATE,sample,url:https://pics.dmm.co.jp/digital/video/pxvr00463/pxvr00463jp-1.jpg,tmp/card-thumbnail-v3-dry-run/cache/bf4c67b755005f2a52d5321ef5707e1d68c049d7.jpg,2bd1f5919074f649439c83407f557f3250e85eb564ec0b4fbeb6f2bb272eafe6,2026-07-29,Existing exact sample candidate retained under PC-029 quality gate,PC-029
PXVRG00006,APPLY_CLUSTER_SAMPLE_RULE_WITH_QUALITY_GATE,sample,url:https://pics.dmm.co.jp/digital/video/pxvrg00006/pxvrg00006jp-1.jpg,tmp/card-thumbnail-v3-dry-run/cache/84315915c44a5cc08f065af44c062215412551e1.jpg,dfc38594cfc5d8abcf074d5f1100625e30a5903b747bdd7d14b7a77d10ffbc6d,2026-07-29,Existing exact sample candidate retained under PC-029 quality gate,PC-029
PXVRW00007,APPLY_CLUSTER_SAMPLE_RULE_WITH_QUALITY_GATE,sample,url:https://pics.dmm.co.jp/digital/video/pxvrw00007/pxvrw00007jp-1.jpg,tmp/card-thumbnail-v3-dry-run/cache/adac36f04c792f535bda3d406609dcb6f0d853b9.jpg,652f3142944562f89282ec0eb96288c1d61150d155efba64cc7ae571e9e54880,2026-07-29,Existing exact sample candidate retained under PC-029 quality gate,PC-029
RBB00340,APPROVE_CLUSTER_CURRENT,right,file:RBB00340-auto-right.jpg,public/card-thumbnails/RBB00340-auto-right.jpg,397d1c2762917fe23febae9db294b65db03a92a72503cccc41779744b8b8dd5d,2026-07-29,PC-021 exact-signature current image approved; outliers only reviewed,PC-021
REAL00998,APPROVE_CLUSTER_CURRENT,right,file:REAL00998-auto-right.jpg,public/card-thumbnails/REAL00998-auto-right.jpg,6ea3974e0621ab435b8a6d1011611e5cd2b2edceecd0e1ab09c843f9f75a144d,2026-07-29,Human approved strict current cluster PC-014,PC-014
REAL00999,APPROVE_CLUSTER_CURRENT,right,file:REAL00999-auto-right.jpg,public/card-thumbnails/REAL00999-auto-right.jpg,b9afb7a87562ff06525b35628056723e37ef487301ba5c638e53d5d08f857600,2026-07-29,Human approved strict current cluster PC-015,PC-015
RKI00749,APPROVE_CLUSTER_CURRENT,right,file:RKI00749-auto-right.jpg,public/card-thumbnails/RKI00749-auto-right.jpg,b08ee2403d9a6174f17b9fc30a445e80693878628903a7058149b794dae4e1a8,2026-07-29,Human approved strict current cluster PC-015,PC-015
RKI00751,APPROVE_CLUSTER_CURRENT,right,file:RKI00751-auto-right.jpg,public/card-thumbnails/RKI00751-auto-right.jpg,07b84e3a7bbb4fd84f200b97649fe0c99af7e11db02d20069891ad017c815248,2026-07-29,Human approved strict current cluster PC-015,PC-015
RKI00753,APPROVE_CLUSTER_CURRENT,right,file:RKI00753-auto-right.jpg,public/card-thumbnails/RKI00753-auto-right.jpg,c685f115eedf2b6efed653c048ddd044b01ca7ceafed57ad502ad376ee359e00,2026-07-29,Human approved strict current cluster PC-022,PC-022
RKI00760,APPROVE_CLUSTER_CURRENT,right,file:RKI00760-auto-right.jpg,public/card-thumbnails/RKI00760-auto-right.jpg,1115669ea0e1113e03f7ffe918ad826d0dda13bb360b09ceb95e2b3e2031280a,2026-07-29,Human approved strict current cluster PC-015,PC-015
ROE00512,APPROVE_CLUSTER_CURRENT,right,file:ROE00512-auto-right.jpg,public/card-thumbnails/ROE00512-auto-right.jpg,2f7c8284996ad22df778c226daf07e670821433595a4064afe91dc846fe538b6,2026-07-29,PC-021 exact-signature current image approved; outliers only reviewed,PC-021
ROE00513,APPROVE_CLUSTER_CURRENT,right,file:ROE00513-auto-right.jpg,public/card-thumbnails/ROE00513-auto-right.jpg,37962b6284fef7f24565caf1404a5d30fdd605f109d19db55864d337f31324ae,2026-07-29,PC-021 exact-signature current image approved; outliers only reviewed,PC-021
ROE00514,APPLY_CLUSTER_SAMPLE_RULE_WITH_QUALITY_GATE,sample,url:https://pics.dmm.co.jp/digital/video/roe00514/roe00514jp-1.jpg,tmp/card-thumbnail-v3-dry-run/cache/1484e3a7c11e97c4f39024837eff50081fab15d9.jpg,5f4f2e36ff0c8064efe76be17d0cb7cdd3b16f0f5790720fa9b35facbd25a758,2026-07-29,Existing exact sample candidate retained under PC-032 quality gate,PC-032
ROE00515,CURRENT_OK,right,dvd:right,public/card-thumbnails/ROE00515-right-v4.jpg,048048ef9d6223d546c47434ed68abe84d89a27631f9ddf040f2aa19738ec07f,2026-07-28,Human approved current right image,
ROE00517,CURRENT_OK,right,file:ROE00517-auto-right.jpg,public/card-thumbnails/ROE00517-auto-right.jpg,c3ec18b6e1f0a77d67d9ad52017114b490645418564fdb27877f085c80eb9994,2026-07-29,Human approved current image in final exception review,FINAL-EXCEPTION-CURRENT-2026-07-29
ROE00520,CURRENT_OK,right,dvd:right,public/card-thumbnails/ROE00520-right-v4.jpg,8dd597407f3f60c1e31c973f6ec1ed9113b2e96c8a60ce87f95fc74578debe07,2026-07-28,Human approved current right image,
ROE00524,APPROVE_CLUSTER_CURRENT,right,file:ROE00524-auto-right.jpg,public/card-thumbnails/ROE00524-auto-right.jpg,a7967bdb0596f4382d101f796dc2e17540fcc290e4725f4ce515898a388504aa,2026-07-29,PC-021 exact-signature current image approved; outliers only reviewed,PC-021
ROE00525,APPROVE_CLUSTER_CURRENT,right,file:ROE00525-auto-right.jpg,public/card-thumbnails/ROE00525-auto-right.jpg,6ad87deeee401c89481e8cf143c16af4bb2913e56889b69f05f1dd7bdf62b785,2026-07-29,PC-021 exact-signature current image approved; outliers only reviewed,PC-021
ROEB00020,APPROVE_CLUSTER_CURRENT,right,file:ROEB00020-auto-right.jpg,public/card-thumbnails/ROEB00020-auto-right.jpg,05674eb29050aeee83d41d6518ebc386fee32c755b07d8a3761265e5902f51c3,2026-07-29,PC-021 exact-signature current image approved; outliers only reviewed,PC-021
ROYD00331,APPROVE_CLUSTER_CURRENT,right,file:ROYD00331-auto-right.jpg,public/card-thumbnails/ROYD00331-auto-right.jpg,5bb06d16980b41988c8e59dfe6a91a4308ca1a1ec3ee6cf251c90352d045b210,2026-07-29,PC-021 exact-signature current image approved; outliers only reviewed,PC-021
ROYD00334,APPROVE_CLUSTER_CURRENT,right,file:ROYD00334-auto-right.jpg,public/card-thumbnails/ROYD00334-auto-right.jpg,30e55deb368fad8b559103a54beebe11bbeb57431eb27e5fdb894542d9039c1b,2026-07-29,Human approved strict current cluster PC-015,PC-015
ROYD00335,CURRENT_OK,right,file:ROYD00335-auto-right.jpg,public/card-thumbnails/ROYD00335-auto-right.jpg,f00c69ac70b04caf08166c5e3ab09b3f233626f3daebccc585874ab24f577de9,2026-07-29,Human approved current image in final exception review,FINAL-EXCEPTION-CURRENT-2026-07-29
ROYD00336,APPROVE_CLUSTER_CURRENT,right,file:ROYD00336-auto-right.jpg,public/card-thumbnails/ROYD00336-auto-right.jpg,45b853bb324a4169652fe40341d86f3877c92f4cd915478f2132b67d595f47e9,2026-07-29,Human approved strict current cluster PC-015,PC-015
RROY00020,APPROVE_CLUSTER_CURRENT,right,file:RROY00020-auto-right.jpg,public/card-thumbnails/RROY00020-auto-right.jpg,da45cc15725645eb45da16107a13eb2a0bd8d2b387b3b5e6a62d6fd6b5b46878,2026-07-29,PC-021 exact-signature current image approved; outliers only reviewed,PC-021
SAVR01091,APPLY_CLUSTER_SAMPLE_RULE_WITH_QUALITY_GATE,sample,url:https://pics.dmm.co.jp/digital/video/savr01091/savr01091jp-1.jpg,tmp/card-thumbnail-v3-dry-run/cache/580d337af4333b8df3cdb90b03964c3998901744.jpg,00cb050bd3fe9063def17aecdbcd7da8ae1cfcfbb848a66bd9971364bd117fbc,2026-07-29,Existing exact sample candidate retained under PC-029 quality gate,PC-029
SAVR01109,CURRENT_OK,sample,url:https://pics.dmm.co.jp/digital/video/savr01109/savr01109jp-1.jpg,tmp/card-thumbnail-v2-dry-run/cache/25a31ad218c434222b8e0b8bcd20a14db3ccdb3b.jpg,bf1a57ee2e4525b1317da3e406d0019d00689202d3505ab6d337125e38164275,2026-07-29,Human approved current image,
SAVR01116,APPLY_CLUSTER_SAMPLE_RULE_WITH_QUALITY_GATE,sample,url:https://pics.dmm.co.jp/digital/video/savr01116/savr01116jp-1.jpg,tmp/card-thumbnail-v2-dry-run/cache/ea29eab85a57ae14309c870e7975b75a80ce492a.jpg,a41235e03bfaca2e1f469f058123e976dd03830cd70db8b0c62637642ca8418e,2026-07-29,Existing exact sample candidate retained under PC-029 quality gate,PC-029
SAVR01117,APPLY_CLUSTER_SAMPLE_RULE_WITH_QUALITY_GATE,sample,url:https://pics.dmm.co.jp/digital/video/savr01117/savr01117jp-1.jpg,tmp/card-thumbnail-v2-dry-run/cache/ca12ad0eb2990071a4b2404bd4540ad11352de4c.jpg,a9203ebfa0d97c2aa6c60520b0a5cc3083d62cface81091f03e4e492ad28a817,2026-07-29,Existing exact sample candidate retained under PC-029 quality gate,PC-029
SAVR01118,CURRENT_OK,sample,url:https://pics.dmm.co.jp/digital/video/savr01118/savr01118jp-1.jpg,tmp/card-thumbnail-v3-dry-run/cache/d3752c33f6d85b9f1c5e7ccfc4f955c26103ae8e.jpg,5fd83bee6fdaa5887d7ba22d183a177fedd0a27c3a98ea3f51b18a8be81c1708,2026-07-28,Human approved current sample image,
SAVR01120,APPLY_CLUSTER_SAMPLE_RULE_WITH_QUALITY_GATE,sample,url:https://pics.dmm.co.jp/digital/video/savr01120/savr01120jp-1.jpg,tmp/card-thumbnail-v3-dry-run/cache/cae0da3605b121960c3b33ecec3f0edd9dea772b.jpg,ee2ef54dc3d165b9ac1df0f37708f5a5a777daaf27e6b86ba659ef4852ada34d,2026-07-29,Existing exact sample candidate retained under PC-029 quality gate,PC-029
SAVR01121,APPLY_CLUSTER_SAMPLE_RULE_WITH_QUALITY_GATE,sample,url:https://pics.dmm.co.jp/digital/video/savr01121/savr01121jp-1.jpg,tmp/card-thumbnail-v2-dry-run/cache/97266ce5f5784385ec49c9dbfd79712457ec4c74.jpg,fb42ac45df5efc8179dbaee7d85a6b9a335f4e98886087ccf38d27da7ff6587a,2026-07-29,Existing exact sample candidate retained under PC-031 quality gate,PC-031
SAVR01125,APPROVE_CLUSTER_CURRENT,right,file:SAVR01125-auto-right.jpg,public/card-thumbnails/SAVR01125-auto-right.jpg,5d8f98c831f879f531b8ff6a6dfff5e3e186247ea35e4099423a7ef4dfcc97bb,2026-07-29,Human approved strict current cluster PC-015,PC-015
SAVR01126,APPLY_CLUSTER_SAMPLE_RULE_WITH_QUALITY_GATE,sample,url:https://pics.dmm.co.jp/digital/video/savr01126/savr01126jp-1.jpg,tmp/card-thumbnail-v3-dry-run/cache/d832263d28e6d8704c82eeddbf951d0daf279589.jpg,74fec82722900e0b3f80cd8bb519edcac1456d92784a6284c3be516416c232e3,2026-07-29,Existing exact sample candidate retained under PC-029 quality gate,PC-029
SAVR01127,APPLY_CLUSTER_SAMPLE_RULE_WITH_QUALITY_GATE,sample,url:https://pics.dmm.co.jp/digital/video/savr01127/savr01127jp-1.jpg,tmp/card-thumbnail-v3-dry-run/cache/2b85f811741e524d2c4e68e7745b1a84db7349b5.jpg,530f22ede13c526952604f0c9cd0cd0fe0bee53d126203da712face310674326,2026-07-29,Existing exact sample candidate retained under PC-029 quality gate,PC-029
SAVR01128,APPLY_CLUSTER_SAMPLE_RULE_WITH_QUALITY_GATE,sample,url:https://pics.dmm.co.jp/digital/video/savr01128/savr01128jp-1.jpg,tmp/card-thumbnail-v3-dry-run/cache/4fe952d2ee7a59d491fe6f601f960ba74006c56c.jpg,cb4459357fea42bf653803f66b0f75fcc4a070398fdb5ed374373180df4d18dc,2026-07-29,Existing exact sample candidate retained under PC-029 quality gate,PC-029
SAVR01129,CURRENT_OK,right,file:SAVR01129-auto-right.jpg,public/card-thumbnails/SAVR01129-auto-right.jpg,7dc3950846ee0e0aca4355eb4bb7d364f3bf000ac6d924737d03c95ca76b27a1,2026-07-29,Human approved current image in final exception review,FINAL-EXCEPTION-CURRENT-2026-07-29
SAVR01131,APPLY_CLUSTER_SAMPLE_RULE_WITH_QUALITY_GATE,sample,url:https://pics.dmm.co.jp/digital/video/savr01131/savr01131jp-1.jpg,tmp/card-thumbnail-v3-dry-run/cache/8b6eb9f73e9bd4ce3af4a4d75e1b3634440ac669.jpg,34fec45945b1fa843b313db694034a49aeb1a39598fa438b72904d233fe6733a,2026-07-29,Existing exact sample candidate retained under PC-029 quality gate,PC-029
SAVR01135,APPLY_CLUSTER_SAMPLE_RULE_WITH_QUALITY_GATE,sample,url:https://pics.dmm.co.jp/digital/video/savr01135/savr01135jp-1.jpg,tmp/card-thumbnail-v3-dry-run/cache/d660a759a1d4c4a881cc2d66eececc1168aec781.jpg,746eb97a740daa3cdee45f2b543fbfcf7e20d1dd914b8ae8c49527ef2c2e2b84,2026-07-29,Existing exact sample candidate retained under PC-029 quality gate,PC-029
SAVR01136,APPLY_CLUSTER_SAMPLE_RULE_WITH_QUALITY_GATE,sample,url:https://pics.dmm.co.jp/digital/video/savr01136/savr01136jp-1.jpg,tmp/card-thumbnail-v3-dry-run/cache/cbccbdb0f0f04e52e62941a872d0f6dbb5642379.jpg,25f98bf9cb7f7df8c1c18b4fab1e3bc05f9d91e7d67b7becb28aa052cf1e1c98,2026-07-29,Existing exact sample candidate retained under PC-029 quality gate,PC-029
SAVR01138,APPLY_CLUSTER_SAMPLE_RULE_WITH_QUALITY_GATE,sample,url:https://pics.dmm.co.jp/digital/video/savr01138/savr01138jp-1.jpg,tmp/card-thumbnail-v3-dry-run/cache/8a9feb1fa335c730820d674aa8b4950e6038660c.jpg,2479be27f6d9a399fcf3111c33f6828e6502b82815f1eebbccb0aaa25fa7c8f8,2026-07-29,Existing exact sample candidate retained under PC-029 quality gate,PC-029
SCD00251,APPROVE_CLUSTER_CURRENT,right,file:SCD00251-auto-right.jpg,public/card-thumbnails/SCD00251-auto-right.jpg,7172f8695d5b7add79dc1c884cf17e8ff107516ff30054fc80665316886f9622,2026-07-29,Human approved strict current cluster PC-012,PC-012
SITW00054,APPROVE_CLUSTER_CURRENT,right,file:SITW00054-auto-right.jpg,public/card-thumbnails/SITW00054-auto-right.jpg,55b8fb3dd32abfd85f70851237c74a245b4504bb289d5ff26d4cb7149c63c285,2026-07-29,Human approved strict current cluster PC-015,PC-015
SIVR00493,APPLY_CLUSTER_SAMPLE_RULE_WITH_QUALITY_GATE,sample,url:https://pics.dmm.co.jp/digital/video/sivr00493/sivr00493jp-1.jpg,tmp/card-thumbnail-v3-dry-run/cache/155ab24bc2c31d9b542f9ee8c6b11cb897dec9a9.jpg,678a32bf9993e896b58ad9cd16d783aa7e7c4192d3b325923873578405a20a19,2026-07-29,Existing exact sample candidate retained under PC-029 quality gate,PC-029
SIVR00496,CURRENT_OK,sample,url:https://pics.dmm.co.jp/digital/video/sivr00496/sivr00496jp-1.jpg,tmp/card-thumbnail-v3-dry-run/cache/24acf9a87a23643d3ff9631a0a59f839de034bb2.jpg,3fd6ebd1a1cd2943895def0857a3e843c07122a27777bb056eb4458515f6eaf5,2026-07-28,Human approved current sample image,
SKMN00031,APPROVE_CLUSTER_CURRENT,right,file:SKMN00031-auto-right.jpg,public/card-thumbnails/SKMN00031-auto-right.jpg,1b5fdd996f73cf5f027c2b44916dc5498b3721c395b3816ab27c201c3b67f3ca,2026-07-29,PC-021 exact-signature current image approved; outliers only reviewed,PC-021
SMOM00008,APPROVE_CLUSTER_CURRENT,right,file:SMOM00008-auto-right.jpg,public/card-thumbnails/SMOM00008-auto-right.jpg,1313934453b3e68b8e4475e6901fa5dad0e455674a96ff77988826d6893081cd,2026-07-29,Human approved strict current cluster PC-015,PC-015
SNOS-183,APPLY_CLUSTER_SAMPLE_RULE_WITH_QUALITY_GATE,sample,url:https://pics.dmm.co.jp/digital/video/snos00183/snos00183jp-1.jpg,tmp/card-thumbnail-v2-dry-run/cache/265780b4ec4152e1d2a1b638a447ae59b4f7b3ab.jpg,b93963d46ea2c9e60b2b6e75730ffdc345fb9032b1767fc5adb651b233bfa646,2026-07-29,Existing exact sample candidate retained under PC-031 quality gate,PC-031
SNOS-209,APPLY_CLUSTER_SAMPLE_RULE_WITH_QUALITY_GATE,sample,url:https://pics.dmm.co.jp/digital/video/snos00209/snos00209jp-1.jpg,tmp/card-thumbnail-v2-dry-run/cache/4730eaa185276ba559900b5493354082058c9560.jpg,c195313061dfcbb1f5caad94a9333e1e01fcad20cb81a5226b549262e371b51d,2026-07-29,Existing exact sample candidate retained under PC-031 quality gate,PC-031
SNOS-218,APPROVE_CLUSTER_CURRENT,right,file:SNOS-218-auto-right.jpg,public/card-thumbnails/SNOS-218-auto-right.jpg,325cb6e92a3f6e45f49e9a2afcfd3c6281bdd1f0854c55f8a701e0ed78527dd1,2026-07-29,Human approved strict current cluster PC-016,PC-016
SNOS00249,APPROVE_CLUSTER_CURRENT,right,file:SNOS00249-auto-right.jpg,public/card-thumbnails/SNOS00249-auto-right.jpg,d3af472728964620cabbf41ee86119576837f5ba0dbd17a4fcd55f658649c712,2026-07-29,PC-021 exact-signature current image approved; outliers only reviewed,PC-021
SNOS00252,APPROVE_CLUSTER_CURRENT,right,file:SNOS00252-auto-right.jpg,public/card-thumbnails/SNOS00252-auto-right.jpg,04af28f9acc1cf11a05decdc5dc8718b1f69724794cf53338054f0251bae2b9e,2026-07-29,Human approved strict current cluster PC-019,PC-019
SNOS00261,CURRENT_OK,right,file:SNOS00261-auto-right.jpg,public/card-thumbnails/SNOS00261-auto-right.jpg,8cd070ee01d21c9652ae0fd85eeee175258c37a60c606f89f6a798bacaf1d530,2026-07-28,Human approved current right image,
SNOS00269,APPROVE_CLUSTER_CURRENT,right,file:SNOS00269-auto-right.jpg,public/card-thumbnails/SNOS00269-auto-right.jpg,72682478d1e79a517998bca2ada186c8c8406fe6866a640a936490f19091d5be,2026-07-29,PC-021 exact-signature current image approved; outliers only reviewed,PC-021
SNOS00274,APPROVE_CLUSTER_CURRENT,right,file:SNOS00274-auto-right.jpg,public/card-thumbnails/SNOS00274-auto-right.jpg,d2075cba1deb9866391dc871bacec5986537a0a82ce70d15f71ad2ee26bbc912,2026-07-29,PC-021 exact-signature current image approved; outliers only reviewed,PC-021
SNOS00276,APPROVE_CLUSTER_CURRENT,right,file:SNOS00276-auto-right.jpg,public/card-thumbnails/SNOS00276-auto-right.jpg,c5b531be75c9077d23652f50c29f508126181fed057dc3c5d4776f4bbdfff662,2026-07-29,Human approved strict current cluster PC-025,PC-025
SNOS00279,APPROVE_CLUSTER_CURRENT,right,file:SNOS00279-auto-right.jpg,public/card-thumbnails/SNOS00279-auto-right.jpg,5c6561de30569de81da0846eaaef6368f73900a4367228bac0d9ae00288f537c,2026-07-29,Human approved strict current cluster PC-015,PC-015
SNOS00281,APPROVE_CLUSTER_CURRENT,right,file:SNOS00281-auto-right.jpg,public/card-thumbnails/SNOS00281-auto-right.jpg,de7a8ac77016e225d2e937929000fe9e98ea4f5cd295d2594e525624e3773d87,2026-07-29,Human approved strict current cluster PC-015,PC-015
SNOS00289,CURRENT_OK,right,file:SNOS00289-auto-right.jpg,public/card-thumbnails/SNOS00289-auto-right.jpg,f785b7b208df945fe597a1a89775e526d69e8aa0288e31594ccf7cfb821048e6,2026-07-28,Human approved current right image,
SNOS00294,APPROVE_CLUSTER_CURRENT,right,file:SNOS00294-auto-right.jpg,public/card-thumbnails/SNOS00294-auto-right.jpg,5ab49fa0fa4e0ef1842ae072ca730d0783693d33fd5cfdd73c37285de96f50c3,2026-07-29,Human approved strict current cluster PC-015,PC-015
SNOS00295,APPROVE_CLUSTER_CURRENT,right,file:SNOS00295-auto-right.jpg,public/card-thumbnails/SNOS00295-auto-right.jpg,7611c30d84a024596684512f1a0423057cf5a0d6a4708892921af14eed970f29,2026-07-29,Human approved strict current cluster PC-015,PC-015
SNOS00300,CURRENT_OK,right,file:SNOS00300-auto-right.jpg,public/card-thumbnails/SNOS00300-auto-right.jpg,70fd2b47b2bedb334afdada6043deb272fef93cdee02cefeca0328f88ca93c48,2026-07-29,Human approved current image in final exception review,FINAL-EXCEPTION-CURRENT-2026-07-29
SNOS00314,APPROVE_CLUSTER_CURRENT,right,file:SNOS00314-auto-right.jpg,public/card-thumbnails/SNOS00314-auto-right.jpg,6ecf52877ca2047dd945f9783fe1e3fbc54bce69909046aa3b5cc9ef4b0638c5,2026-07-29,Human approved strict current cluster PC-025,PC-025
SNOS00316,APPROVE_CLUSTER_CURRENT,right,file:SNOS00316-auto-right.jpg,public/card-thumbnails/SNOS00316-auto-right.jpg,c6487471956f59d51907708355fe90370a2f4fed189ea0a4629fbdc540246012,2026-07-29,Human approved strict current cluster PC-022,PC-022
SNOS00320,APPROVE_CLUSTER_CURRENT,right,file:SNOS00320-auto-right.jpg,public/card-thumbnails/SNOS00320-auto-right.jpg,d038c3e61de379cf2f21e0d4b3ce8f12dbb13f55bbe15107a5bf4a4ed6e51cea,2026-07-29,Human approved strict current cluster PC-022,PC-022
SNOS00324,APPROVE_CLUSTER_CURRENT,right,file:SNOS00324-auto-right.jpg,public/card-thumbnails/SNOS00324-auto-right.jpg,5ddf9d092e2d4131381521e925af37b10ef1a432ac4727d3c5f82a93a2429eb7,2026-07-29,Human approved strict current cluster PC-018,PC-018
SNOS00325,APPROVE_CLUSTER_CURRENT,right,file:SNOS00325-auto-right.jpg,public/card-thumbnails/SNOS00325-auto-right.jpg,c7b9af0db899aeb8950d44b17168a3c21e1ac1f09b7adf3e6f912786ccd23fea,2026-07-29,Human approved strict current cluster PC-015,PC-015
SNOS00326,APPROVE_CLUSTER_CURRENT,right,file:SNOS00326-auto-right.jpg,public/card-thumbnails/SNOS00326-auto-right.jpg,cd6a7ca21ee74cc469ae66e16f638d3a1bfb72523b832a925a7b9a283e822a01,2026-07-29,Human approved strict current cluster PC-015,PC-015
SNOS00370,APPLY_CLUSTER_SAMPLE_RULE_WITH_QUALITY_GATE,sample,url:https://pics.dmm.co.jp/digital/video/snos00370/snos00370jp-1.jpg,tmp/card-thumbnail-v2-dry-run/cache/a7b7a25b843cf60b53238cb28ed6db8608d846c3.jpg,387e8b229a9e3054c7215c4549ba578cddec0ab82b69babd96eb80b1ddfcba12,2026-07-29,Existing exact sample candidate retained under PC-029 quality gate,PC-029
SQTE00700,APPROVE_CLUSTER_CURRENT,right,file:SQTE00700-auto-right.jpg,public/card-thumbnails/SQTE00700-auto-right.jpg,d39de864646c364ecea83f1fc7585878f48a1029215b10082c054af9eabaf258,2026-07-29,Human approved strict current cluster PC-015,PC-015
SQTE00702,APPROVE_CLUSTER_CURRENT,right,file:SQTE00702-auto-right.jpg,public/card-thumbnails/SQTE00702-auto-right.jpg,69707739d87ed3b0d1f286397bde1dc047ca3a9fd02d5060e770a456acbc296d,2026-07-29,Human approved strict current cluster PC-015,PC-015
SQTE00703,APPROVE_CLUSTER_CURRENT,right,file:SQTE00703-auto-right.jpg,public/card-thumbnails/SQTE00703-auto-right.jpg,21c6ed1107ad0b37c64b5a4b2611c0d06dbbeb49c42d4303a7d5ea180d40cf22,2026-07-29,Human approved strict current cluster PC-015,PC-015
SUJI00313,APPROVE_CLUSTER_CURRENT,right,file:SUJI00313-auto-right.jpg,public/card-thumbnails/SUJI00313-auto-right.jpg,52635743050661807fd3c74c88a9506101ec4c059a2b2ed08f41535219ca316e,2026-07-29,Human approved strict current cluster PC-015,PC-015
SUJI00314,APPROVE_CLUSTER_CURRENT,right,file:SUJI00314-auto-right.jpg,public/card-thumbnails/SUJI00314-auto-right.jpg,d30972cbedc472f24a09ea8872938a99bb0c45444540cd74065345cf9831fd07,2026-07-29,Human approved strict current cluster PC-015,PC-015
SYKH00197,APPROVE_CLUSTER_CURRENT,right,file:SYKH00197-auto-right.jpg,public/card-thumbnails/SYKH00197-auto-right.jpg,e7c68f77956280981a404500f56c25cd0c4896686854d06261b5aa98e24ba8bc,2026-07-29,Human approved strict current cluster PC-015,PC-015
TCD00340,APPROVE_CLUSTER_CURRENT,right,file:TCD00340-auto-right.jpg,public/card-thumbnails/TCD00340-auto-right.jpg,c71e3a96fc0044f2a834505b42276f059bff1c0825184feccbac08b8bc9c54bb,2026-07-29,Human approved strict current cluster PC-015,PC-015
TCD00341,APPROVE_CLUSTER_CURRENT,right,file:TCD00341-auto-right.jpg,public/card-thumbnails/TCD00341-auto-right.jpg,feb1e2faf6866b97bb8ca337864bcc8c05f162c1a3f27b2da11eca856d965f89,2026-07-29,Human approved strict current cluster PC-015,PC-015
TCD00343,CURRENT_OK,right,file:TCD00343-auto-right.jpg,public/card-thumbnails/TCD00343-auto-right.jpg,1d0246d1939ac62461ef6cc8c4e0507975e83069a483a5eb3277eae1c464df3d,2026-07-29,Human approved current image,
TIKB00224,APPROVE_CLUSTER_CURRENT,right,file:TIKB00224-auto-right.jpg,public/card-thumbnails/TIKB00224-auto-right.jpg,21207f623ef61c4647468fd7e0966159c27c1c2fc2013a6f76e8093739ee051f,2026-07-29,Human approved strict current cluster PC-015,PC-015
TKD00071,APPROVE_CLUSTER_CURRENT,right,file:TKD00071-auto-right.jpg,public/card-thumbnails/TKD00071-auto-right.jpg,ea9aaeb2328253aba160dc4ee955d48ed655a6a358b035c55be78ce8f9e1e9fd,2026-07-29,Human approved strict current cluster PC-012,PC-012
UMAN00007,APPROVE_CLUSTER_CURRENT,right,file:UMAN00007-auto-right.jpg,public/card-thumbnails/UMAN00007-auto-right.jpg,c6cf6e39a807c6774051de54c004189275e929da8511b3e1f0ec6a266986b1e7,2026-07-29,Human approved strict current cluster PC-015,PC-015
UMAN00008,APPROVE_CLUSTER_CURRENT,right,file:UMAN00008-auto-right.jpg,public/card-thumbnails/UMAN00008-auto-right.jpg,bc39b98334b89fac9d56420dcf27313d2758b06b0759f279b9bfcab2acc92333,2026-07-29,Human approved strict current cluster PC-015,PC-015
UMAN00009,APPROVE_CLUSTER_CURRENT,right,file:UMAN00009-auto-right.jpg,public/card-thumbnails/UMAN00009-auto-right.jpg,53c2225f6791a05829d6121cfa0f138c8f33287200061a8fe12932e907020d56,2026-07-29,Human approved strict current cluster PC-016,PC-016
UMSO00649,APPLY_CLUSTER_SAMPLE_RULE_WITH_QUALITY_GATE,sample,url:https://pics.dmm.co.jp/digital/video/umso00649/umso00649jp-1.jpg,tmp/card-thumbnail-v2-dry-run/cache/31cbdb17f6c03bed79f2a8d0bdc8e59f0938e0bb.jpg,331260ba0ed310433918069cd31ba17623950b416923453d22f22f8ea9bfc4a1,2026-07-29,Existing exact sample candidate retained under PC-029 quality gate,PC-029
UMSO00650,APPLY_CLUSTER_SAMPLE_RULE_WITH_QUALITY_GATE,sample,url:https://pics.dmm.co.jp/digital/video/umso00650/umso00650jp-1.jpg,tmp/card-thumbnail-v2-dry-run/cache/25c72bbe5c31d32af7b9fbcaddc6a23170d1c8c6.jpg,03bf532f7aae96fc466c825558af559ff6ac30aa61c0ce285b77bda84ad4fb21,2026-07-29,Existing exact sample candidate retained under PC-029 quality gate,PC-029
UMSO00651,APPLY_CLUSTER_SAMPLE_RULE_WITH_QUALITY_GATE,sample,url:https://pics.dmm.co.jp/digital/video/umso00651/umso00651jp-1.jpg,tmp/card-thumbnail-v2-dry-run/cache/dedc27d61712f1c14096a7da420f6c4a01a1fac5.jpg,83272a5229396179668d44aef3d45e78675c5b1ef3bcaaf5a23ce2f8be1d7fbf,2026-07-29,Existing exact sample candidate retained under PC-029 quality gate,PC-029
URVRSP00579,APPROVE_CLUSTER_CURRENT,right,file:URVRSP00579-auto-right.jpg,public/card-thumbnails/URVRSP00579-auto-right.jpg,bf5dc1158fb2305fef9f41feecb0ccbb3fed9cf8fa47bcc5af6820263631ff96,2026-07-29,Human approved strict current cluster PC-015,PC-015
URVRSP00581,APPLY_CLUSTER_SAMPLE_RULE_WITH_QUALITY_GATE,sample,url:https://pics.dmm.co.jp/digital/video/urvrsp00581/urvrsp00581jp-1.jpg,tmp/card-thumbnail-v3-dry-run/cache/a2400111f216faa94f8335a2fc46745c10a7e4f5.jpg,9df737829d4d530b81dc343b593a1abea0467f042300c339c05f71e436af7746,2026-07-29,Existing exact sample candidate retained under PC-029 quality gate,PC-029
URVRSP00590,APPLY_CLUSTER_SAMPLE_RULE_WITH_QUALITY_GATE,sample,url:https://pics.dmm.co.jp/digital/video/urvrsp00590/urvrsp00590jp-1.jpg,tmp/card-thumbnail-v3-dry-run/cache/5487cfcc6f5b6dcea9d4ca3d8766272e7e7ea5d6.jpg,bac076622823b8c82310f821624b37873d1736d288badaa31dc80ae7a960852e,2026-07-29,Existing exact sample candidate retained under PC-029 quality gate,PC-029
URVRSP00593,APPLY_CLUSTER_SAMPLE_RULE_WITH_QUALITY_GATE,sample,url:https://pics.dmm.co.jp/digital/video/urvrsp00593/urvrsp00593jp-1.jpg,tmp/card-thumbnail-v3-dry-run/cache/3aed87558f8deb9f4ea329b56429571bd07653da.jpg,aebcb026f632fee65155df3316333d1a8a2f84b68fb2f0614c6e957254879bca,2026-07-29,Existing exact sample candidate retained under PC-029 quality gate,PC-029
URVRSP00594,APPLY_CLUSTER_SAMPLE_RULE_WITH_QUALITY_GATE,sample,url:https://pics.dmm.co.jp/digital/video/urvrsp00594/urvrsp00594jp-1.jpg,tmp/card-thumbnail-v3-dry-run/cache/14e1d7a2f2f9fadb6301dd7ab510bab256edf325.jpg,618550dffae721be8e2cd4500580bc048094b6fa8beb991538365a8805752e40,2026-07-29,Existing exact sample candidate retained under PC-029 quality gate,PC-029
USBA00090,APPROVE_CLUSTER_CURRENT,right,file:USBA00090-auto-right.jpg,public/card-thumbnails/USBA00090-auto-right.jpg,fb22334482f416dc474d0b24d70d7cbc71d73b5c233b80414b162e2ab4d14cbf,2026-07-29,PC-021 exact-signature current image approved; outliers only reviewed,PC-021
UZU00039,APPLY_CLUSTER_SAMPLE_RULE_WITH_QUALITY_GATE,sample,url:https://pics.dmm.co.jp/digital/video/uzu00039/uzu00039jp-1.jpg,tmp/card-thumbnail-v2-dry-run/cache/d5a6f4b59038dc018e80511b4778ab1fae52e390.jpg,11ee1bc6d02480b9f475faad09180d20666d4e214dbc29fea152d4795af025e1,2026-07-29,Existing exact sample candidate retained under PC-029 quality gate,PC-029
VENX00376,APPROVE_CLUSTER_CURRENT,right,file:VENX00376-auto-right.jpg,public/card-thumbnails/VENX00376-auto-right.jpg,cd3ae3b2652a03439d8552e5dbd7c9c8cdaac8105376210f7d2651ec75b0be66,2026-07-29,Human approved strict current cluster PC-015,PC-015
VENX00377,APPROVE_CLUSTER_CURRENT,right,file:VENX00377-auto-right.jpg,public/card-thumbnails/VENX00377-auto-right.jpg,26e40ed39ac7689f544a61cfdfcc99ead015b6d927322a0aa2753f1588ba8d20,2026-07-29,Human approved strict current cluster PC-015,PC-015
VENX00378,APPROVE_CLUSTER_CURRENT,right,file:VENX00378-auto-right.jpg,public/card-thumbnails/VENX00378-auto-right.jpg,45b7e4c098ecd623eeebc6a2d60ddda28317df3a467547b9350426e7057c8be1,2026-07-29,Human approved strict current cluster PC-015,PC-015
VOD00060,APPROVE_CLUSTER_CURRENT,right,file:VOD00060-auto-right.jpg,public/card-thumbnails/VOD00060-auto-right.jpg,f1abfb92a9c5cc1427f67ba93b0dd9137fc58ea47d438aa9cc126d3e425c27bf,2026-07-29,Human approved strict current cluster PC-015,PC-015
VRKM01829,APPLY_CLUSTER_SAMPLE_RULE_WITH_QUALITY_GATE,sample,url:https://pics.dmm.co.jp/digital/video/vrkm01829/vrkm01829jp-1.jpg,tmp/card-thumbnail-v2-dry-run/cache/f9525c6fb272bcb28ede8a3d1e21704630597ded.jpg,496688270eff6c16330d264f716d6c237f15f42818efc2fda6713ec7a3bfda66,2026-07-29,Existing exact sample candidate retained under PC-029 quality gate,PC-029
VRKM01831,CURRENT_OK,right,file:VRKM01831-auto-right.jpg,public/card-thumbnails/VRKM01831-auto-right.jpg,ea555e9c1fdd4450fa8ebbaa57abe74f8e46319001109be69c5dbcb98ff2c036,2026-07-29,Human approved current image in final exception review,FINAL-EXCEPTION-CURRENT-2026-07-29
VRKM01833,APPLY_CLUSTER_SAMPLE_RULE_WITH_QUALITY_GATE,sample,url:https://pics.dmm.co.jp/digital/video/vrkm01833/vrkm01833jp-1.jpg,tmp/card-thumbnail-v2-dry-run/cache/4d685830cfc88463ed5ad5a00fc363c93fff8a60.jpg,7d8109306dc5c47a18e137f39c2cb9e698447fc6f5fbf00afc9b666be1928897,2026-07-29,Existing exact sample candidate retained under PC-029 quality gate,PC-029
VRKM01834,APPLY_CLUSTER_SAMPLE_RULE_WITH_QUALITY_GATE,sample,url:https://pics.dmm.co.jp/digital/video/vrkm01834/vrkm01834jp-1.jpg,tmp/card-thumbnail-v3-dry-run/cache/7c0bc9096d6287fa33832d38ec5aebc22224c087.jpg,64c6a2e4c549e8b2de266fb4b161c7e7c441900db162fdeafe4f78253afb133f,2026-07-29,Existing exact sample candidate retained under PC-029 quality gate,PC-029
VRKM01835,APPLY_CLUSTER_SAMPLE_RULE_WITH_QUALITY_GATE,sample,url:https://pics.dmm.co.jp/digital/video/vrkm01835/vrkm01835jp-1.jpg,tmp/card-thumbnail-v3-dry-run/cache/5337887a02f213c4bfddc7b120db1da6a43c189c.jpg,ec6dce6b8d0f658c30dad1ce71c29e61367df1c31e2d059bb0884d0d38fcb5f7,2026-07-29,Existing exact sample candidate retained under PC-029 quality gate,PC-029
VRKM01837,APPLY_CLUSTER_SAMPLE_RULE_WITH_QUALITY_GATE,sample,url:https://pics.dmm.co.jp/digital/video/vrkm01837/vrkm01837jp-1.jpg,tmp/card-thumbnail-v3-dry-run/cache/d6974bcda9eef0b1e9ca4d9b0813ce7b2fafa841.jpg,d022961ae8866c94588ea1d8cafc89a08a84d46b72e1897382b3e253f3dbfb8b,2026-07-29,Existing exact sample candidate retained under PC-029 quality gate,PC-029
VRKM01839,APPLY_CLUSTER_SAMPLE_RULE_WITH_QUALITY_GATE,sample,url:https://pics.dmm.co.jp/digital/video/vrkm01839/vrkm01839jp-1.jpg,tmp/card-thumbnail-v3-dry-run/cache/63e4b4b29c29d81825e15aadf6d5ccca871fe538.jpg,5288f81ed0c6665a157811516040f174fab804aa61b75f3c1553350dcdb7bd75,2026-07-29,Existing exact sample candidate retained under PC-029 quality gate,PC-029
VRKM01840,APPLY_CLUSTER_SAMPLE_RULE_WITH_QUALITY_GATE,sample,url:https://pics.dmm.co.jp/digital/video/vrkm01840/vrkm01840jp-1.jpg,tmp/card-thumbnail-v3-dry-run/cache/ca0a579f27d4dabf397b16884811e97066f12220.jpg,25b3bab2f1a26117d5fc368e2873bb25e4211baf3d9099b9d058fff333576469,2026-07-29,Existing exact sample candidate retained under PC-029 quality gate,PC-029
VRKM01841,APPLY_CLUSTER_SAMPLE_RULE_WITH_QUALITY_GATE,sample,url:https://pics.dmm.co.jp/digital/video/vrkm01841/vrkm01841jp-1.jpg,tmp/card-thumbnail-v3-dry-run/cache/7c1c4a61bb425348c5e4fcf2fd7f055b00c71e98.jpg,d36dec6f0e7f30a292e0134d1c50789539f98f771ec6f450a1101adbe95e8a6e,2026-07-29,Existing exact sample candidate retained under PC-029 quality gate,PC-029
VRKM01845,APPLY_CLUSTER_SAMPLE_RULE_WITH_QUALITY_GATE,sample,url:https://pics.dmm.co.jp/digital/video/vrkm01845/vrkm01845jp-1.jpg,tmp/card-thumbnail-v3-dry-run/cache/c9f25020506d9ca9dc4893caf9a23f6a7fb0e466.jpg,260d111f019f5b1d293475f685cad64e9d8b4550e3a13fb63ccec7d9b38a2a29,2026-07-29,Existing exact sample candidate retained under PC-029 quality gate,PC-029
VRKM01846,APPLY_CLUSTER_SAMPLE_RULE_WITH_QUALITY_GATE,sample,url:https://pics.dmm.co.jp/digital/video/vrkm01846/vrkm01846jp-1.jpg,tmp/card-thumbnail-v2-dry-run/cache/85b66fe224b38a7739bee234d866816e374f83cf.jpg,91b8e54f8957058124fdcbda5246970f9e68a8a7e48cab86dcf4cbf867a39269,2026-07-29,Existing exact sample candidate retained under PC-029 quality gate,PC-029
VRKM01847,APPLY_CLUSTER_SAMPLE_RULE_WITH_QUALITY_GATE,sample,url:https://pics.dmm.co.jp/digital/video/vrkm01847/vrkm01847jp-1.jpg,tmp/card-thumbnail-v2-dry-run/cache/96545d3826e89f41f7b9f3351834028531935057.jpg,539a1a9c30dd2001b1f5fd344bcef9cd423d95cc3a86331aca1feabc6a9cf6db,2026-07-29,Existing exact sample candidate retained under PC-029 quality gate,PC-029
VRKM01852,APPLY_CLUSTER_SAMPLE_RULE_WITH_QUALITY_GATE,sample,url:https://pics.dmm.co.jp/digital/video/vrkm01852/vrkm01852jp-1.jpg,tmp/card-thumbnail-v2-dry-run/cache/d974d018d547faac0ed4f95cc79ed88378c7409b.jpg,41d7c2a84bb2a6284227b5ea97f5282db45b97a51bf415359f0c2424d357924b,2026-07-29,Existing exact sample candidate retained under PC-029 quality gate,PC-029
VRKM01857,APPROVE_CLUSTER_CURRENT,sample,url:https://pics.dmm.co.jp/digital/video/vrkm01857/vrkm01857jp-1.jpg,tmp/card-thumbnail-v2-dry-run/cache/cd67d6d12a9c54dab35dec0dd614b4ee827a89ba.jpg,9d5030d1d5d1b493018af60e42b670fda792b8d682682419b150d8c015bbbb8a,2026-07-29,Human approved strict current cluster PC-027,PC-027
VRKM01862,CURRENT_OK,right,file:VRKM01862-auto-right.jpg,public/card-thumbnails/VRKM01862-auto-right.jpg,e0e86e2be5b2e6a88cc7cd34abcc062a97f9e50fe8d025745e87682f97231c7a,2026-07-29,Human approved current image in final exception review,FINAL-EXCEPTION-CURRENT-2026-07-29
VRKM01867,APPLY_CLUSTER_SAMPLE_RULE_WITH_QUALITY_GATE,sample,url:https://pics.dmm.co.jp/digital/video/vrkm01867/vrkm01867jp-1.jpg,tmp/card-thumbnail-v3-dry-run/cache/1ea2e8eecc7733d481bfe404df33de14fac56a4a.jpg,b686e02a74262c4869b9978f04908d4c9f31f61090ded75cecd40f0f909f987f,2026-07-29,Existing exact sample candidate retained under PC-029 quality gate,PC-029
VRKM01868,APPLY_CLUSTER_SAMPLE_RULE_WITH_QUALITY_GATE,sample,url:https://pics.dmm.co.jp/digital/video/vrkm01868/vrkm01868jp-1.jpg,tmp/card-thumbnail-v2-dry-run/cache/1524fbe0055260bea3d8c795a61beae46c58b2c1.jpg,b215a44b45e85804c1d0bd3586d11793061f588589f0b833d4cdce3e93522e4f,2026-07-29,Existing exact sample candidate retained under PC-029 quality gate,PC-029
VRKM01869,APPLY_CLUSTER_SAMPLE_RULE_WITH_QUALITY_GATE,sample,url:https://pics.dmm.co.jp/digital/video/vrkm01869/vrkm01869jp-1.jpg,tmp/card-thumbnail-v2-dry-run/cache/882b0f815d287261e8b20dba425871bd787029bc.jpg,77113974855186064a5c695f39089c3021de4935b4b8a667b8e52ebf26603783,2026-07-29,Existing exact sample candidate retained under PC-029 quality gate,PC-029
VRPRD00194,APPLY_CLUSTER_SAMPLE_RULE_WITH_QUALITY_GATE,sample,url:https://pics.dmm.co.jp/digital/video/vrprd00194/vrprd00194jp-1.jpg,tmp/card-thumbnail-v3-dry-run/cache/8948d1fe65f4bfeb965df11087f77d7a5c9fde82.jpg,3c9008b281a4eb9ef044db3756aa7b6229093362a278c7935f3054bfc2e71916,2026-07-29,Existing exact sample candidate retained under PC-029 quality gate,PC-029
VRPRD00198,APPLY_CLUSTER_SAMPLE_RULE_WITH_QUALITY_GATE,sample,url:https://pics.dmm.co.jp/digital/video/vrprd00198/vrprd00198jp-1.jpg,tmp/card-thumbnail-v2-dry-run/cache/122620c2c689ff9f4c3ebd79d477ac4f183aea99.jpg,47c56d7f62d0ac006099fe17a8700732ea560330491e4d9860536e7ef3e50bd4,2026-07-29,Existing exact sample candidate retained under PC-029 quality gate,PC-029
YMDS00301,CURRENT_OK,full,url:https://pics.dmm.co.jp/digital/video/ymds00301/ymds00301pl.jpg,tmp/card-thumbnail-v2-dry-run/cache/9c4d663c941f3f7419f5d48b5d7a4c50d4619d9d.jpg,d8484409a5d3ef0db7c9b1cc613c68dd55b6ad83ac57c1de91662d5222f29c34,2026-07-29,Human approved current image,
YMDS00302,APPROVE_CLUSTER_CURRENT,right,file:YMDS00302-auto-right.jpg,public/card-thumbnails/YMDS00302-auto-right.jpg,f5063c3415c8c4c5d270dc49e6dc81c922048e0d6c04bd9451c4f37e913d59e0,2026-07-29,PC-021 exact-signature current image approved; outliers only reviewed,PC-021
